kind,hr,con,ra,dec,x,y,z,x2,y2,z2,size,r,g,b
star,3,Psc,1.3337,-5.7075,0.0232,0.5976,0.8015,0.0000,0.0000,0.0000,306.3078,0.1897,0.1769,0.1667
star,15,And,2.0971,29.0906,0.0320,0.0330,0.9989,0.0000,0.0000,0.0000,551.0082,0.5382,0.5622,0.6138
star,21,Cas,2.2946,59.1497,0.0205,-0.4720,0.8814,0.0000,0.0000,0.0000,524.9985,0.5368,0.5392,0.5572
star,25,Phe,2.3529,-45.7475,0.0286,0.9731,0.2287,0.0000,0.0000,0.0000,362.3748,0.2655,0.2479,0.2337
star,33,Cet,2.8163,-15.4681,0.0474,0.7244,0.6878,0.0000,0.0000,0.0000,287.1825,0.1667,0.1661,0.1646
star,39,Peg,3.3092,15.1836,0.0557,0.2717,0.9608,0.0000,0.0000,0.0000,461.4855,0.3696,0.3894,0.4305
star,45,Peg,3.6508,20.2067,0.0598,0.1863,0.9807,0.0000,0.0000,0.0000,293.1960,0.1738,0.1543,0.1384
star,48,Cet,3.6600,-18.9328,0.0604,0.7643,0.6420,0.0000,0.0000,0.0000,318.5356,0.2051,0.1808,0.1607
star,63,And,4.2729,38.6817,0.0582,-0.1348,0.9892,0.0000,0.0000,0.0000,306.3078,0.1714,0.1769,0.1897
star,68,And,4.5821,36.7853,0.0640,-0.1021,0.9927,0.0000,0.0000,0.0000,312.7217,0.1783,0.1842,0.1977
star,74,Cet,4.8571,-8.8239,0.0837,0.6386,0.7650,0.0000,0.0000,0.0000,390.0839,0.3076,0.2819,0.2612
star,77,Tuc,5.0179,-64.8747,0.0371,0.9939,-0.1037,0.0000,0.0000,0.0000,334.3167,0.2259,0.2224,0.2185
star,98,Hyi,6.4379,-77.2542,0.0247,0.9490,-0.3144,0.0000,0.0000,0.0000,464.6843,0.4365,0.4274,0.4183
star,99,Phe,6.5708,-42.3061,0.0846,0.9554,0.2831,0.0000,0.0000,0.0000,510.6908,0.5272,0.4893,0.4589
star,100,Phe,6.5508,-43.6800,0.0825,0.9620,0.2602,0.0000,0.0000,0.0000,357.4029,0.2384,0.2439,0.2582
star,105,Scl,6.9821,-33.0072,0.1019,0.8956,0.4329,0.0000,0.0000,0.0000,292.5217,0.1730,0.1527,0.1360
star,123,Cas,7.9433,54.5222,0.0802,-0.4020,0.9121,0.0000,0.0000,0.0000,297.9600,0.1577,0.1646,0.1795
star,125,Phe,7.8542,-48.8036,0.0900,0.9810,0.1717,0.0000,0.0000,0.0000,295.2283,0.1581,0.1636,0.1762
star,126,Tuc,7.8863,-62.9581,0.0624,0.9954,-0.0727,0.0000,0.0000,0.0000,323.7114,0.1870,0.1949,0.2118
star,127,Tuc,7.8900,-62.9658,0.0624,0.9954,-0.0728,0.0000,0.0000,0.0000,311.2849,0.1801,0.1845,0.1959
star,130,Cas,8.2500,62.9317,0.0653,-0.5313,0.8446,0.0000,0.0000,0.0000,339.7489,0.2141,0.2196,0.2333
star,153,Cas,9.2429,53.8969,0.0946,-0.3930,0.9146,0.0000,0.0000,0.0000,381.2045,0.2536,0.2666,0.2938
star,154,And,9.2204,33.7194,0.1333,-0.0530,0.9897,0.0000,0.0000,0.0000,324.4577,0.1856,0.1943,0.2128
star,163,And,9.6387,29.3117,0.1460,0.0231,0.9890,0.0000,0.0000,0.0000,323.7114,0.2118,0.2013,0.1926
star,165,And,9.8321,30.8608,0.1466,-0.0041,0.9892,0.0000,0.0000,0.0000,417.0211,0.3516,0.3203,0.2952
star,168,Cas,10.1271,56.5372,0.0970,-0.4355,0.8949,0.0000,0.0000,0.0000,529.8562,0.5675,0.5226,0.4864
star,179,Cas,10.5162,50.5125,0.1161,-0.3395,0.9334,0.0000,0.0000,0.0000,293.1960,0.1524,0.1592,0.1738
star,180,Phe,10.3317,-46.0850,0.1244,0.9689,0.2139,0.0000,0.0000,0.0000,307.7216,0.1914,0.1799,0.1706
star,184,Cas,10.8671,47.0247,0.1285,-0.2823,0.9507,0.0000,0.0000,0.0000,283.8952,0.1507,0.1541,0.1629
star,188,Cet,10.8975,-17.9867,0.1798,0.7457,0.6415,0.0000,0.0000,0.0000,553.5515,0.6194,0.5791,0.5465
star,191,Phe,10.8383,-57.4631,0.1011,0.9947,0.0186,0.0000,0.0000,0.0000,324.4577,0.1902,0.1972,0.2128
star,193,Cas,11.1812,48.2844,0.1290,-0.3036,0.9440,0.0000,0.0000,0.0000,311.2849,0.1730,0.1802,0.1959
star,194,Cet,11.0475,-10.6094,0.1883,0.6547,0.7321,0.0000,0.0000,0.0000,295.9089,0.1770,0.1656,0.1565
star,215,And,11.8346,24.2672,0.1870,0.1073,0.9765,0.0000,0.0000,0.0000,347.6626,0.2443,0.2261,0.2114
star,219,Cas,12.2750,57.8158,0.1132,-0.4574,0.8820,0.0000,0.0000,0.0000,401.0126,0.3251,0.3204,0.3150
star,223,Cas,12.2088,50.9683,0.1332,-0.3488,0.9277,0.0000,0.0000,0.0000,287.1825,0.1462,0.1527,0.1667
star,224,Psc,12.1708,7.5850,0.2090,0.3859,0.8986,0.0000,0.0000,0.0000,319.2699,0.2061,0.1841,0.1661
star,226,And,12.4533,41.0789,0.1626,-0.1841,0.9694,0.0000,0.0000,0.0000,312.0025,0.1714,0.1795,0.1968
star,244,,13.2671,61.1242,0.1108,-0.5085,0.8539,0.0000,0.0000,0.0000,291.8489,0.1722,0.1706,0.1684
star,248,Cet,13.2521,-1.1442,0.2292,0.5183,0.8239,0.0000,0.0000,0.0000,295.2283,0.1762,0.1564,0.1403
star,253,Cas,13.7504,58.9728,0.1225,-0.4767,0.8705,0.0000,0.0000,0.0000,291.1776,0.1714,0.1572,0.1458
star,264,Cas,14.1771,60.7167,0.1198,-0.5034,0.8557,0.0000,0.0000,0.0000,501.3696,0.4425,0.4636,0.5082
star,265,Cas,14.1658,59.1811,0.1254,-0.4803,0.8681,0.0000,0.0000,0.0000,304.9004,0.1879,0.1768,0.1678
star,269,And,14.1883,38.4994,0.1918,-0.1428,0.9710,0.0000,0.0000,0.0000,363.2102,0.2442,0.2507,0.2667
star,271,And,14.3017,23.4175,0.2267,0.1173,0.9669,0.0000,0.0000,0.0000,320.0059,0.2070,0.1952,0.1856
star,280,Scl,14.6517,-29.3575,0.2205,0.8545,0.4703,0.0000,0.0000,0.0000,328.2147,0.1893,0.1985,0.2178
star,285,,17.1863,86.2569,0.0193,-0.8232,0.5674,0.0000,0.0000,0.0000,332.7806,0.2239,0.2053,0.1904
star,294,Psc,15.7358,7.8900,0.2686,0.3734,0.8879,0.0000,0.0000,0.0000,330.4898,0.2208,0.2077,0.1971
star,322,Phe,16.5208,-46.7186,0.1950,0.9625,0.1885,0.0000,0.0000,0.0000,413.1978,0.3451,0.3272,0.3125
star,334,Cet,17.1475,-10.1822,0.2902,0.6359,0.7151,0.0000,0.0000,0.0000,400.0903,0.3236,0.2982,0.2779
star,335,And,17.3758,47.2419,0.2027,-0.2957,0.9335,0.0000,0.0000,0.0000,332.7806,0.1977,0.2059,0.2239
star,337,And,17.4329,35.6206,0.2435,-0.0998,0.9647,0.0000,0.0000,0.0000,551.0082,0.6138,0.5445,0.4878
star,338,Phe,17.0963,-55.2458,0.1676,0.9849,0.0439,0.0000,0.0000,0.0000,359.0526,0.2297,0.2395,0.2606
star,343,Cas,17.7758,55.1497,0.1745,-0.4232,0.8891,0.0000,0.0000,0.0000,326.7067,0.1992,0.2038,0.2158
star,351,Psc,17.8633,21.0347,0.2863,0.1499,0.9463,0.0000,0.0000,0.0000,302.8015,0.1854,0.1731,0.1632
star,352,Psc,17.9150,30.0897,0.2662,-0.0057,0.9639,0.0000,0.0000,0.0000,313.4426,0.1986,0.1843,0.1729
star,360,Psc,18.4371,24.5836,0.2876,0.0877,0.9537,0.0000,0.0000,0.0000,303.4995,0.1862,0.1737,0.1636
star,370,Phe,18.7963,-45.5314,0.2257,0.9533,0.2009,0.0000,0.0000,0.0000,282.5908,0.1614,0.1589,0.1561
star,377,Tuc,18.9421,-68.8761,0.1170,0.9751,-0.1882,0.0000,0.0000,0.0000,289.1732,0.1690,0.1689,0.1676
star,382,Cas,20.0204,58.2317,0.1802,-0.4740,0.8619,0.0000,0.0000,0.0000,281.2924,0.1600,0.1554,0.1513
star,383,Psc,19.8667,27.2642,0.3021,0.0379,0.9525,0.0000,0.0000,0.0000,295.9089,0.1591,0.1645,0.1770
star,390,And,20.5850,45.5289,0.2463,-0.2739,0.9297,0.0000,0.0000,0.0000,287.8446,0.1675,0.1556,0.1461
star,399,Cas,21.4833,68.1300,0.1364,-0.6170,0.7751,0.0000,0.0000,0.0000,297.2748,0.1786,0.1665,0.1567
star,402,Cet,21.0058,-8.1833,0.3548,0.5979,0.7187,0.0000,0.0000,0.0000,386.5076,0.3020,0.2811,0.2644
star,403,Cas,21.4542,60.2353,0.1816,-0.5061,0.8431,0.0000,0.0000,0.0000,477.7031,0.4225,0.4336,0.4613
star,412,Cet,21.4050,-14.5989,0.3532,0.6801,0.6425,0.0000,0.0000,0.0000,286.5220,0.1660,0.1519,0.1406
star,417,And,21.9142,45.4067,0.2620,-0.2749,0.9251,0.0000,0.0000,0.0000,291.1776,0.1700,0.1687,0.1714
star,424,UMi,37.9529,89.2642,0.0079,-0.8519,0.5237,0.0000,0.0000,0.0000,556.1066,0.6252,0.6137,0.6018
star,429,Phe,22.0913,-43.3183,0.2736,0.9353,0.2245,0.0000,0.0000,0.0000,403.7923,0.3296,0.2927,0.2624
star,434,Psc,22.5463,6.1439,0.3812,0.3812,0.8422,0.0000,0.0000,0.0000,290.5080,0.1706,0.1542,0.1409
star,437,Psc,22.8708,15.3458,0.3748,0.2308,0.8979,0.0000,0.0000,0.0000,384.7318,0.2992,0.2812,0.2666
star,440,Phe,22.8129,-49.0728,0.2540,0.9586,0.1285,0.0000,0.0000,0.0000,356.5809,0.2570,0.2410,0.2281
star,442,Cas,23.4829,59.2319,0.2038,-0.4949,0.8447,0.0000,0.0000,0.0000,299.3354,0.1811,0.1697,0.1604
star,458,And,24.1992,41.4056,0.3075,-0.2146,0.9271,0.0000,0.0000,0.0000,345.2694,0.2410,0.2384,0.2351
star,464,And,24.4983,48.6283,0.2741,-0.3335,0.9020,0.0000,0.0000,0.0000,389.1867,0.3062,0.2790,0.2571
star,469,And,24.8375,44.3861,0.3002,-0.2656,0.9162,0.0000,0.0000,0.0000,281.2924,0.1600,0.1516,0.1448
star,472,Eri,24.4288,-57.2367,0.2238,0.9746,-0.0108,0.0000,0.0000,0.0000,796.4491,1.1147,1.1686,1.2823
star,477,And,25.1450,40.5769,0.3227,-0.2034,0.9244,0.0000,0.0000,0.0000,283.8952,0.1434,0.1496,0.1629
star,483,,25.4467,42.6136,0.3162,-0.2381,0.9183,0.0000,0.0000,0.0000,283.2422,0.1622,0.1588,0.1554
star,489,Psc,25.3579,5.4875,0.4263,0.3813,0.8203,0.0000,0.0000,0.0000,318.5356,0.2051,0.1855,0.1697
star,496,Per,25.9150,50.6886,0.2769,-0.3697,0.8869,0.0000,0.0000,0.0000,346.8630,0.2159,0.2244,0.2432
star,500,,25.6812,-3.6903,0.4325,0.5184,0.7377,0.0000,0.0000,0.0000,280.6455,0.1592,0.1437,0.1312
star,509,Cet,26.0171,-15.9375,0.4218,0.6804,0.5993,0.0000,0.0000,0.0000,395.5105,0.3162,0.3058,0.2966
star,510,Psc,26.3483,9.1578,0.4382,0.3192,0.8403,0.0000,0.0000,0.0000,332.0152,0.2228,0.2096,0.1989
star,531,Cet,27.3962,-10.6864,0.4522,0.6083,0.6523,0.0000,0.0000,0.0000,302.1051,0.1772,0.1782,0.1845
star,539,Cet,27.8650,-10.3350,0.4598,0.6017,0.6531,0.0000,0.0000,0.0000,375.1095,0.2844,0.2627,0.2452
star,542,Cas,28.5987,63.6700,0.2123,-0.5677,0.7954,0.0000,0.0000,0.0000,406.5913,0.2910,0.3049,0.3342
star,544,Tri,28.2704,29.5789,0.4119,-0.0286,0.9108,0.0000,0.0000,0.0000,403.7923,0.3296,0.3284,0.3253
star,545,Ari,28.3825,19.2958,0.4487,0.1444,0.8820,0.0000,0.0000,0.0000,291.1776,0.1714,0.1682,0.1650
star,546,Ari,28.3825,19.2936,0.4487,0.1445,0.8820,0.0000,0.0000,0.0000,296.5910,0.1578,0.1641,0.1778
star,548,Cas,29.0000,68.6853,0.1762,-0.6348,0.7523,0.0000,0.0000,0.0000,280.6455,0.1399,0.1460,0.1592
star,549,Psc,28.3887,3.1875,0.4747,0.4047,0.7816,0.0000,0.0000,0.0000,305.6033,0.1888,0.1780,0.1692
star,553,Ari,28.6600,20.8081,0.4483,0.1180,0.8861,0.0000,0.0000,0.0000,482.1232,0.4303,0.4416,0.4699
star,555,Phe,28.4117,-46.3025,0.3287,0.9327,0.1485,0.0000,0.0000,0.0000,320.7436,0.2080,0.1843,0.1650
star,565,Cet,29.1675,-22.5269,0.4502,0.7438,0.4940,0.0000,0.0000,0.0000,289.8398,0.1698,0.1528,0.1389
star,566,Eri,28.9896,-51.6089,0.3010,0.9516,0.0619,0.0000,0.0000,0.0000,377.7096,0.2884,0.2746,0.2632
star,569,Ari,29.4821,23.5961,0.4510,0.0677,0.8899,0.0000,0.0000,0.0000,293.8719,0.1654,0.1673,0.1746
star,570,Hyi,28.7337,-67.6472,0.1828,0.9645,-0.1905,0.0000,0.0000,0.0000,300.7170,0.1828,0.1722,0.1635
star,574,,29.2917,-47.3850,0.3313,0.9349,0.1271,0.0000,0.0000,0.0000,291.1776,0.1714,0.1627,0.1555
star,575,Cas,30.4892,70.9069,0.1660,-0.6648,0.7283,0.0000,0.0000,0.0000,311.2849,0.1805,0.1848,0.1959
star,580,Cas,30.8587,72.4214,0.1549,-0.6836,0.7132,0.0000,0.0000,0.0000,354.1262,0.2262,0.2347,0.2535
star,585,Cet,30.0013,-21.0778,0.4666,0.7245,0.5074,0.0000,0.0000,0.0000,352.4991,0.2512,0.2230,0.2000
star,591,Hyi,29.6925,-61.5697,0.2358,0.9668,-0.0984,0.0000,0.0000,0.0000,458.3086,0.4022,0.4070,0.4246
star,596,Psc,30.5117,2.7636,0.5071,0.4019,0.7624,0.0000,0.0000,0.0000,326.7067,0.1939,0.2006,0.2158
star,603,And,30.9750,42.3297,0.3805,-0.2508,0.8901,0.0000,0.0000,0.0000,526.2087,0.5598,0.5058,0.4622
star,604,And,30.9779,42.3308,0.3805,-0.2508,0.8901,0.0000,0.0000,0.0000,290.5080,0.1533,0.1586,0.1706
star,612,For,31.1225,-29.2969,0.4508,0.8040,0.3879,0.0000,0.0000,0.0000,300.7170,0.1586,0.1664,0.1828
star,617,Ari,31.7933,23.4625,0.4833,0.0603,0.8734,0.0000,0.0000,0.0000,558.6734,0.6310,0.5821,0.5429
star,620,And,32.1221,37.8592,0.4198,-0.1817,0.8892,0.0000,0.0000,0.0000,291.8489,0.1574,0.1617,0.1722
star,622,Tri,32.3858,34.9872,0.4388,-0.1352,0.8884,0.0000,0.0000,0.0000,443.7701,0.3653,0.3746,0.3981
star,623,Ari,32.3554,25.9397,0.4813,0.0163,0.8764,0.0000,0.0000,0.0000,281.2924,0.1536,0.1545,0.1600
star,642,Tri,33.0929,30.3031,0.4714,-0.0600,0.8799,0.0000,0.0000,0.0000,283.8952,0.1629,0.1564,0.1509
star,643,And,33.3054,44.2317,0.3934,-0.2895,0.8726,0.0000,0.0000,0.0000,291.1776,0.1714,0.1534,0.1387
star,649,Cet,33.2500,8.8467,0.5418,0.2938,0.7875,0.0000,0.0000,0.0000,323.7114,0.2118,0.2008,0.1918
star,660,Tri,34.2633,34.2242,0.4655,-0.1301,0.8754,0.0000,0.0000,0.0000,288.5081,0.1683,0.1650,0.1616
star,664,Tri,34.3287,33.8472,0.4684,-0.1242,0.8748,0.0000,0.0000,0.0000,351.6884,0.2243,0.2322,0.2500
star,674,Eri,34.1275,-51.5122,0.3492,0.9363,0.0384,0.0000,0.0000,0.0000,390.0839,0.2693,0.2815,0.3076
star,681,Cet,34.8362,-2.9775,0.5705,0.4667,0.6758,0.0000,0.0000,0.0000,439.7016,0.3908,0.3516,0.3198
star,699,And,36.4058,50.2786,0.3793,-0.3944,0.8370,0.0000,0.0000,0.0000,299.3354,0.1811,0.1614,0.1453
star,705,Hyi,35.4371,-68.6594,0.2110,0.9511,-0.2256,0.0000,0.0000,0.0000,345.2694,0.2166,0.2240,0.2410
star,707,Cas,37.2667,67.4025,0.2327,-0.6339,0.7376,0.0000,0.0000,0.0000,312.7217,0.1807,0.1856,0.1977
star,708,Cet,36.4875,-12.2906,0.5810,0.5871,0.5637,0.0000,0.0000,0.0000,287.1825,0.1482,0.1540,0.1667
star,718,Cet,37.0396,8.4600,0.5958,0.2805,0.7525,0.0000,0.0000,0.0000,330.4898,0.1953,0.2033,0.2208
star,721,Eri,36.7463,-47.7039,0.4026,0.9118,0.0813,0.0000,0.0000,0.0000,332.7806,0.1953,0.2044,0.2239
star,740,Cet,38.0217,-15.2447,0.5943,0.6168,0.5161,0.0000,0.0000,0.0000,296.5910,0.1778,0.1764,0.1778
star,749,For,38.4612,-28.2325,0.5480,0.7608,0.3477,0.0000,0.0000,0.0000,286.5220,0.1470,0.1530,0.1660
star,754,Cet,38.9688,5.5933,0.6259,0.3150,0.7135,0.0000,0.0000,0.0000,289.1732,0.1690,0.1606,0.1537
star,779,Cet,39.8708,0.3286,0.6410,0.3904,0.6608,0.0000,0.0000,0.0000,346.8630,0.2092,0.2202,0.2432
star,781,Cet,39.8908,-11.8722,0.6276,0.5631,0.5376,0.0000,0.0000,0.0000,290.5080,0.1706,0.1692,0.1706
star,788,Per,40.5621,40.1939,0.4967,-0.2543,0.8298,0.0000,0.0000,0.0000,285.8631,0.1652,0.1624,0.1594
star,789,,39.9500,-42.8917,0.4704,0.8727,0.1309,0.0000,0.0000,0.0000,296.5910,0.1607,0.1658,0.1778
star,794,Eri,40.1667,-39.8556,0.4952,0.8515,0.1728,0.0000,0.0000,0.0000,343.6830,0.2388,0.2232,0.2107
star,799,Per,41.0500,49.2283,0.4289,-0.3955,0.8122,0.0000,0.0000,0.0000,342.8925,0.2377,0.2368,0.2346
star,801,Ari,40.8629,27.7072,0.5792,-0.0537,0.8134,0.0000,0.0000,0.0000,302.8015,0.1620,0.1694,0.1854
star,804,Cet,40.8250,3.2358,0.6527,0.3407,0.6767,0.0000,0.0000,0.0000,398.2521,0.2914,0.3000,0.3206
star,806,Hyi,39.8975,-68.2669,0.2375,0.9426,-0.2349,0.0000,0.0000,0.0000,343.6830,0.2112,0.2199,0.2388
star,811,Cet,41.0308,-13.8586,0.6374,0.5825,0.5044,0.0000,0.0000,0.0000,332.7806,0.1953,0.2044,0.2239
star,813,Cet,41.2354,10.1142,0.6489,0.2308,0.7250,0.0000,0.0000,0.0000,331.2516,0.2118,0.2136,0.2218
star,818,Eri,41.2758,-18.5725,0.6253,0.6399,0.4466,0.0000,0.0000,0.0000,316.3429,0.2023,0.2018,0.2001
star,824,Ari,41.9771,29.2472,0.5836,-0.0847,0.8076,0.0000,0.0000,0.0000,313.4426,0.1986,0.1840,0.1722
star,834,Per,42.6742,55.8956,0.3801,-0.4974,0.7798,0.0000,0.0000,0.0000,372.5272,0.2805,0.2468,0.2190
star,837,Hyi,41.3858,-67.6167,0.2518,0.9397,-0.2313,0.0000,0.0000,0.0000,290.5080,0.1542,0.1591,0.1706
star,838,Ari,42.4958,27.2606,0.6005,-0.0550,0.7977,0.0000,0.0000,0.0000,383.8469,0.2616,0.2731,0.2979
star,840,Per,42.6463,38.3186,0.5315,-0.2342,0.8140,0.0000,0.0000,0.0000,334.3167,0.2177,0.2187,0.2259
star,841,For,42.2725,-32.4058,0.5679,0.7811,0.2595,0.0000,0.0000,0.0000,317.0721,0.2032,0.1906,0.1804
star,843,Per,42.8783,35.0597,0.5570,-0.1834,0.8100,0.0000,0.0000,0.0000,312.0025,0.1968,0.1749,0.1570
star,850,Eri,42.7596,-21.0042,0.6338,0.6603,0.4029,0.0000,0.0000,0.0000,296.5910,0.1778,0.1682,0.1604
star,854,Per,43.5646,52.7625,0.4170,-0.4566,0.7859,0.0000,0.0000,0.0000,356.5809,0.2570,0.2479,0.2400
star,868,,43.4704,-49.8903,0.4432,0.8964,0.0069,0.0000,0.0000,0.0000,352.4991,0.2512,0.2156,0.1853
star,872,Hyi,42.6187,-75.0669,0.1745,0.9259,-0.3351,0.0000,0.0000,0.0000,296.5910,0.1778,0.1613,0.1479
star,874,Eri,44.1071,-8.8981,0.6876,0.4980,0.5284,0.0000,0.0000,0.0000,361.5414,0.2642,0.2448,0.2291
star,879,Per,44.6904,39.6628,0.5414,-0.2652,0.7978,0.0000,0.0000,0.0000,300.0254,0.1644,0.1697,0.1820
star,882,Per,44.7654,35.1831,0.5756,-0.1950,0.7942,0.0000,0.0000,0.0000,284.5496,0.1637,0.1498,0.1387
star,887,Ari,44.8029,21.3403,0.6564,0.0285,0.7539,0.0000,0.0000,0.0000,304.9004,0.1692,0.1749,0.1879
star,888,Ari,44.8029,21.3403,0.6564,0.0285,0.7539,0.0000,0.0000,0.0000,304.9004,0.1692,0.1749,0.1879
star,896,Cet,44.9288,8.9075,0.6977,0.2275,0.6793,0.0000,0.0000,0.0000,300.0254,0.1593,0.1665,0.1820
star,897,Eri,44.5654,-40.3047,0.5351,0.8343,0.1326,0.0000,0.0000,0.0000,419.9118,0.3271,0.3354,0.3565
star,898,Eri,44.5679,-40.3044,0.5352,0.8343,0.1326,0.0000,0.0000,0.0000,325.2056,0.1939,0.1998,0.2138
star,909,Hor,44.6992,-64.0714,0.3076,0.9310,-0.1968,0.0000,0.0000,0.0000,280.6455,0.1458,0.1497,0.1592
star,911,Cet,45.5700,4.0897,0.7123,0.2985,0.6353,0.0000,0.0000,0.0000,494.4906,0.4943,0.4363,0.3886
star,915,Per,46.1992,53.5064,0.4292,-0.4771,0.7669,0.0000,0.0000,0.0000,450.9808,0.4111,0.3985,0.3872
star,918,,46.3850,56.7058,0.3974,-0.5214,0.7551,0.0000,0.0000,0.0000,295.9089,0.1770,0.1655,0.1562
star,919,Eri,45.5979,-23.6244,0.6546,0.6737,0.3431,0.0000,0.0000,0.0000,345.2694,0.2220,0.2273,0.2410
star,921,Per,46.2942,38.8403,0.5631,-0.2604,0.7843,0.0000,0.0000,0.0000,405.6561,0.3327,0.2934,0.2611
star,932,,47.9846,74.3936,0.1999,-0.7328,0.6504,0.0000,0.0000,0.0000,288.5081,0.1509,0.1562,0.1683
star,936,Per,47.0421,40.9556,0.5527,-0.2968,0.7787,0.0000,0.0000,0.0000,543.4480,0.5290,0.5503,0.5970
star,937,Per,47.2667,49.6133,0.4759,-0.4264,0.7692,0.0000,0.0000,0.0000,348.4641,0.2455,0.2413,0.2368
star,941,Per,47.3742,44.8572,0.5216,-0.3574,0.7748,0.0000,0.0000,0.0000,369.1119,0.2754,0.2586,0.2449
star,947,Per,47.8225,39.6117,0.5709,-0.2801,0.7718,0.0000,0.0000,0.0000,304.9004,0.1879,0.1741,0.1629
star,951,Ari,47.9075,19.7267,0.6985,0.0357,0.7147,0.0000,0.0000,0.0000,325.2056,0.2138,0.1997,0.1883
star,963,For,48.0179,-28.9869,0.6502,0.7167,0.2519,0.0000,0.0000,0.0000,363.2102,0.2667,0.2646,0.2614
star,972,Ari,48.7254,21.0444,0.7014,0.0093,0.7127,0.0000,0.0000,0.0000,287.1825,0.1488,0.1543,0.1667
star,984,Eri,48.9583,-8.8197,0.7453,0.4656,0.4772,0.0000,0.0000,0.0000,293.1960,0.1626,0.1654,0.1738
star,985,,49.9975,65.6522,0.3158,-0.6444,0.6964,0.0000,0.0000,0.0000,290.5080,0.1486,0.1556,0.1706
star,991,,49.6825,34.2228,0.6305,-0.2065,0.7482,0.0000,0.0000,0.0000,291.8489,0.1722,0.1539,0.1391
star,994,Eri,49.5921,-22.5114,0.7034,0.6366,0.3161,0.0000,0.0000,0.0000,287.8446,0.1675,0.1586,0.1513
star,996,Cet,49.8404,3.3703,0.7629,0.2812,0.5821,0.0000,0.0000,0.0000,291.1776,0.1714,0.1665,0.1621
star,999,,50.0850,29.0483,0.6705,-0.1273,0.7309,0.0000,0.0000,0.0000,316.3429,0.2023,0.1799,0.1616
star,1002,Per,50.3604,43.3294,0.5602,-0.3492,0.7512,0.0000,0.0000,0.0000,283.2422,0.1460,0.1509,0.1622
star,1003,Eri,49.8792,-21.7578,0.7102,0.6260,0.3221,0.0000,0.0000,0.0000,378.5803,0.2897,0.2562,0.2286
star,1008,,49.9821,-43.0697,0.5595,0.8273,0.0509,0.0000,0.0000,0.0000,331.2516,0.2218,0.2147,0.2085
star,1017,Per,51.0808,49.8611,0.5016,-0.4467,0.7409,0.0000,0.0000,0.0000,586.3515,0.6950,0.6934,0.6876
star,1030,Tau,51.2033,9.0289,0.7697,0.1842,0.6112,0.0000,0.0000,0.0000,386.5076,0.3020,0.2863,0.2734
star,1034,,52.0129,49.0628,0.5164,-0.4398,0.7348,0.0000,0.0000,0.0000,281.2924,0.1408,0.1468,0.1600
star,1035,,52.2671,59.9403,0.3961,-0.5840,0.7085,0.0000,0.0000,0.0000,335.8598,0.2253,0.2238,0.2280
star,1038,Tau,51.7925,9.7328,0.7745,0.1691,0.6096,0.0000,0.0000,0.0000,374.2467,0.2491,0.2599,0.2831
star,1040,,52.4787,58.8786,0.4099,-0.5717,0.7107,0.0000,0.0000,0.0000,311.2849,0.1959,0.1933,0.1903
star,1044,Per,52.3421,49.5089,0.5141,-0.4476,0.7317,0.0000,0.0000,0.0000,302.1051,0.1623,0.1694,0.1845
star,1052,Per,52.6438,47.9953,0.5319,-0.4278,0.7308,0.0000,0.0000,0.0000,324.4577,0.2128,0.1926,0.1764
star,1066,Tau,52.7183,12.9367,0.7755,0.1122,0.6213,0.0000,0.0000,0.0000,343.6830,0.2388,0.2209,0.2066
star,1070,Eri,52.6546,-5.0753,0.7919,0.3870,0.4724,0.0000,0.0000,0.0000,297.9600,0.1579,0.1648,0.1795
star,1083,Ret,52.3446,-62.9375,0.3602,0.9065,-0.2204,0.0000,0.0000,0.0000,298.6469,0.1774,0.1766,0.1803
star,1084,Eri,53.2325,-9.4583,0.7902,0.4450,0.4215,0.0000,0.0000,0.0000,375.1095,0.2844,0.2700,0.2581
star,1087,Per,54.1225,48.1928,0.5401,-0.4377,0.7188,0.0000,0.0000,0.0000,334.3167,0.1999,0.2081,0.2259
star,1088,Eri,53.4471,-21.6328,0.7467,0.6011,0.2847,0.0000,0.0000,0.0000,331.2516,0.1945,0.2032,0.2218
star,1101,Tau,54.2183,0.4017,0.8112,0.2951,0.5048,0.0000,0.0000,0.0000,330.4898,0.2208,0.2173,0.2135
star,1106,,54.2737,-40.2747,0.6194,0.7836,0.0489,0.0000,0.0000,0.0000,308.4310,0.1923,0.1794,0.1690
star,1122,Per,55.7313,47.7875,0.5552,-0.4400,0.7058,0.0000,0.0000,0.0000,442.7495,0.3463,0.3623,0.3963
star,1123,Per,55.5938,33.9650,0.6843,-0.2375,0.6895,0.0000,0.0000,0.0000,281.9409,0.1434,0.1487,0.1607
star,1129,,56.5096,63.3450,0.3741,-0.6386,0.6725,0.0000,0.0000,0.0000,293.1960,0.1738,0.1664,0.1603
star,1131,Per,56.0796,32.2883,0.7015,-0.2149,0.6795,0.0000,0.0000,0.0000,366.5709,0.2450,0.2530,0.2716
star,1135,Per,56.2983,42.5786,0.6126,-0.3695,0.6987,0.0000,0.0000,0.0000,371.6704,0.2770,0.2748,0.2793
star,1136,Eri,55.8121,-9.7633,0.8152,0.4306,0.3873,0.0000,0.0000,0.0000,391.8845,0.3105,0.2933,0.2794
star,1142,Tau,56.2188,24.1133,0.7586,-0.0888,0.6454,0.0000,0.0000,0.0000,377.7096,0.2529,0.2642,0.2884
star,1143,,55.7088,-37.3136,0.6571,0.7504,0.0719,0.0000,0.0000,0.0000,307.7216,0.1914,0.1757,0.1631
star,1145,Tau,56.3021,24.4672,0.7573,-0.0949,0.6462,0.0000,0.0000,0.0000,328.9713,0.1918,0.2004,0.2188
star,1148,Cam,57.5896,71.3322,0.2702,-0.7237,0.6350,0.0000,0.0000,0.0000,304.9004,0.1689,0.1747,0.1879
star,1149,Tau,56.4567,24.3678,0.7592,-0.0944,0.6439,0.0000,0.0000,0.0000,363.2102,0.2355,0.2453,0.2667
star,1155,,57.3800,65.5261,0.3489,-0.6651,0.6602,0.0000,0.0000,0.0000,316.3429,0.2023,0.1752,0.1524
star,1156,Tau,56.5817,23.9483,0.7628,-0.0887,0.6405,0.0000,0.0000,0.0000,338.1879,0.2045,0.2129,0.2312
star,1162,Eri,56.5354,-12.1017,0.8157,0.4574,0.3542,0.0000,0.0000,0.0000,320.0059,0.2070,0.1829,0.1630
star,1165,Tau,56.8713,24.1050,0.7644,-0.0931,0.6380,0.0000,0.0000,0.0000,457.2545,0.3719,0.3880,0.4227
star,1173,Eri,56.7121,-23.2497,0.7680,0.5981,0.2289,0.0000,0.0000,0.0000,334.3167,0.2242,0.2223,0.2259
star,1175,Ret,56.0500,-64.8069,0.3531,0.8981,-0.2623,0.0000,0.0000,0.0000,364.8867,0.2692,0.2488,0.2325
star,1178,Tau,57.2904,24.0533,0.7684,-0.0952,0.6329,0.0000,0.0000,0.0000,383.8469,0.2621,0.2734,0.2979
star,1190,,57.1496,-37.6206,0.6654,0.7445,0.0539,0.0000,0.0000,0.0000,297.9600,0.1596,0.1658,0.1795
star,1195,,57.3637,-36.2003,0.6795,0.7304,0.0688,0.0000,0.0000,0.0000,338.9675,0.2323,0.2188,0.2078
star,1203,Per,58.5329,31.8836,0.7243,-0.2245,0.6520,0.0000,0.0000,0.0000,459.3651,0.3899,0.4005,0.4266
star,1208,Hyi,56.8096,-74.2389,0.2273,0.9015,-0.3682,0.0000,0.0000,0.0000,419.9118,0.3565,0.3152,0.2812
star,1212,Eri,58.5729,-2.9547,0.8522,0.3124,0.4198,0.0000,0.0000,0.0000,293.8719,0.1746,0.1646,0.1565
star,1213,Eri,58.4275,-24.6125,0.7746,0.6022,0.1935,0.0000,0.0000,0.0000,303.4995,0.1627,0.1702,0.1862
star,1220,Per,59.4633,40.0103,0.6597,-0.3507,0.6647,0.0000,0.0000,0.0000,455.1537,0.3628,0.3808,0.4188
star,1228,Per,59.7413,35.7911,0.7006,-0.2908,0.6516,0.0000,0.0000,0.0000,349.2674,0.2208,0.2287,0.2466
star,1231,Eri,59.5075,-13.5086,0.8379,0.4543,0.3026,0.0000,0.0000,0.0000,448.9087,0.4074,0.3611,0.3232
star,1239,Tau,60.1700,12.4903,0.8470,0.0647,0.5277,0.0000,0.0000,0.0000,398.2521,0.2807,0.2934,0.3206
star,1240,Eri,59.9813,-24.0164,0.7909,0.5842,0.1821,0.0000,0.0000,0.0000,302.8015,0.1620,0.1694,0.1854
star,1247,Ret,59.6863,-61.4003,0.4132,0.8770,-0.2451,0.0000,0.0000,0.0000,309.8547,0.1941,0.1716,0.1531
star,1251,Tau,60.7892,5.9892,0.8681,0.1605,0.4698,0.0000,0.0000,0.0000,359.8803,0.2353,0.2434,0.2618
star,1256,Tau,61.1737,22.0819,0.8118,-0.0921,0.5766,0.0000,0.0000,0.0000,324.4577,0.2128,0.1979,0.1859
star,1261,Per,61.6458,50.3514,0.5615,-0.5039,0.6563,0.0000,0.0000,0.0000,329.7297,0.1972,0.2041,0.2198
star,1264,Ret,60.2242,-62.1594,0.4054,0.8774,-0.2566,0.0000,0.0000,0.0000,313.4426,0.1986,0.1752,0.1559
star,1266,Ret,60.3258,-61.0789,0.4202,0.8736,-0.2456,0.0000,0.0000,0.0000,281.9409,0.1607,0.1445,0.1315
star,1273,Per,62.1654,47.7125,0.5950,-0.4723,0.6503,0.0000,0.0000,0.0000,349.2674,0.2193,0.2278,0.2466
star,1298,Eri,62.9663,-6.8375,0.8844,0.3345,0.3255,0.0000,0.0000,0.0000,349.2674,0.2369,0.2382,0.2466
star,1302,Hor,62.7108,-41.9936,0.6605,0.7490,-0.0525,0.0000,0.0000,0.0000,284.5496,0.1572,0.1581,0.1637
star,1303,Per,63.7246,48.4094,0.5952,-0.4897,0.6371,0.0000,0.0000,0.0000,341.3171,0.2355,0.2218,0.2107
star,1306,Per,63.7221,40.4836,0.6820,-0.3831,0.6230,0.0000,0.0000,0.0000,299.3354,0.1811,0.1695,0.1601
star,1311,Tau,63.4850,9.2636,0.8831,0.0889,0.4606,0.0000,0.0000,0.0000,290.5080,0.1706,0.1634,0.1573
star,1318,Eri,63.5988,-10.2564,0.8814,0.3780,0.2833,0.0000,0.0000,0.0000,288.5081,0.1683,0.1549,0.1442
star,1320,Tau,63.8838,8.8922,0.8871,0.0915,0.4524,0.0000,0.0000,0.0000,329.7297,0.1944,0.2024,0.2198
star,1324,,64.5608,50.2956,0.5769,-0.5181,0.6315,0.0000,0.0000,0.0000,306.3078,0.1708,0.1765,0.1897
star,1325,Eri,63.8179,-7.6528,0.8894,0.3394,0.3062,0.0000,0.0000,0.0000,319.2699,0.2061,0.1969,0.1892
star,1326,Hor,63.5004,-42.2944,0.6620,0.7468,-0.0637,0.0000,0.0000,0.0000,364.0475,0.2679,0.2484,0.2327
star,1329,Tau,64.3150,20.5786,0.8437,-0.0923,0.5288,0.0000,0.0000,0.0000,283.8952,0.1535,0.1557,0.1629
star,1336,Ret,63.6062,-62.4739,0.4140,0.8659,-0.2806,0.0000,0.0000,0.0000,409.4096,0.3388,0.3205,0.3055
star,1338,Dor,64.0067,-51.4867,0.5597,0.8113,-0.1691,0.0000,0.0000,0.0000,332.7806,0.2132,0.2152,0.2239
star,1343,Per,65.1025,34.5667,0.7469,-0.3078,0.5894,0.0000,0.0000,0.0000,284.5496,0.1637,0.1543,0.1467
star,1346,Tau,64.9483,15.6275,0.8724,-0.0209,0.4883,0.0000,0.0000,0.0000,382.0833,0.2951,0.2768,0.2619
star,1347,Eri,64.4737,-33.7983,0.7499,0.6613,0.0204,0.0000,0.0000,0.0000,390.0839,0.2693,0.2815,0.3076
star,1348,Tau,65.0888,27.3508,0.8056,-0.2011,0.5573,0.0000,0.0000,0.0000,283.2422,0.1622,0.1496,0.1395
star,1350,Per,65.3883,46.4989,0.6258,-0.4741,0.6193,0.0000,0.0000,0.0000,289.8398,0.1510,0.1569,0.1698
star,1355,Ret,64.1204,-59.3019,0.4593,0.8518,-0.2519,0.0000,0.0000,0.0000,318.5356,0.2051,0.1906,0.1789
star,1373,Tau,65.7338,17.5425,0.8692,-0.0565,0.4911,0.0000,0.0000,0.0000,372.5272,0.2805,0.2634,0.2495
star,1380,Tau,66.0242,17.4439,0.8717,-0.0573,0.4867,0.0000,0.0000,0.0000,293.1960,0.1598,0.1637,0.1738
star,1387,Tau,66.3421,22.2939,0.8475,-0.1339,0.5136,0.0000,0.0000,0.0000,335.0873,0.2079,0.2133,0.2270
star,1389,Tau,66.3725,17.9281,0.8717,-0.0675,0.4854,0.0000,0.0000,0.0000,329.7297,0.1982,0.2047,0.2198
star,1392,Tau,66.5771,22.8136,0.8458,-0.1436,0.5138,0.0000,0.0000,0.0000,330.4898,0.2081,0.2110,0.2208
star,1393,Eri,66.0092,-34.0169,0.7573,0.6531,0.0007,0.0000,0.0000,0.0000,355.7607,0.2559,0.2287,0.2067
star,1394,Tau,66.5867,15.6183,0.8838,-0.0337,0.4667,0.0000,0.0000,0.0000,314.8894,0.1884,0.1913,0.2004
star,1396,Tau,66.6517,14.7136,0.8880,-0.0203,0.4594,0.0000,0.0000,0.0000,300.7170,0.1828,0.1716,0.1626
star,1407,Tau,67.1100,16.3597,0.8840,-0.0492,0.4650,0.0000,0.0000,0.0000,281.9409,0.1607,0.1485,0.1388
star,1409,Tau,67.1542,19.1803,0.8704,-0.0928,0.4835,0.0000,0.0000,0.0000,392.7878,0.3119,0.2919,0.2757
star,1411,Tau,67.1438,15.9622,0.8860,-0.0434,0.4617,0.0000,0.0000,0.0000,365.7278,0.2704,0.2547,0.2419
star,1412,Tau,67.1654,15.8708,0.8865,-0.0422,0.4608,0.0000,0.0000,0.0000,404.7231,0.3064,0.3131,0.3311
star,1427,,67.6404,16.1939,0.8881,-0.0509,0.4568,0.0000,0.0000,0.0000,294.5493,0.1619,0.1656,0.1754
star,1437,Eri,67.9696,-0.0439,0.9270,0.1938,0.3211,0.0000,0.0000,0.0000,285.8631,0.1652,0.1500,0.1377
star,1444,Tau,68.4621,14.8444,0.8991,-0.0368,0.4361,0.0000,0.0000,0.0000,303.4995,0.1750,0.1777,0.1862
star,1453,Eri,68.3775,-29.7667,0.8070,0.5903,0.0185,0.0000,0.0000,0.0000,313.4426,0.1986,0.1864,0.1766
star,1454,Per,69.1725,41.2647,0.7026,-0.4277,0.5688,0.0000,0.0000,0.0000,332.7806,0.2239,0.2051,0.1901
star,1457,Tau,68.9800,16.5092,0.8950,-0.0665,0.4411,0.0000,0.0000,0.0000,728.0447,1.0715,0.9538,0.8577
star,1458,Tau,68.9137,10.1608,0.9184,0.0312,0.3944,0.0000,0.0000,0.0000,332.7806,0.2071,0.2117,0.2239
star,1463,Eri,69.0796,-3.3525,0.9325,0.2337,0.2754,0.0000,0.0000,0.0000,358.2268,0.2235,0.2351,0.2594
star,1464,Eri,68.8875,-30.5622,0.8033,0.5956,0.0040,0.0000,0.0000,0.0000,367.4160,0.2729,0.2562,0.2427
star,1465,Dor,68.4992,-55.0450,0.5331,0.8107,-0.2421,0.0000,0.0000,0.0000,417.0211,0.3088,0.3224,0.3516
star,1473,Tau,69.5396,12.5108,0.9147,-0.0099,0.4041,0.0000,0.0000,0.0000,331.2516,0.2027,0.2082,0.2218
star,1479,Tau,69.8188,15.9181,0.9026,-0.0642,0.4256,0.0000,0.0000,0.0000,300.7170,0.1681,0.1722,0.1828
star,1481,Eri,69.5450,-14.3039,0.9079,0.3862,0.1630,0.0000,0.0000,0.0000,363.2102,0.2667,0.2475,0.2321
star,1496,Eri,70.1104,-19.6717,0.8855,0.4535,0.1012,0.0000,0.0000,0.0000,327.4598,0.2168,0.1918,0.1713
star,1497,Tau,70.5613,22.9569,0.8683,-0.1765,0.4636,0.0000,0.0000,0.0000,330.4898,0.1929,0.2018,0.2208
star,1502,Cae,70.1404,-41.8639,0.7004,0.7023,-0.1269,0.0000,0.0000,0.0000,317.8030,0.1967,0.1976,0.2042
star,1520,Eri,71.3754,-3.2547,0.9461,0.2129,0.2441,0.0000,0.0000,0.0000,350.8795,0.2167,0.2270,0.2489
star,1533,,72.4775,37.4883,0.7567,-0.3986,0.5182,0.0000,0.0000,0.0000,287.8446,0.1675,0.1504,0.1365
star,1542,Cam,73.5125,66.3428,0.3848,-0.7265,0.5694,0.0000,0.0000,0.0000,329.7297,0.1975,0.2043,0.2198
star,1543,Ori,72.4600,6.9614,0.9465,0.0502,0.3188,0.0000,0.0000,0.0000,424.7741,0.3648,0.3618,0.3648
star,1544,Ori,72.6529,8.9003,0.9430,0.0191,0.3322,0.0000,0.0000,0.0000,324.4577,0.1906,0.1974,0.2128
star,1551,Aur,73.1583,36.7031,0.7674,-0.3927,0.5069,0.0000,0.0000,0.0000,294.5493,0.1754,0.1579,0.1438
star,1552,Ori,72.8017,5.6050,0.9507,0.0678,0.3025,0.0000,0.0000,0.0000,378.5803,0.2514,0.2638,0.2897
star,1556,Ori,73.1333,14.2506,0.9275,-0.0662,0.3678,0.0000,0.0000,0.0000,297.2748,0.1786,0.1552,0.1355
star,1560,Eri,73.2237,-5.4528,0.9531,0.2294,0.1973,0.0000,0.0000,0.0000,322.2241,0.1973,0.2003,0.2099
star,1567,Ori,73.5629,2.4406,0.9583,0.1091,0.2643,0.0000,0.0000,0.0000,375.9742,0.2475,0.2599,0.2858
star,1568,Cam,74.3217,53.7522,0.5693,-0.6090,0.5523,0.0000,0.0000,0.0000,316.3429,0.1802,0.1871,0.2023
star,1570,Ori,73.7242,10.1508,0.9449,-0.0090,0.3272,0.0000,0.0000,0.0000,303.4995,0.1692,0.1742,0.1862
star,1577,Aur,74.2483,33.1661,0.8057,-0.3519,0.4765,0.0000,0.0000,0.0000,476.6044,0.4592,0.4091,0.3682
star,1580,Ori,74.0929,13.5144,0.9351,-0.0631,0.3488,0.0000,0.0000,0.0000,346.8630,0.2432,0.2244,0.2093
star,1592,Aur,74.8142,37.8903,0.7616,-0.4200,0.4935,0.0000,0.0000,0.0000,283.8952,0.1467,0.1516,0.1629
star,1601,Ori,74.6371,1.7142,0.9638,0.1107,0.2424,0.0000,0.0000,0.0000,316.3429,0.2023,0.1823,0.1661
star,1603,Cam,75.8546,60.4422,0.4783,-0.6835,0.5513,0.0000,0.0000,0.0000,350.0725,0.2477,0.2341,0.2229
star,1605,Aur,75.4921,43.8233,0.6985,-0.5004,0.5116,0.0000,0.0000,0.0000,444.7931,0.3999,0.3957,0.3902
star,1611,Eri,74.9825,-12.5375,0.9428,0.3163,0.1050,0.0000,0.0000,0.0000,293.8719,0.1645,0.1668,0.1746
star,1612,Aur,75.6196,41.0758,0.7302,-0.4668,0.4989,0.0000,0.0000,0.0000,373.3860,0.2818,0.2582,0.2393
star,1617,Eri,75.3596,-7.1739,0.9600,0.2362,0.1506,0.0000,0.0000,0.0000,292.5217,0.1496,0.1571,0.1730
star,1620,Tau,75.7738,21.5900,0.9013,-0.1977,0.3854,0.0000,0.0000,0.0000,304.1992,0.1724,0.1764,0.1871
star,1621,,75.3567,-20.0519,0.9089,0.4162,0.0270,0.0000,0.0000,0.0000,285.8631,0.1464,0.1523,0.1652
star,1638,Ori,76.1421,15.4042,0.9360,-0.1088,0.3347,0.0000,0.0000,0.0000,301.4103,0.1624,0.1691,0.1837
star,1641,Aur,76.6287,41.2344,0.7316,-0.4754,0.4886,0.0000,0.0000,0.0000,426.7348,0.3189,0.3348,0.3681
star,1652,Cae,76.1017,-35.4833,0.7904,0.5983,-0.1313,0.0000,0.0000,0.0000,310.5689,0.1950,0.1790,0.1662
star,1654,Lep,76.3654,-22.3711,0.8987,0.4385,-0.0092,0.0000,0.0000,0.0000,424.7741,0.3648,0.3269,0.2962
star,1666,Eri,76.9625,-5.0864,0.9704,0.1917,0.1469,0.0000,0.0000,0.0000,465.7555,0.4016,0.4122,0.4385
star,1674,Dor,76.3775,-57.4728,0.5226,0.7879,-0.3257,0.0000,0.0000,0.0000,298.6469,0.1803,0.1789,0.1767
star,1676,Ori,77.4250,15.5972,0.9401,-0.1225,0.3182,0.0000,0.0000,0.0000,291.8489,0.1649,0.1661,0.1722
star,1679,Eri,77.2867,-8.7542,0.9641,0.2425,0.1081,0.0000,0.0000,0.0000,331.2516,0.1918,0.2015,0.2218
star,1689,Aur,78.3571,38.4844,0.7667,-0.4521,0.4559,0.0000,0.0000,0.0000,289.1732,0.1564,0.1598,0.1690
star,1696,Lep,78.0746,-11.8692,0.9575,0.2805,0.0674,0.0000,0.0000,0.0000,317.8030,0.1793,0.1872,0.2042
star,1698,Ori,78.3229,2.8611,0.9781,0.0613,0.1990,0.0000,0.0000,0.0000,317.0721,0.2032,0.1868,0.1735
star,1702,Lep,78.2329,-16.2056,0.9401,0.3401,0.0241,0.0000,0.0000,0.0000,413.1978,0.3027,0.3162,0.3451
star,1705,Lep,78.3079,-12.9414,0.9544,0.2937,0.0539,0.0000,0.0000,0.0000,324.4577,0.1869,0.1952,0.2128
star,1708,Aur,79.1725,45.9981,0.6823,-0.5494,0.4823,0.0000,0.0000,0.0000,869.2767,1.5276,1.4630,1.4087
star,1713,Ori,78.6346,-8.2017,0.9704,0.2227,0.0937,0.0000,0.0000,0.0000,861.3071,1.3335,1.3852,1.4997
star,1726,Aur,79.5446,33.3717,0.8213,-0.3934,0.4132,0.0000,0.0000,0.0000,311.2849,0.1959,0.1786,0.1648
star,1729,Aur,79.7854,40.0992,0.7528,-0.4822,0.4480,0.0000,0.0000,0.0000,299.3354,0.1811,0.1771,0.1732
star,1735,Ori,79.4017,-6.8444,0.9759,0.1962,0.0951,0.0000,0.0000,0.0000,386.5076,0.2648,0.2766,0.3020
star,1739,Tau,79.8192,22.0964,0.9120,-0.2381,0.3341,0.0000,0.0000,0.0000,283.8952,0.1629,0.1538,0.1463
star,1743,Col,79.3713,-34.8953,0.8061,0.5683,-0.1650,0.0000,0.0000,0.0000,291.1776,0.1714,0.1606,0.1518
star,1744,Dor,78.4392,-67.1853,0.3799,0.8301,-0.4081,0.0000,0.0000,0.0000,291.1776,0.1714,0.1562,0.1439
star,1756,Lep,79.8937,-13.1767,0.9586,0.2834,0.0290,0.0000,0.0000,0.0000,329.7297,0.1877,0.1981,0.2198
star,1762,,80.1121,-21.2394,0.9182,0.3930,-0.0494,0.0000,0.0000,0.0000,299.3354,0.1605,0.1670,0.1811
star,1765,Ori,80.4404,-0.3825,0.9861,0.0913,0.1389,0.0000,0.0000,0.0000,297.9600,0.1557,0.1634,0.1795
star,1773,Aur,81.1633,37.3856,0.7851,-0.4576,0.4173,0.0000,0.0000,0.0000,280.6455,0.1592,0.1432,0.1303
star,1780,Tau,81.1058,17.3833,0.9429,-0.1801,0.2803,0.0000,0.0000,0.0000,280.6455,0.1592,0.1578,0.1557
star,1784,Ori,80.9867,-7.8081,0.9785,0.1964,0.0631,0.0000,0.0000,0.0000,341.3171,0.2355,0.2216,0.2102
star,1788,Ori,81.1192,-2.3969,0.9871,0.1153,0.1107,0.0000,0.0000,0.0000,408.4680,0.2927,0.3070,0.3373
star,1789,Ori,81.1867,1.8464,0.9877,0.0513,0.1479,0.0000,0.0000,0.0000,283.2422,0.1400,0.1472,0.1622
star,1790,Ori,81.2829,6.3497,0.9824,-0.0172,0.1861,0.0000,0.0000,0.0000,606.9571,0.6405,0.6743,0.7447
star,1791,Tau,81.5729,28.6075,0.8684,-0.3442,0.3569,0.0000,0.0000,0.0000,605.5612,0.6478,0.6777,0.7413
star,1810,Tau,81.9087,21.9369,0.9184,-0.2530,0.3043,0.0000,0.0000,0.0000,287.8446,0.1459,0.1528,0.1675
star,1811,Ori,81.7092,3.0956,0.9881,0.0279,0.1512,0.0000,0.0000,0.0000,307.7216,0.1649,0.1735,0.1914
star,1829,Lep,82.0613,-20.7594,0.9261,0.3703,-0.0719,0.0000,0.0000,0.0000,460.4241,0.4285,0.4095,0.3936
star,1834,Ori,82.4333,-1.0922,0.9911,0.0841,0.1030,0.0000,0.0000,0.0000,299.3354,0.1811,0.1608,0.1442
star,1839,Ori,82.6963,5.9481,0.9865,-0.0237,0.1618,0.0000,0.0000,0.0000,336.6340,0.1998,0.2092,0.2291
star,1843,Aur,83.1821,32.1919,0.8403,-0.4049,0.3605,0.0000,0.0000,0.0000,295.9089,0.1705,0.1713,0.1770
star,1845,Tau,83.0533,18.5944,0.9408,-0.2143,0.2625,0.0000,0.0000,0.0000,322.9669,0.2109,0.1810,0.1555
star,1852,Ori,83.0017,-0.2992,0.9925,0.0672,0.1017,0.0000,0.0000,0.0000,529.8562,0.4881,0.5139,0.5675
star,1855,Ori,82.9825,-7.3014,0.9845,0.1713,0.0384,0.0000,0.0000,0.0000,305.6033,0.1612,0.1702,0.1888
star,1862,Col,82.8029,-35.4706,0.8080,0.5500,-0.2114,0.0000,0.0000,0.0000,363.2102,0.2667,0.2463,0.2299
star,1865,Lep,83.1825,-17.8222,0.9453,0.3206,-0.0608,0.0000,0.0000,0.0000,488.8302,0.4499,0.4585,0.4831
star,1876,Ori,83.7050,9.4894,0.9804,-0.0856,0.1776,0.0000,0.0000,0.0000,320.7436,0.1808,0.1895,0.2080
star,1879,Ori,83.7846,9.9342,0.9792,-0.0930,0.1803,0.0000,0.0000,0.0000,391.8845,0.2689,0.2823,0.3105
star,1887,,83.7612,-6.0019,0.9886,0.1453,0.0388,0.0000,0.0000,0.0000,294.5493,0.1500,0.1583,0.1754
star,1892,Ori,83.8467,-4.8383,0.9907,0.1273,0.0481,0.0000,0.0000,0.0000,307.7216,0.1655,0.1739,0.1914
star,1899,Ori,83.8583,-5.9100,0.9890,0.1431,0.0382,0.0000,0.0000,0.0000,467.9054,0.3793,0.3999,0.4426
star,1903,Ori,84.0533,-1.2019,0.9944,0.0713,0.0780,0.0000,0.0000,0.0000,598.6294,0.6264,0.6581,0.7244
star,1907,Ori,84.2262,9.2906,0.9819,-0.0872,0.1682,0.0000,0.0000,0.0000,345.2694,0.2410,0.2270,0.2156
star,1910,Tau,84.4113,21.1425,0.9283,-0.2624,0.2636,0.0000,0.0000,0.0000,443.7701,0.3443,0.3616,0.3981
star,1922,Dor,83.4062,-62.4897,0.4589,0.7876,-0.4113,0.0000,0.0000,0.0000,372.5272,0.2805,0.2681,0.2577
star,1931,Ori,84.6867,-2.6000,0.9947,0.0865,0.0559,0.0000,0.0000,0.0000,368.2630,0.2349,0.2477,0.2742
star,1934,Ori,84.7963,4.1214,0.9933,-0.0150,0.1146,0.0000,0.0000,0.0000,309.1420,0.1694,0.1770,0.1932
star,1937,Ori,84.7212,-7.2131,0.9879,0.1546,0.0136,0.0000,0.0000,0.0000,293.1960,0.1591,0.1633,0.1738
star,1946,Tau,85.3238,16.5339,0.9555,-0.2037,0.2136,0.0000,0.0000,0.0000,289.1732,0.1477,0.1545,0.1690
star,1948,Ori,85.1896,-1.9428,0.9959,0.0722,0.0544,0.0000,0.0000,0.0000,552.2784,0.5313,0.5589,0.6166
star,1949,Ori,85.1900,-1.9428,0.9959,0.0722,0.0544,0.0000,0.0000,0.0000,335.8598,0.2280,0.2238,0.2195
star,1952,,85.2108,-1.1289,0.9963,0.0599,0.0614,0.0000,0.0000,0.0000,283.2422,0.1397,0.1470,0.1622
star,1956,Col,84.9121,-34.0742,0.8250,0.5181,-0.2256,0.0000,0.0000,0.0000,482.1232,0.4113,0.4300,0.4699
star,1963,Ori,85.6192,1.4747,0.9967,0.0173,0.0787,0.0000,0.0000,0.0000,285.8631,0.1652,0.1521,0.1416
star,1983,Lep,86.1158,-22.4483,0.9221,0.3596,-0.1430,0.0000,0.0000,0.0000,386.5076,0.3020,0.3017,0.2995
star,1995,Aur,87.2938,39.1811,0.7743,-0.5227,0.3568,0.0000,0.0000,0.0000,312.7217,0.1977,0.1864,0.1772
star,1998,Lep,86.7387,-14.8219,0.9652,0.2476,-0.0846,0.0000,0.0000,0.0000,390.9831,0.2814,0.2895,0.3090
star,2002,Tau,87.2542,24.5675,0.9084,-0.3339,0.2515,0.0000,0.0000,0.0000,289.1732,0.1690,0.1582,0.1494
star,2004,Ori,86.9392,-9.6697,0.9844,0.1711,-0.0414,0.0000,0.0000,0.0000,551.0082,0.5326,0.5587,0.6138
star,2010,Tau,87.3871,12.6511,0.9747,-0.1648,0.1509,0.0000,0.0000,0.0000,285.8631,0.1459,0.1520,0.1652
star,2011,Aur,87.7600,37.3056,0.7948,-0.5035,0.3388,0.0000,0.0000,0.0000,297.2748,0.1786,0.1580,0.1410
star,2012,Aur,87.8725,39.1486,0.7750,-0.5263,0.3498,0.0000,0.0000,0.0000,354.9425,0.2547,0.2354,0.2200
star,2015,Dor,86.1933,-65.7356,0.4100,0.7955,-0.4462,0.0000,0.0000,0.0000,325.2056,0.1991,0.2029,0.2138
star,2020,Pic,86.8212,-51.0664,0.6275,0.6847,-0.3708,0.0000,0.0000,0.0000,364.8867,0.2485,0.2542,0.2692
star,2029,Aur,88.7117,55.7069,0.5633,-0.7016,0.4364,0.0000,0.0000,0.0000,280.6455,0.1436,0.1483,0.1592
star,2034,Tau,88.3317,27.6122,0.8857,-0.3840,0.2608,0.0000,0.0000,0.0000,308.4310,0.1713,0.1778,0.1923
star,2035,Lep,87.8304,-20.8792,0.9337,0.3237,-0.1532,0.0000,0.0000,0.0000,368.2630,0.2742,0.2571,0.2433
star,2037,Ori,88.1100,1.8550,0.9989,-0.0108,0.0449,0.0000,0.0000,0.0000,294.5493,0.1754,0.1583,0.1445
star,2040,Col,87.7400,-35.7683,0.8108,0.5175,-0.2736,0.0000,0.0000,0.0000,431.6761,0.3767,0.3472,0.3235
star,2042,Pic,87.4571,-56.1667,0.5562,0.7247,-0.4066,0.0000,0.0000,0.0000,313.4426,0.1986,0.1841,0.1725
star,2047,Ori,88.5954,20.2761,0.9378,-0.2852,0.1982,0.0000,0.0000,0.0000,320.7436,0.2080,0.2044,0.2006
star,2056,Col,88.2787,-33.8014,0.8306,0.4897,-0.2651,0.0000,0.0000,0.0000,288.5081,0.1465,0.1535,0.1683
star,2061,Ori,88.7929,7.4069,0.9914,-0.0997,0.0843,0.0000,0.0000,0.0000,789.1472,1.2589,1.0927,0.9535
star,2077,Aur,89.8817,54.2847,0.5838,-0.6953,0.4192,0.0000,0.0000,0.0000,375.9742,0.2858,0.2677,0.2531
star,2084,Tau,89.4988,25.9539,0.8991,-0.3711,0.2321,0.0000,0.0000,0.0000,291.8489,0.1523,0.1586,0.1722
star,2085,Lep,89.1013,-14.1678,0.9695,0.2176,-0.1130,0.0000,0.0000,0.0000,376.8409,0.2757,0.2773,0.2871
star,2087,Col,88.8746,-37.1208,0.7972,0.5254,-0.2974,0.0000,0.0000,0.0000,281.9409,0.1607,0.1488,0.1393
star,2088,Aur,89.8821,44.9475,0.7078,-0.6048,0.3651,0.0000,0.0000,0.0000,571.6866,0.5938,0.6141,0.6607
star,2091,Aur,89.9838,45.9369,0.6954,-0.6158,0.3703,0.0000,0.0000,0.0000,332.0152,0.2228,0.1954,0.1727
star,2095,Aur,89.9304,37.2125,0.7964,-0.5179,0.3123,0.0000,0.0000,0.0000,484.3486,0.4180,0.4358,0.4742
star,2102,,88.5254,-63.0900,0.4524,0.7704,-0.4493,0.0000,0.0000,0.0000,303.4995,0.1862,0.1735,0.1633
star,2106,Col,89.3842,-35.2833,0.8163,0.4996,-0.2900,0.0000,0.0000,0.0000,324.4577,0.1844,0.1935,0.2128
star,2113,,90.0142,-3.0742,0.9986,0.0458,-0.0278,0.0000,0.0000,0.0000,312.0025,0.1968,0.1803,0.1671
star,2120,Col,89.7867,-42.8153,0.7335,0.5840,-0.3477,0.0000,0.0000,0.0000,355.7607,0.2559,0.2363,0.2206
star,2124,Ori,90.5958,9.6475,0.9858,-0.1489,0.0775,0.0000,0.0000,0.0000,342.8925,0.2190,0.2242,0.2377
star,2128,Mon,90.4600,-10.5981,0.9829,0.1536,-0.1015,0.0000,0.0000,0.0000,283.2422,0.1420,0.1484,0.1622
star,2134,Gem,91.0300,23.2633,0.9186,-0.3471,0.1893,0.0000,0.0000,0.0000,339.7489,0.2333,0.2230,0.2143
star,2135,Ori,90.9800,20.1383,0.9387,-0.3034,0.1636,0.0000,0.0000,0.0000,304.9004,0.1780,0.1801,0.1879
star,2148,Lep,91.2462,-16.4844,0.9587,0.2325,-0.1640,0.0000,0.0000,0.0000,284.5496,0.1535,0.1560,0.1637
star,2155,Lep,91.5387,-14.9353,0.9659,0.2076,-0.1550,0.0000,0.0000,0.0000,302.1051,0.1664,0.1719,0.1845
star,2159,Ori,91.8929,14.7683,0.9664,-0.2350,0.1039,0.0000,0.0000,0.0000,320.0059,0.1796,0.1885,0.2070
star,2198,Ori,93.0138,16.1306,0.9593,-0.2642,0.0998,0.0000,0.0000,0.0000,283.2422,0.1415,0.1481,0.1622
star,2199,Ori,92.9850,14.2089,0.9681,-0.2364,0.0831,0.0000,0.0000,0.0000,315.6153,0.1744,0.1831,0.2014
star,2209,,94.7117,69.3197,0.3520,-0.8169,0.4570,0.0000,0.0000,0.0000,293.1960,0.1562,0.1615,0.1738
star,2212,Pic,92.5746,-54.9686,0.5734,0.6886,-0.4438,0.0000,0.0000,0.0000,292.5217,0.1485,0.1565,0.1730
star,2215,Lyn,94.4783,61.5153,0.4755,-0.7726,0.4208,0.0000,0.0000,0.0000,281.2924,0.1600,0.1391,0.1216
star,2216,Gem,93.7192,22.5067,0.9219,-0.3590,0.1458,0.0000,0.0000,0.0000,416.0620,0.3499,0.3099,0.2771
star,2219,Aur,93.8446,29.4981,0.8684,-0.4521,0.2036,0.0000,0.0000,0.0000,325.2056,0.2138,0.1999,0.1886
star,2227,Mon,93.7137,-6.2747,0.9919,0.0605,-0.1115,0.0000,0.0000,0.0000,354.1262,0.2535,0.2301,0.2113
star,2238,Lyn,94.9058,59.0108,0.5130,-0.7575,0.4038,0.0000,0.0000,0.0000,315.6153,0.1803,0.1868,0.2014
star,2256,Col,94.1379,-35.1406,0.8156,0.4630,-0.3470,0.0000,0.0000,0.0000,323.7114,0.2118,0.1984,0.1876
star,2275,,94.9983,-2.9444,0.9949,-0.0008,-0.1010,0.0000,0.0000,0.0000,286.5220,0.1660,0.1470,0.1314
star,2282,CMa,95.0783,-30.0633,0.8621,0.3899,-0.3237,0.0000,0.0000,0.0000,441.7312,0.3411,0.3583,0.3945
star,2286,Gem,95.7400,22.5136,0.9192,-0.3758,0.1180,0.0000,0.0000,0.0000,456.2029,0.4207,0.3714,0.3308
star,2289,Aur,96.2246,49.2881,0.6484,-0.6862,0.3298,0.0000,0.0000,0.0000,285.8631,0.1652,0.1421,0.1225
star,2294,CMa,95.6750,-17.9558,0.9466,0.2158,-0.2394,0.0000,0.0000,0.0000,561.2522,0.5467,0.5760,0.6368
star,2296,Col,95.5283,-33.4364,0.8306,0.4309,-0.3527,0.0000,0.0000,0.0000,364.8867,0.2692,0.2554,0.2442
star,2298,Mon,95.9421,4.5928,0.9914,-0.1218,-0.0472,0.0000,0.0000,0.0000,318.5356,0.1898,0.1939,0.2051
star,2326,Car,95.9879,-52.6958,0.6027,0.6493,-0.4639,0.0000,0.0000,0.0000,1045.1004,2.0302,2.0802,2.2080
star,2343,Gem,97.2408,20.2122,0.9309,-0.3571,0.0766,0.0000,0.0000,0.0000,340.5321,0.2049,0.2143,0.2344
star,2356,Mon,97.2042,-7.0328,0.9846,0.0408,-0.1697,0.0000,0.0000,0.0000,307.0139,0.1674,0.1747,0.1905
star,2361,CMa,97.0421,-32.5800,0.8363,0.4084,-0.3659,0.0000,0.0000,0.0000,315.6153,0.1747,0.1833,0.2014
star,2385,Mon,98.2258,7.3331,0.9816,-0.1825,-0.0559,0.0000,0.0000,0.0000,314.1652,0.1784,0.1849,0.1995
star,2387,CMa,97.9637,-23.4183,0.9088,0.2752,-0.3137,0.0000,0.0000,0.0000,326.7067,0.1849,0.1949,0.2158
star,2414,CMa,98.7642,-22.9647,0.9100,0.2622,-0.3212,0.0000,0.0000,0.0000,311.2849,0.1736,0.1806,0.1959
star,2421,Gem,99.4279,16.3992,0.9464,-0.3229,0.0107,0.0000,0.0000,0.0000,567.7512,0.5825,0.6038,0.6516
star,2427,Aur,99.8329,42.4889,0.7266,-0.6438,0.2399,0.0000,0.0000,0.0000,293.8719,0.1746,0.1598,0.1479
star,2429,CMa,99.1708,-19.2558,0.9320,0.2052,-0.2988,0.0000,0.0000,0.0000,356.5809,0.2570,0.2393,0.2250
star,2435,,98.7442,-52.9756,0.5952,0.6372,-0.4897,0.0000,0.0000,0.0000,322.2241,0.1870,0.1941,0.2099
star,2443,CMa,99.4725,-18.2375,0.9368,0.1878,-0.2952,0.0000,0.0000,0.0000,319.2699,0.2061,0.1901,0.1773
star,2450,,99.8196,-14.1458,0.9555,0.1243,-0.2676,0.0000,0.0000,0.0000,291.8489,0.1722,0.1538,0.1388
star,2451,Pup,99.4404,-43.1961,0.7191,0.5251,-0.4550,0.0000,0.0000,0.0000,426.7348,0.3228,0.3372,0.3681
star,2456,Mon,100.2446,9.8956,0.9694,-0.2375,-0.0617,0.0000,0.0000,0.0000,302.8015,0.1586,0.1673,0.1854
star,2462,,99.6567,-48.2203,0.6568,0.5816,-0.4799,0.0000,0.0000,0.0000,284.5496,0.1637,0.1555,0.1488
star,2470,Lyn,101.5588,59.4417,0.4981,-0.7906,0.3562,0.0000,0.0000,0.0000,288.5081,0.1526,0.1573,0.1683
star,2473,Gem,100.9829,25.1311,0.8888,-0.4529,0.0709,0.0000,0.0000,0.0000,445.8184,0.4018,0.3621,0.3299
star,2478,Gem,100.9971,13.2278,0.9556,-0.2918,-0.0413,0.0000,0.0000,0.0000,314.8894,0.2004,0.1847,0.1721
star,2484,Gem,101.3225,12.8956,0.9558,-0.2899,-0.0491,0.0000,0.0000,0.0000,408.4680,0.3361,0.3327,0.3373
star,2491,CMa,101.2871,-16.7161,0.9392,0.1500,-0.3088,0.0000,0.0000,0.0000,1239.2474,2.2347,2.3165,2.5000
star,2503,Mon,101.8325,8.0372,0.9691,-0.2244,-0.1020,0.0000,0.0000,0.0000,295.2283,0.1762,0.1588,0.1447
star,2506,Mon,101.9650,2.4122,0.9774,-0.1428,-0.1559,0.0000,0.0000,0.0000,316.3429,0.2023,0.1874,0.1754
star,2527,,105.0167,76.9775,0.2176,-0.8652,0.4517,0.0000,0.0000,0.0000,310.5689,0.1950,0.1763,0.1613
star,2538,CMa,102.4604,-32.5086,0.8234,0.3669,-0.4328,0.0000,0.0000,0.0000,355.7607,0.2197,0.2314,0.2559
star,2540,Gem,103.1971,33.9611,0.8075,-0.5764,0.1254,0.0000,0.0000,0.0000,386.5076,0.2750,0.2829,0.3020
star,2549,,102.7183,-34.3672,0.8052,0.3903,-0.4465,0.0000,0.0000,0.0000,280.6455,0.1592,0.1437,0.1312
star,2550,Pic,102.0475,-61.9414,0.4600,0.7059,-0.5387,0.0000,0.0000,0.0000,417.0211,0.3274,0.3337,0.3516
star,2553,Pup,102.4842,-50.6147,0.6195,0.5919,-0.5156,0.0000,0.0000,0.0000,450.9808,0.4111,0.3775,0.3504
star,2554,,102.4637,-53.6222,0.5791,0.6242,-0.5244,0.0000,0.0000,0.0000,321.4830,0.2089,0.1974,0.1880
star,2560,Lyn,104.3188,58.4225,0.5074,-0.7970,0.3278,0.0000,0.0000,0.0000,325.2056,0.2138,0.2036,0.1951
star,2564,Gem,103.6612,13.1778,0.9461,-0.3139,-0.0797,0.0000,0.0000,0.0000,303.4995,0.1773,0.1790,0.1862
star,2571,CMa,103.3871,-20.2242,0.9129,0.1844,-0.3643,0.0000,0.0000,0.0000,291.1776,0.1477,0.1554,0.1714
star,2574,CMa,103.5475,-12.0386,0.9508,0.0608,-0.3038,0.0000,0.0000,0.0000,346.8630,0.2432,0.2186,0.1986
star,2580,CMa,103.5329,-24.1839,0.8869,0.2412,-0.3940,0.0000,0.0000,0.0000,363.2102,0.2667,0.2337,0.2063
star,2585,Lyn,104.4046,45.0942,0.6838,-0.6976,0.2143,0.0000,0.0000,0.0000,286.5220,0.1491,0.1543,0.1660
star,2590,CMa,103.9058,-20.1364,0.9114,0.1789,-0.3707,0.0000,0.0000,0.0000,301.4103,0.1787,0.1787,0.1837
star,2596,CMa,104.0342,-17.0542,0.9275,0.1320,-0.3498,0.0000,0.0000,0.0000,323.7114,0.1870,0.1949,0.2118
star,2608,,104.0667,-48.7211,0.6399,0.5616,-0.5245,0.0000,0.0000,0.0000,283.2422,0.1622,0.1426,0.1264
star,2618,CMa,104.6562,-28.9722,0.8464,0.3012,-0.4392,0.0000,0.0000,0.0000,626.8419,0.6844,0.7200,0.7943
star,2646,CMa,105.4296,-27.9347,0.8516,0.2805,-0.4428,0.0000,0.0000,0.0000,398.2521,0.3206,0.2810,0.2481
star,2648,Mon,105.7283,-4.2392,0.9599,-0.0759,-0.2698,0.0000,0.0000,0.0000,280.6455,0.1374,0.1445,0.1592
star,2650,Gem,106.0271,20.5703,0.8999,-0.4343,-0.0406,0.0000,0.0000,0.0000,369.9628,0.2767,0.2653,0.2557
star,2653,CMa,105.7562,-23.8333,0.8804,0.2184,-0.4210,0.0000,0.0000,0.0000,441.7312,0.3477,0.3625,0.3945
star,2657,CMa,105.9396,-15.6333,0.9260,0.0948,-0.3655,0.0000,0.0000,0.0000,342.8925,0.2081,0.2175,0.2377
star,2672,,105.9737,-49.5839,0.6233,0.5607,-0.5451,0.0000,0.0000,0.0000,284.5496,0.1499,0.1538,0.1637
star,2693,CMa,107.0979,-26.3933,0.8562,0.2454,-0.4547,0.0000,0.0000,0.0000,579.6396,0.6792,0.6599,0.6425
star,2696,Aur,107.9138,39.3206,0.7361,-0.6657,0.1224,0.0000,0.0000,0.0000,286.5220,0.1660,0.1489,0.1350
star,2697,Gem,107.7850,30.2453,0.8226,-0.5677,0.0332,0.0000,0.0000,0.0000,320.7436,0.2080,0.1898,0.1753
star,2701,Mon,107.5571,-4.2372,0.9508,-0.0916,-0.2959,0.0000,0.0000,0.0000,285.2056,0.1644,0.1536,0.1448
star,2702,,107.2129,-39.6558,0.7354,0.4297,-0.5240,0.0000,0.0000,0.0000,291.1776,0.1485,0.1559,0.1714
star,2714,Mon,107.9663,-0.4928,0.9512,-0.1515,-0.2688,0.0000,0.0000,0.0000,340.5321,0.2092,0.2170,0.2344
star,2736,Vol,107.1871,-70.4989,0.3189,0.7572,-0.5700,0.0000,0.0000,0.0000,370.8156,0.2780,0.2593,0.2443
star,2740,,108.1400,-46.7594,0.6510,0.5146,-0.5580,0.0000,0.0000,0.0000,314.8894,0.1920,0.1933,0.2004
star,2742,,112.7683,82.4114,0.1218,-0.8760,0.4667,0.0000,0.0000,0.0000,282.5908,0.1614,0.1423,0.1265
star,2745,CMa,108.5633,-26.3525,0.8495,0.2336,-0.4731,0.0000,0.0000,0.0000,302.8015,0.1603,0.1684,0.1854
star,2746,,108.3058,-45.1831,0.6692,0.4940,-0.5551,0.0000,0.0000,0.0000,287.1825,0.1485,0.1542,0.1667
star,2749,CMa,108.7029,-26.7728,0.8457,0.2387,-0.4774,0.0000,0.0000,0.0000,364.8867,0.2336,0.2450,0.2692
star,2762,,108.6592,-48.2717,0.6306,0.5300,-0.5669,0.0000,0.0000,0.0000,295.9089,0.1555,0.1623,0.1770
star,2763,Gem,109.5233,16.5403,0.9035,-0.4090,-0.1280,0.0000,0.0000,0.0000,388.2916,0.2780,0.2858,0.3048
star,2764,,109.1533,-23.3156,0.8675,0.1841,-0.4621,0.0000,0.0000,0.0000,293.8719,0.1746,0.1532,0.1356
star,2766,,109.1458,-27.8811,0.8350,0.2515,-0.4893,0.0000,0.0000,0.0000,304.1992,0.1871,0.1657,0.1481
star,2773,Pup,109.2858,-37.0975,0.7529,0.3813,-0.5365,0.0000,0.0000,0.0000,475.5082,0.4571,0.4041,0.3607
star,2777,Gem,110.0308,21.9822,0.8712,-0.4844,-0.0795,0.0000,0.0000,0.0000,392.7878,0.3005,0.3018,0.3119
star,2781,CMa,109.6679,-24.5589,0.8565,0.1986,-0.4765,0.0000,0.0000,0.0000,281.2924,0.1393,0.1459,0.1600
star,2782,CMa,109.6767,-24.9542,0.8537,0.2044,-0.4790,0.0000,0.0000,0.0000,321.4830,0.1819,0.1906,0.2089
star,2787,,109.5767,-36.7342,0.7551,0.3744,-0.5382,0.0000,0.0000,0.0000,302.8015,0.1628,0.1700,0.1854
star,2803,Vol,109.2075,-67.9572,0.3544,0.7309,-0.5832,0.0000,0.0000,0.0000,354.1262,0.2535,0.2431,0.2343
star,2812,,110.5562,-19.0167,0.8852,0.1083,-0.4524,0.0000,0.0000,0.0000,282.5908,0.1433,0.1490,0.1614
star,2818,Lyn,111.6783,49.2114,0.6071,-0.7733,0.1831,0.0000,0.0000,0.0000,304.1992,0.1666,0.1730,0.1871
star,2821,Gem,111.4317,27.7981,0.8234,-0.5662,-0.0369,0.0000,0.0000,0.0000,369.9628,0.2767,0.2584,0.2436
star,2827,CMa,111.0238,-29.3031,0.8140,0.2584,-0.5202,0.0000,0.0000,0.0000,503.6839,0.4521,0.4713,0.5129
star,2828,CMi,111.4121,9.2761,0.9188,-0.3237,-0.2258,0.0000,0.0000,0.0000,280.6455,0.1592,0.1490,0.1407
star,2845,CMi,111.7875,8.2894,0.9189,-0.3127,-0.2406,0.0000,0.0000,0.0000,454.1068,0.3668,0.3827,0.4169
star,2852,Gem,112.2779,31.7844,0.7866,-0.6175,-0.0049,0.0000,0.0000,0.0000,338.1879,0.2214,0.2230,0.2312
star,2854,CMi,112.0408,8.9256,0.9157,-0.3239,-0.2379,0.0000,0.0000,0.0000,327.4598,0.2168,0.1948,0.1770
star,2864,CMi,112.4492,12.0067,0.9040,-0.3707,-0.2130,0.0000,0.0000,0.0000,311.2849,0.1959,0.1785,0.1645
star,2874,,112.4642,-23.0244,0.8505,0.1541,-0.5029,0.0000,0.0000,0.0000,289.8398,0.1589,0.1616,0.1698
star,2878,Pup,112.3075,-43.3014,0.6733,0.4456,-0.5900,0.0000,0.0000,0.0000,418.9460,0.3548,0.3167,0.2856
star,2881,,112.6771,-30.9622,0.7912,0.2707,-0.5484,0.0000,0.0000,0.0000,303.4995,0.1862,0.1757,0.1672
star,2890,Gem,113.6500,31.8886,0.7778,-0.6282,-0.0199,0.0000,0.0000,0.0000,456.2029,0.3788,0.3915,0.4207
star,2891,Gem,113.6500,31.8883,0.7778,-0.6282,-0.0199,0.0000,0.0000,0.0000,561.2522,0.5723,0.5919,0.6368
star,2902,,113.4496,-14.5239,0.8881,0.0166,-0.4594,0.0000,0.0000,0.0000,281.9409,0.1607,0.1447,0.1317
star,2905,Gem,113.9804,26.8958,0.8149,-0.5744,-0.0777,0.0000,0.0000,0.0000,347.6626,0.2443,0.2175,0.1956
star,2906,,113.5133,-22.2961,0.8484,0.1351,-0.5118,0.0000,0.0000,0.0000,317.8030,0.2042,0.2028,0.2006
star,2922,,113.8450,-28.3694,0.8048,0.2241,-0.5496,0.0000,0.0000,0.0000,304.1992,0.1640,0.1714,0.1871
star,2930,Gem,114.7913,34.5842,0.7474,-0.6643,-0.0036,0.0000,0.0000,0.0000,286.5220,0.1633,0.1625,0.1660
star,2934,,113.9154,-52.5339,0.5561,0.5533,-0.6202,0.0000,0.0000,0.0000,283.8952,0.1629,0.1468,0.1338
star,2937,,114.3421,-34.9686,0.7466,0.3173,-0.5847,0.0000,0.0000,0.0000,312.0025,0.1732,0.1806,0.1968
star,2943,CMi,114.8254,5.2250,0.9038,-0.2934,-0.3115,0.0000,0.0000,0.0000,811.2562,1.3199,1.3091,1.3305
star,2944,,114.5750,-25.3647,0.8217,0.1736,-0.5427,0.0000,0.0000,0.0000,300.0254,0.1596,0.1667,0.1820
star,2946,Lyn,115.7517,58.7103,0.4678,-0.8487,0.2467,0.0000,0.0000,0.0000,280.6455,0.1444,0.1488,0.1592
star,2948,,114.7054,-26.8017,0.8109,0.1944,-0.5520,0.0000,0.0000,0.0000,314.1652,0.1731,0.1816,0.1995
star,2949,,114.7075,-26.8036,0.8108,0.1944,-0.5520,0.0000,0.0000,0.0000,305.6033,0.1888,0.1853,0.1817
star,2959,,115.0967,-15.2636,0.8736,0.0149,-0.4863,0.0000,0.0000,0.0000,283.8952,0.1629,0.1448,0.1299
star,2961,,114.8642,-38.3083,0.7120,0.3614,-0.6021,0.0000,0.0000,0.0000,290.5080,0.1475,0.1550,0.1706
star,2970,Mon,115.3117,-9.5511,0.8915,-0.0749,-0.4469,0.0000,0.0000,0.0000,358.2268,0.2594,0.2425,0.2289
star,2973,Gem,115.8279,28.8836,0.7881,-0.6105,-0.0782,0.0000,0.0000,0.0000,330.4898,0.2208,0.2043,0.1911
star,2985,Gem,116.1117,24.3981,0.8178,-0.5605,-0.1308,0.0000,0.0000,0.0000,389.1867,0.3062,0.2890,0.2750
star,2990,Gem,116.3287,28.0261,0.7912,-0.6044,-0.0936,0.0000,0.0000,0.0000,681.0171,0.9376,0.8783,0.8304
star,2993,Pup,115.8850,-28.4111,0.7913,0.2101,-0.5742,0.0000,0.0000,0.0000,307.7216,0.1914,0.1691,0.1508
star,2996,Pup,115.9521,-28.9547,0.7868,0.2178,-0.5776,0.0000,0.0000,0.0000,355.7607,0.2367,0.2419,0.2559
star,3003,Gem,116.5308,18.5100,0.8484,-0.4903,-0.1996,0.0000,0.0000,0.0000,287.8446,0.1675,0.1503,0.1363
star,3017,,116.3137,-37.9686,0.7067,0.3474,-0.6164,0.0000,0.0000,0.0000,385.6187,0.3006,0.2634,0.2326
star,3024,Vol,115.4550,-72.6061,0.2699,0.7518,-0.6016,0.0000,0.0000,0.0000,356.5809,0.2570,0.2398,0.2259
star,3034,Pup,117.0217,-25.9372,0.8011,0.1645,-0.5755,0.0000,0.0000,0.0000,314.1652,0.1768,0.1839,0.1995
star,3045,Pup,117.3237,-24.8597,0.8061,0.1458,-0.5735,0.0000,0.0000,0.0000,410.3534,0.3404,0.3113,0.2879
star,3046,,117.0846,-47.0778,0.6063,0.4680,-0.6429,0.0000,0.0000,0.0000,299.3354,0.1811,0.1686,0.1586
star,3055,,117.3096,-46.3733,0.6131,0.4574,-0.6441,0.0000,0.0000,0.0000,343.6830,0.2068,0.2171,0.2388
star,3067,Gem,118.3742,26.7658,0.7856,-0.6046,-0.1318,0.0000,0.0000,0.0000,281.9409,0.1460,0.1504,0.1607
star,3080,,118.0542,-40.5758,0.6703,0.3736,-0.6412,0.0000,0.0000,0.0000,375.1095,0.2844,0.2654,0.2500
star,3084,,118.1613,-38.8631,0.6865,0.3486,-0.6382,0.0000,0.0000,0.0000,314.8894,0.1733,0.1821,0.2004
star,3089,,118.2654,-49.6131,0.5707,0.4949,-0.6553,0.0000,0.0000,0.0000,304.9004,0.1613,0.1700,0.1879
star,3090,,118.3258,-48.1031,0.5878,0.4748,-0.6550,0.0000,0.0000,0.0000,333.5478,0.1962,0.2054,0.2249
star,3102,Pup,119.2146,-22.8800,0.8041,0.1017,-0.5857,0.0000,0.0000,0.0000,336.6340,0.2291,0.2215,0.2148
star,3113,,119.4171,-30.3347,0.7518,0.2146,-0.6235,0.0000,0.0000,0.0000,293.8719,0.1605,0.1645,0.1746
star,3117,Car,119.1946,-52.9822,0.5256,0.5332,-0.6630,0.0000,0.0000,0.0000,398.2521,0.2777,0.2916,0.3206
star,3122,Mon,119.9338,-3.6797,0.8648,-0.2015,-0.4599,0.0000,0.0000,0.0000,284.5496,0.1637,0.1501,0.1392
star,3129,,119.5600,-49.2450,0.5679,0.4834,-0.6662,0.0000,0.0000,0.0000,320.7436,0.1805,0.1893,0.2080
star,3131,,119.9667,-18.3992,0.8220,0.0264,-0.5688,0.0000,0.0000,0.0000,306.3078,0.1720,0.1773,0.1897
star,3141,Mon,120.3054,-1.3925,0.8631,-0.2390,-0.4449,0.0000,0.0000,0.0000,301.4103,0.1837,0.1642,0.1483
star,3145,,120.5662,2.3344,0.8603,-0.2966,-0.4146,0.0000,0.0000,0.0000,322.2241,0.2099,0.1918,0.1772
star,3149,Gem,120.8796,27.7942,0.7592,-0.6335,-0.1490,0.0000,0.0000,0.0000,283.8952,0.1629,0.1508,0.1410
star,3159,,120.0833,-63.5675,0.3852,0.6526,-0.6525,0.0000,0.0000,0.0000,291.8489,0.1494,0.1567,0.1722
star,3165,Pup,120.8963,-40.0033,0.6573,0.3484,-0.6682,0.0000,0.0000,0.0000,527.4217,0.4801,0.5069,0.5623
star,3173,Lyn,122.1142,51.5067,0.5272,-0.8413,0.1195,0.0000,0.0000,0.0000,290.5080,0.1539,0.1589,0.1706
star,3185,Pup,121.8858,-24.3042,0.7738,0.1048,-0.6246,0.0000,0.0000,0.0000,463.6156,0.4330,0.4286,0.4345
star,3188,Mon,122.1483,-2.9839,0.8455,-0.2291,-0.4823,0.0000,0.0000,0.0000,325.9553,0.2148,0.2018,0.1914
star,3192,Pup,122.2567,-19.2450,0.7984,0.0230,-0.6017,0.0000,0.0000,0.0000,321.4830,0.1819,0.1906,0.2089
star,3206,Vel,122.3721,-47.3458,0.5723,0.4436,-0.6898,0.0000,0.0000,0.0000,331.2516,0.1904,0.2006,0.2218
star,3207,Vel,122.3833,-47.3367,0.5723,0.4434,-0.6898,0.0000,0.0000,0.0000,587.7032,0.6005,0.6322,0.6982
star,3211,Pup,122.8179,-12.9269,0.8191,-0.0803,-0.5680,0.0000,0.0000,0.0000,298.6469,0.1803,0.1698,0.1613
star,3220,,122.2529,-61.3025,0.4061,0.6199,-0.6714,0.0000,0.0000,0.0000,295.9089,0.1764,0.1746,0.1770
star,3223,Vol,121.9825,-68.6172,0.3093,0.6987,-0.6451,0.0000,0.0000,0.0000,325.2056,0.1875,0.1959,0.2138
star,3225,,122.8396,-39.6186,0.6472,0.3314,-0.6865,0.0000,0.0000,0.0000,317.8030,0.2042,0.1805,0.1611
star,3226,,122.8579,-42.9872,0.6145,0.3800,-0.6914,0.0000,0.0000,0.0000,296.5910,0.1645,0.1681,0.1778
star,3229,Pup,123.3333,-15.7883,0.8040,-0.0391,-0.5934,0.0000,0.0000,0.0000,280.6455,0.1592,0.1481,0.1391
star,3237,,123.3733,-35.8997,0.6765,0.2731,-0.6840,0.0000,0.0000,0.0000,294.5493,0.1538,0.1607,0.1754
star,3243,,123.5121,-40.3481,0.6354,0.3382,-0.6941,0.0000,0.0000,0.0000,318.5356,0.2051,0.1889,0.1758
star,3249,Cnc,124.1288,9.1856,0.8172,-0.4221,-0.3925,0.0000,0.0000,0.0000,393.6933,0.3133,0.2804,0.2535
star,3270,,124.6388,-36.6594,0.6600,0.2769,-0.6983,0.0000,0.0000,0.0000,317.8030,0.1906,0.1940,0.2042
star,3275,Lyn,125.7088,43.1881,0.5920,-0.8058,-0.0123,0.0000,0.0000,0.0000,332.7806,0.2239,0.1991,0.1789
star,3282,,125.3458,-33.0544,0.6837,0.2178,-0.6965,0.0000,0.0000,0.0000,291.1776,0.1714,0.1538,0.1395
star,3294,,125.6317,-48.4903,0.5387,0.4430,-0.7166,0.0000,0.0000,0.0000,291.8489,0.1499,0.1571,0.1722
star,3307,Car,125.6283,-59.5097,0.4124,0.5864,-0.6972,0.0000,0.0000,0.0000,576.9764,0.6730,0.6131,0.5650
star,3314,,126.4150,-3.9064,0.8029,-0.2466,-0.5427,0.0000,0.0000,0.0000,360.7099,0.2343,0.2432,0.2630
star,3318,Cha,124.6317,-76.9197,0.1862,0.7687,-0.6119,0.0000,0.0000,0.0000,346.8630,0.2384,0.2377,0.2432
star,3323,UMa,127.5662,60.7181,0.3877,-0.9012,0.1936,0.0000,0.0000,0.0000,408.4680,0.3373,0.3215,0.3085
star,3340,Cha,125.1604,-77.4844,0.1772,0.7725,-0.6098,0.0000,0.0000,0.0000,325.2056,0.2138,0.1970,0.1836
star,3347,Vol,126.4342,-66.1369,0.3255,0.6601,-0.6770,0.0000,0.0000,0.0000,371.6704,0.2793,0.2581,0.2412
star,3359,,127.3650,-44.7250,0.5647,0.3811,-0.7320,0.0000,0.0000,0.0000,280.6455,0.1384,0.1451,0.1592
star,3403,UMa,130.0533,64.3278,0.3316,-0.9161,0.2252,0.0000,0.0000,0.0000,307.0139,0.1905,0.1754,0.1633
star,3410,Hya,129.4142,5.7036,0.7688,-0.4106,-0.4904,0.0000,0.0000,0.0000,339.7489,0.2086,0.2162,0.2333
star,3414,,128.8317,-58.0092,0.4127,0.5559,-0.7216,0.0000,0.0000,0.0000,289.1732,0.1690,0.1584,0.1497
star,3418,Hya,129.6892,3.3414,0.7682,-0.3783,-0.5165,0.0000,0.0000,0.0000,318.5356,0.2051,0.1881,0.1745
star,3426,,129.4112,-42.9892,0.5652,0.3453,-0.7493,0.0000,0.0000,0.0000,341.3171,0.2148,0.2208,0.2355
star,3431,Hya,130.0062,-12.4753,0.7479,-0.1381,-0.6493,0.0000,0.0000,0.0000,281.2924,0.1600,0.1439,0.1309
star,3433,Pyx,129.9271,-29.5611,0.6670,0.1354,-0.7326,0.0000,0.0000,0.0000,287.1825,0.1667,0.1579,0.1506
star,3438,Pyx,130.0258,-35.3083,0.6249,0.2251,-0.7475,0.0000,0.0000,0.0000,354.9425,0.2547,0.2401,0.2283
star,3441,Hya,130.4304,-15.9433,0.7319,-0.0857,-0.6760,0.0000,0.0000,0.0000,287.8446,0.1675,0.1559,0.1466
star,3445,,130.1567,-46.6489,0.5247,0.3953,-0.7540,0.0000,0.0000,0.0000,365.7278,0.2704,0.2618,0.2541
star,3447,,130.0733,-52.9219,0.4614,0.4840,-0.7436,0.0000,0.0000,0.0000,384.7318,0.2592,0.2721,0.2992
star,3449,Cnc,130.8212,21.4686,0.7042,-0.6270,-0.3330,0.0000,0.0000,0.0000,302.8015,0.1663,0.1721,0.1854
star,3452,,130.3046,-47.3169,0.5170,0.4043,-0.7545,0.0000,0.0000,0.0000,295.2283,0.1610,0.1654,0.1762
star,3454,Hya,130.8063,3.3986,0.7556,-0.3868,-0.5286,0.0000,0.0000,0.0000,328.9713,0.1888,0.1985,0.2188
star,3457,,130.1542,-59.7611,0.3849,0.5733,-0.7233,0.0000,0.0000,0.0000,326.7067,0.1892,0.1977,0.2158
star,3459,,130.9183,-7.2336,0.7496,-0.2267,-0.6218,0.0000,0.0000,0.0000,305.6033,0.1888,0.1800,0.1727
star,3461,Cnc,131.1712,18.1542,0.7153,-0.5892,-0.3757,0.0000,0.0000,0.0000,357.4029,0.2582,0.2399,0.2252
star,3467,,130.6062,-53.1139,0.4557,0.4844,-0.7468,0.0000,0.0000,0.0000,289.1732,0.1467,0.1539,0.1690
star,3468,Pyx,130.8979,-33.1864,0.6326,0.1870,-0.7516,0.0000,0.0000,0.0000,379.4530,0.2521,0.2647,0.2911
star,3475,Cnc,131.6742,28.7600,0.6548,-0.7126,-0.2518,0.0000,0.0000,0.0000,350.8795,0.2489,0.2329,0.2200
star,3477,,131.1000,-42.6492,0.5543,0.3317,-0.7634,0.0000,0.0000,0.0000,346.8630,0.2432,0.2311,0.2211
star,3482,Hya,131.6942,6.4189,0.7420,-0.4363,-0.5090,0.0000,0.0000,0.0000,406.5913,0.3342,0.3247,0.3161
star,3484,Hya,131.5938,-13.5478,0.7271,-0.1316,-0.6738,0.0000,0.0000,0.0000,327.4598,0.2168,0.2053,0.1959
star,3485,Vel,131.1758,-54.7083,0.4349,0.5037,-0.7464,0.0000,0.0000,0.0000,563.8428,0.5786,0.5980,0.6427
star,3487,,131.5071,-46.0417,0.5198,0.3801,-0.7651,0.0000,0.0000,0.0000,359.8803,0.2340,0.2426,0.2618
star,3492,Hya,132.1083,5.8378,0.7380,-0.4307,-0.5194,0.0000,0.0000,0.0000,324.4577,0.1889,0.1964,0.2128
star,3498,,131.6771,-56.7697,0.4093,0.5293,-0.7432,0.0000,0.0000,0.0000,314.8894,0.1739,0.1825,0.2004
star,3518,Pyx,132.6329,-27.7100,0.6513,0.0898,-0.7535,0.0000,0.0000,0.0000,351.6884,0.2500,0.2280,0.2103
star,3520,,132.4487,-45.3081,0.5189,0.3649,-0.7730,0.0000,0.0000,0.0000,284.5496,0.1476,0.1525,0.1637
star,3547,Hya,133.8483,5.9456,0.7173,-0.4437,-0.5373,0.0000,0.0000,0.0000,432.6712,0.3784,0.3545,0.3352
star,3556,Pyx,133.8812,-27.6819,0.6383,0.0821,-0.7654,0.0000,0.0000,0.0000,287.1825,0.1521,0.1563,0.1667
star,3569,UMa,134.8017,48.0417,0.4744,-0.8801,-0.0208,0.0000,0.0000,0.0000,429.6928,0.3461,0.3534,0.3733
star,3571,,133.7617,-60.6447,0.3541,0.5725,-0.7395,0.0000,0.0000,0.0000,365.7278,0.2375,0.2480,0.2704
star,3572,Cnc,134.6217,11.8578,0.6966,-0.5302,-0.4834,0.0000,0.0000,0.0000,332.7806,0.2054,0.2107,0.2239
star,3574,,134.0808,-52.7236,0.4351,0.4651,-0.7710,0.0000,0.0000,0.0000,300.7170,0.1600,0.1673,0.1828
star,3576,UMa,135.6362,67.6297,0.2661,-0.9328,0.2431,0.0000,0.0000,0.0000,295.9089,0.1770,0.1577,0.1419
star,3579,,135.1600,41.7828,0.5258,-0.8435,-0.1100,0.0000,0.0000,0.0000,354.9425,0.2547,0.2519,0.2547
star,3582,,134.2433,-59.2294,0.3665,0.5527,-0.7485,0.0000,0.0000,0.0000,285.2056,0.1422,0.1494,0.1644
star,3591,,135.0225,-41.2539,0.5314,0.2913,-0.7955,0.0000,0.0000,0.0000,317.8030,0.2042,0.1991,0.1944
star,3594,UMa,135.9062,47.1567,0.4732,-0.8800,-0.0410,0.0000,0.0000,0.0000,386.5076,0.2699,0.2798,0.3020
star,3612,,136.6325,38.4522,0.5378,-0.8263,-0.1677,0.0000,0.0000,0.0000,309.8547,0.1941,0.1811,0.1706
star,3613,Hya,136.4933,5.0922,0.6857,-0.4482,-0.5735,0.0000,0.0000,0.0000,281.9409,0.1607,0.1472,0.1364
star,3614,,136.0387,-47.0978,0.4726,0.3755,-0.7973,0.0000,0.0000,0.0000,373.3860,0.2818,0.2587,0.2402
star,3615,Vol,135.6117,-66.3961,0.2801,0.6381,-0.7172,0.0000,0.0000,0.0000,352.4991,0.2305,0.2364,0.2512
star,3616,UMa,137.5967,67.1347,0.2620,-0.9376,0.2286,0.0000,0.0000,0.0000,293.1960,0.1738,0.1731,0.1715
star,3619,UMa,137.2179,51.6047,0.4218,-0.9066,0.0129,0.0000,0.0000,0.0000,315.6153,0.1902,0.1927,0.2014
star,3624,UMa,137.7296,63.5136,0.3000,-0.9372,0.1781,0.0000,0.0000,0.0000,302.1051,0.1783,0.1789,0.1845
star,3628,Pyx,137.0121,-25.8583,0.6136,0.0348,-0.7889,0.0000,0.0000,0.0000,308.4310,0.1923,0.1705,0.1526
star,3634,Vel,136.9992,-43.4325,0.4953,0.3158,-0.8093,0.0000,0.0000,0.0000,532.3019,0.5728,0.5048,0.4487
star,3642,,136.4096,-70.5389,0.2297,0.6839,-0.6925,0.0000,0.0000,0.0000,299.3354,0.1577,0.1652,0.1811
star,3643,,136.2867,-72.6028,0.2066,0.7066,-0.6767,0.0000,0.0000,0.0000,315.6153,0.2014,0.1974,0.1934
star,3659,,137.7417,-58.9669,0.3467,0.5380,-0.7684,0.0000,0.0000,0.0000,401.0126,0.2811,0.2953,0.3251
star,3662,UMa,139.0471,54.0219,0.3851,-0.9222,0.0365,0.0000,0.0000,0.0000,291.1776,0.1589,0.1623,0.1714
star,3663,,137.8192,-62.3172,0.3120,0.5817,-0.7512,0.0000,0.0000,0.0000,354.9425,0.2206,0.2316,0.2547
star,3665,Hya,138.5912,2.3142,0.6609,-0.4206,-0.6216,0.0000,0.0000,0.0000,362.3748,0.2348,0.2444,0.2655
star,3682,,138.9029,-38.5700,0.5139,0.2310,-0.8262,0.0000,0.0000,0.0000,283.8952,0.1629,0.1509,0.1413
star,3684,,138.9379,-37.4133,0.5217,0.2123,-0.8263,0.0000,0.0000,0.0000,305.6033,0.1888,0.1873,0.1888
star,3685,Car,138.3000,-69.7172,0.2306,0.6707,-0.7050,0.0000,0.0000,0.0000,601.3925,0.6535,0.6775,0.7311
star,3690,Lyn,139.7113,36.8025,0.5178,-0.8281,-0.2150,0.0000,0.0000,0.0000,367.4160,0.2466,0.2545,0.2729
star,3696,,139.0508,-57.5414,0.3517,0.5145,-0.7820,0.0000,0.0000,0.0000,325.9553,0.2148,0.1897,0.1692
star,3699,Car,139.2725,-59.2753,0.3334,0.5374,-0.7746,0.0000,0.0000,0.0000,527.4217,0.5203,0.5317,0.5623
star,3705,Lyn,140.2637,34.3925,0.5275,-0.8110,-0.2530,0.0000,0.0000,0.0000,430.6833,0.3750,0.3335,0.2996
star,3706,Hya,139.9433,-11.9750,0.6295,-0.2078,-0.7487,0.0000,0.0000,0.0000,293.8719,0.1746,0.1648,0.1568
star,3709,Hya,140.1208,-9.5558,0.6323,-0.2475,-0.7342,0.0000,0.0000,0.0000,293.1960,0.1738,0.1640,0.1561
star,3718,Pyx,140.3733,-25.9656,0.5734,0.0186,-0.8191,0.0000,0.0000,0.0000,298.6469,0.1803,0.1593,0.1420
star,3728,,140.2367,-62.4047,0.2963,0.5763,-0.7617,0.0000,0.0000,0.0000,292.5217,0.1730,0.1631,0.1550
star,3731,Leo,141.1637,26.1822,0.5628,-0.7382,-0.3719,0.0000,0.0000,0.0000,317.0721,0.2032,0.1860,0.1722
star,3733,Pyx,140.8012,-28.8339,0.5537,0.0637,-0.8303,0.0000,0.0000,0.0000,300.7170,0.1828,0.1727,0.1645
star,3734,Vel,140.5283,-55.0108,0.3645,0.4743,-0.8014,0.0000,0.0000,0.0000,497.9182,0.4342,0.4558,0.5012
star,3748,Hya,141.8967,-8.6586,0.6100,-0.2716,-0.7444,0.0000,0.0000,0.0000,561.2522,0.6368,0.5718,0.5191
star,3749,,141.8267,-22.3439,0.5716,-0.0486,-0.8191,0.0000,0.0000,0.0000,300.7170,0.1828,0.1688,0.1576
star,3751,,144.2717,81.3264,0.0881,-0.9104,0.4042,0.0000,0.0000,0.0000,329.7297,0.2198,0.1967,0.1779
star,3757,UMa,142.8821,63.0619,0.2734,-0.9502,0.1495,0.0000,0.0000,0.0000,380.3278,0.2809,0.2825,0.2924
star,3759,Hya,142.2871,-2.7689,0.6110,-0.3656,-0.7022,0.0000,0.0000,0.0000,307.0139,0.1905,0.1905,0.1894
star,3765,Ant,142.3113,-35.9514,0.4949,0.1733,-0.8515,0.0000,0.0000,0.0000,313.4426,0.1986,0.1783,0.1619
star,3771,UMa,143.6204,69.8303,0.2045,-0.9476,0.2455,0.0000,0.0000,0.0000,309.8547,0.1941,0.1865,0.1801
star,3773,Leo,142.9300,22.9681,0.5550,-0.7129,-0.4287,0.0000,0.0000,0.0000,328.2147,0.2178,0.1939,0.1743
star,3775,UMa,143.2142,51.6772,0.3713,-0.9283,-0.0216,0.0000,0.0000,0.0000,426.7348,0.3681,0.3681,0.3659
star,3782,Leo,142.9863,11.2997,0.5903,-0.5712,-0.5703,0.0000,0.0000,0.0000,281.9409,0.1607,0.1498,0.1409
star,3786,Vel,142.6750,-40.4667,0.4613,0.2447,-0.8528,0.0000,0.0000,0.0000,386.5076,0.2928,0.2933,0.3020
star,3787,Hya,142.9954,-1.1850,0.6018,-0.3935,-0.6950,0.0000,0.0000,0.0000,309.1420,0.1759,0.1810,0.1932
star,3799,UMa,143.7062,52.0514,0.3640,-0.9312,-0.0187,0.0000,0.0000,0.0000,314.1652,0.1787,0.1851,0.1995
star,3800,LMi,143.5558,36.3975,0.4782,-0.8421,-0.2494,0.0000,0.0000,0.0000,310.5689,0.1950,0.1842,0.1755
star,3803,,142.8054,-57.0344,0.3289,0.4959,-0.8037,0.0000,0.0000,0.0000,430.6833,0.3750,0.3335,0.2996
star,3809,,143.7658,39.6214,0.4553,-0.8666,-0.2041,0.0000,0.0000,0.0000,292.5217,0.1730,0.1622,0.1535
star,3825,,143.6112,-59.2294,0.3035,0.5244,-0.7956,0.0000,0.0000,0.0000,346.0653,0.2168,0.2246,0.2421
star,3834,,144.6137,4.6492,0.5772,-0.4880,-0.6548,0.0000,0.0000,0.0000,301.4103,0.1837,0.1667,0.1530
star,3836,,144.2067,-49.3553,0.3810,0.3783,-0.8437,0.0000,0.0000,0.0000,325.2056,0.1974,0.2019,0.2138
star,3845,Hya,144.9642,-1.1428,0.5740,-0.4045,-0.7120,0.0000,0.0000,0.0000,359.8803,0.2618,0.2377,0.2182
star,3852,Leo,145.2875,9.8922,0.5610,-0.5643,-0.6057,0.0000,0.0000,0.0000,393.6933,0.3133,0.3122,0.3093
star,3856,,144.8375,-61.3281,0.2763,0.5500,-0.7881,0.0000,0.0000,0.0000,312.7217,0.1746,0.1819,0.1977
star,3858,,145.3208,-23.5917,0.5214,-0.0451,-0.8521,0.0000,0.0000,0.0000,295.2283,0.1542,0.1612,0.1762
star,3862,,145.5600,-23.9156,0.5170,-0.0408,-0.8550,0.0000,0.0000,0.0000,283.8952,0.1629,0.1614,0.1593
star,3871,Ant,146.0504,-27.7694,0.4941,0.0213,-0.8691,0.0000,0.0000,0.0000,293.8719,0.1746,0.1734,0.1715
star,3873,Leo,146.4629,23.7742,0.5056,-0.7384,-0.4462,0.0000,0.0000,0.0000,445.8184,0.4018,0.3848,0.3705
star,3884,,146.3117,-62.5078,0.2561,0.5625,-0.7861,0.0000,0.0000,0.0000,378.5803,0.2897,0.2655,0.2460
star,3888,UMa,147.7475,59.0386,0.2745,-0.9591,0.0687,0.0000,0.0000,0.0000,369.1119,0.2616,0.2644,0.2754
star,3890,Car,146.7754,-65.0719,0.2309,0.5957,-0.7693,0.0000,0.0000,0.0000,442.7495,0.3753,0.3798,0.3963
star,3894,UMa,148.0267,54.0644,0.3108,-0.9504,-0.0097,0.0000,0.0000,0.0000,307.7216,0.1720,0.1779,0.1914
star,3903,Hya,147.8696,-14.8467,0.5141,-0.2020,-0.8336,0.0000,0.0000,0.0000,342.8925,0.2377,0.2246,0.2139
star,3905,Leo,148.1908,26.0069,0.4737,-0.7692,-0.4288,0.0000,0.0000,0.0000,362.3748,0.2655,0.2432,0.2254
star,3912,,147.9200,-46.5478,0.3653,0.3221,-0.8734,0.0000,0.0000,0.0000,308.4310,0.1923,0.1766,0.1639
star,3919,,148.5513,-25.9325,0.4692,-0.0203,-0.8829,0.0000,0.0000,0.0000,287.8446,0.1675,0.1533,0.1419
star,3923,,148.7175,-19.0094,0.4909,-0.1370,-0.8604,0.0000,0.0000,0.0000,283.8952,0.1629,0.1447,0.1297
star,3940,Vel,149.2158,-54.5678,0.2967,0.4419,-0.8466,0.0000,0.0000,0.0000,391.8845,0.2737,0.2853,0.3105
star,3950,Leo,150.0533,8.0442,0.4943,-0.5618,-0.6633,0.0000,0.0000,0.0000,300.0254,0.1820,0.1612,0.1441
star,3970,Hya,151.2812,-13.0647,0.4681,-0.2462,-0.8487,0.0000,0.0000,0.0000,307.0139,0.1677,0.1749,0.1905
star,3974,LMi,151.8575,35.2447,0.3852,-0.8655,-0.3201,0.0000,0.0000,0.0000,315.6153,0.1863,0.1904,0.2014
star,3975,Leo,151.8333,16.7628,0.4520,-0.6820,-0.5750,0.0000,0.0000,0.0000,393.6933,0.2786,0.2894,0.3133
star,3980,Leo,151.9762,9.9975,0.4627,-0.5966,-0.6558,0.0000,0.0000,0.0000,323.7114,0.2118,0.1900,0.1724
star,3981,Sex,151.9846,-0.3717,0.4697,-0.4491,-0.7601,0.0000,0.0000,0.0000,314.8894,0.1779,0.1850,0.2004
star,3982,Leo,152.0929,11.9672,0.4579,-0.6230,-0.6342,0.0000,0.0000,0.0000,648.8705,0.7464,0.7797,0.8511
star,3990,,152.2346,-51.8111,0.2880,0.3920,-0.8737,0.0000,0.0000,0.0000,289.1732,0.1480,0.1547,0.1690
star,3994,Hya,152.6471,-12.3542,0.4488,-0.2635,-0.8539,0.0000,0.0000,0.0000,385.6187,0.3006,0.2813,0.2657
star,4023,,153.6842,-42.1219,0.3288,0.2325,-0.9153,0.0000,0.0000,0.0000,364.8867,0.2428,0.2507,0.2692
star,4031,Leo,154.1725,23.4172,0.3998,-0.7661,-0.5033,0.0000,0.0000,0.0000,401.0126,0.3104,0.3130,0.3251
star,4033,UMa,154.2742,42.9144,0.3179,-0.9235,-0.2148,0.0000,0.0000,0.0000,400.0903,0.2908,0.3008,0.3236
star,4037,Car,153.4342,-70.0381,0.1527,0.6484,-0.7458,0.0000,0.0000,0.0000,412.2475,0.3028,0.3157,0.3436
star,4050,,154.2708,-61.3322,0.2083,0.5295,-0.8223,0.0000,0.0000,0.0000,404.7231,0.3311,0.2948,0.2651
star,4054,Leo,154.9338,19.4708,0.3994,-0.7256,-0.5604,0.0000,0.0000,0.0000,293.8719,0.1746,0.1732,0.1746
star,4057,Leo,154.9929,19.8417,0.3976,-0.7300,-0.5559,0.0000,0.0000,0.0000,485.4651,0.4764,0.4395,0.4099
star,4058,Leo,154.9942,19.8406,0.3976,-0.7300,-0.5559,0.0000,0.0000,0.0000,369.1119,0.2754,0.2704,0.2651
star,4063,,154.9033,-55.0294,0.2431,0.4351,-0.8670,0.0000,0.0000,0.0000,309.1420,0.1932,0.1708,0.1524
star,4069,UMa,155.5821,41.4994,0.3096,-0.9192,-0.2433,0.0000,0.0000,0.0000,438.6903,0.3890,0.3448,0.3086
star,4072,,156.0329,65.5664,0.1680,-0.9751,0.1449,0.0000,0.0000,0.0000,281.9409,0.1421,0.1480,0.1607
star,4074,,155.2283,-56.0431,0.2340,0.4498,-0.8619,0.0000,0.0000,0.0000,314.1652,0.1747,0.1826,0.1995
star,4080,,155.5817,-41.6500,0.3089,0.2192,-0.9255,0.0000,0.0000,0.0000,291.1776,0.1714,0.1586,0.1483
star,4089,,155.7421,-66.9017,0.1612,0.6042,-0.7803,0.0000,0.0000,0.0000,280.6455,0.1391,0.1456,0.1592
star,4090,LMi,156.4787,33.7961,0.3317,-0.8692,-0.3667,0.0000,0.0000,0.0000,297.2748,0.1679,0.1705,0.1786
star,4094,Hya,156.5225,-16.8364,0.3813,-0.2039,-0.9017,0.0000,0.0000,0.0000,368.2630,0.2742,0.2453,0.2219
star,4100,LMi,156.9708,36.7072,0.3136,-0.8924,-0.3246,0.0000,0.0000,0.0000,335.8598,0.2280,0.2159,0.2060
star,4102,,156.0987,-74.0317,0.1115,0.6946,-0.7108,0.0000,0.0000,0.0000,352.4991,0.2428,0.2435,0.2512
star,4104,Ant,156.7879,-31.0678,0.3376,0.0369,-0.9406,0.0000,0.0000,0.0000,332.7806,0.2239,0.2008,0.1822
star,4110,,156.8517,-57.6389,0.2104,0.4706,-0.8569,0.0000,0.0000,0.0000,302.8015,0.1854,0.1842,0.1821
star,4112,UMa,157.6567,55.9806,0.2127,-0.9770,-0.0167,0.0000,0.0000,0.0000,290.5080,0.1706,0.1693,0.1672
star,4114,,156.9696,-58.7394,0.2030,0.4868,-0.8496,0.0000,0.0000,0.0000,367.4160,0.2606,0.2628,0.2729
star,4126,,158.7729,75.7131,0.0893,-0.9491,0.3019,0.0000,0.0000,0.0000,290.5080,0.1706,0.1605,0.1523
star,4132,,158.3079,40.4256,0.2814,-0.9201,-0.2723,0.0000,0.0000,0.0000,296.5910,0.1664,0.1692,0.1778
star,4133,Leo,158.2029,9.3067,0.3664,-0.6105,-0.7021,0.0000,0.0000,0.0000,364.8867,0.2348,0.2458,0.2692
star,4134,,157.8408,-53.7156,0.2232,0.4087,-0.8850,0.0000,0.0000,0.0000,287.1825,0.1667,0.1659,0.1642
star,4138,,157.5838,-71.9931,0.1179,0.6680,-0.7348,0.0000,0.0000,0.0000,297.2748,0.1608,0.1662,0.1786
star,4140,,158.0058,-61.6853,0.1776,0.5281,-0.8304,0.0000,0.0000,0.0000,412.2475,0.3023,0.3154,0.3436
star,4142,,157.7583,-73.2217,0.1093,0.6831,-0.7221,0.0000,0.0000,0.0000,284.5496,0.1637,0.1440,0.1278
star,4159,,158.8971,-57.5578,0.1931,0.4656,-0.8636,0.0000,0.0000,0.0000,317.8030,0.2042,0.1805,0.1611
star,4162,,159.3071,-27.4125,0.3137,-0.0331,-0.9490,0.0000,0.0000,0.0000,287.1825,0.1667,0.1474,0.1315
star,4163,,159.3883,-13.3844,0.3425,-0.2706,-0.8997,0.0000,0.0000,0.0000,291.8489,0.1722,0.1478,0.1270
star,4166,LMi,159.6800,31.9761,0.2946,-0.8636,-0.4091,0.0000,0.0000,0.0000,299.3354,0.1811,0.1733,0.1667
star,4167,,159.3254,-48.2258,0.2352,0.3182,-0.9184,0.0000,0.0000,0.0000,365.7278,0.2575,0.2599,0.2704
star,4171,Hya,159.6458,-16.8767,0.3328,-0.2132,-0.9186,0.0000,0.0000,0.0000,285.8631,0.1652,0.1561,0.1487
star,4174,Cha,158.8671,-78.6078,0.0712,0.7454,-0.6628,0.0000,0.0000,0.0000,343.6830,0.2388,0.2118,0.1898
star,4177,,159.6879,-59.1831,0.1778,0.4887,-0.8541,0.0000,0.0000,0.0000,302.8015,0.1854,0.1658,0.1500
star,4180,,159.8267,-55.6033,0.1948,0.4342,-0.8795,0.0000,0.0000,0.0000,330.4898,0.2208,0.2060,0.1940
star,4196,,160.5583,-64.4664,0.1435,0.5641,-0.8131,0.0000,0.0000,0.0000,291.8489,0.1502,0.1572,0.1722
star,4199,Car,160.7392,-64.3944,0.1426,0.5629,-0.8142,0.0000,0.0000,0.0000,468.9840,0.3824,0.4026,0.4446
star,4200,,160.8837,-60.5667,0.1609,0.5074,-0.8466,0.0000,0.0000,0.0000,309.1420,0.1932,0.1696,0.1500
star,4205,,161.0287,-63.9611,0.1427,0.5564,-0.8186,0.0000,0.0000,0.0000,291.8489,0.1505,0.1574,0.1722
star,4216,Vel,161.6925,-49.4200,0.2043,0.3329,-0.9205,0.0000,0.0000,0.0000,476.6044,0.4592,0.4348,0.4149
star,4222,,161.7133,-64.3833,0.1357,0.5615,-0.8163,0.0000,0.0000,0.0000,289.8398,0.1479,0.1549,0.1698
star,4232,Hya,162.4062,-16.1936,0.2903,-0.2324,-0.9283,0.0000,0.0000,0.0000,432.6712,0.3784,0.3458,0.3195
star,4234,Cha,161.4450,-80.5403,0.0523,0.7653,-0.6416,0.0000,0.0000,0.0000,317.8030,0.1766,0.1855,0.2042
star,4247,LMi,163.3279,34.2150,0.2372,-0.8900,-0.3894,0.0000,0.0000,0.0000,366.5709,0.2716,0.2534,0.2387
star,4248,UMa,163.4946,43.1900,0.2071,-0.9467,-0.2467,0.0000,0.0000,0.0000,299.3354,0.1605,0.1670,0.1811
star,4257,,163.3733,-58.8533,0.1480,0.4783,-0.8656,0.0000,0.0000,0.0000,370.8156,0.2780,0.2618,0.2487
star,4259,Leo,163.9033,24.7497,0.2518,-0.8082,-0.5323,0.0000,0.0000,0.0000,314.1652,0.1787,0.1851,0.1995
star,4273,Ant,164.1796,-37.1378,0.2173,0.1225,-0.9684,0.0000,0.0000,0.0000,307.0139,0.1905,0.1779,0.1678
star,4287,Crt,164.9437,-18.2989,0.2466,-0.2031,-0.9476,0.0000,0.0000,0.0000,346.0653,0.2421,0.2247,0.2107
star,4291,Leo,165.1400,3.6175,0.2559,-0.5509,-0.7944,0.0000,0.0000,0.0000,290.5080,0.1706,0.1572,0.1465
star,4293,,165.0387,-42.2258,0.1912,0.2076,-0.9594,0.0000,0.0000,0.0000,322.2241,0.1915,0.1968,0.2099
star,4294,Leo,165.1867,6.1014,0.2542,-0.5862,-0.7692,0.0000,0.0000,0.0000,280.6455,0.1467,0.1502,0.1592
star,4295,UMa,165.4604,56.3825,0.1390,-0.9898,-0.0305,0.0000,0.0000,0.0000,513.0480,0.4740,0.4920,0.5321
star,4299,Leo,165.4571,-2.4847,0.2509,-0.4609,-0.8513,0.0000,0.0000,0.0000,297.2748,0.1786,0.1580,0.1410
star,4300,Leo,165.5825,20.1797,0.2337,-0.7639,-0.6015,0.0000,0.0000,0.0000,320.0059,0.1867,0.1928,0.2070
star,4301,UMa,165.9321,61.7508,0.1150,-0.9915,0.0602,0.0000,0.0000,0.0000,586.3515,0.6950,0.6464,0.6072
star,4310,Leo,166.2542,7.3361,0.2357,-0.6056,-0.7600,0.0000,0.0000,0.0000,304.9004,0.1805,0.1816,0.1879
star,4314,Hya,166.3329,-27.2936,0.2100,-0.0517,-0.9763,0.0000,0.0000,0.0000,283.8952,0.1580,0.1583,0.1629
star,4325,,166.6350,-62.4242,0.1070,0.5278,-0.8426,0.0000,0.0000,0.0000,306.3078,0.1897,0.1771,0.1670
star,4335,UMa,167.4158,44.4986,0.1554,-0.9593,-0.2357,0.0000,0.0000,0.0000,442.7495,0.3963,0.3660,0.3416
star,4337,,167.1475,-58.9750,0.1146,0.4757,-0.8721,0.0000,0.0000,0.0000,359.8803,0.2618,0.2397,0.2219
star,4343,Crt,167.9146,-22.8258,0.1930,-0.1317,-0.9723,0.0000,0.0000,0.0000,315.6153,0.1810,0.1872,0.2014
star,4352,,168.1500,-60.3175,0.1017,0.4951,-0.8629,0.0000,0.0000,0.0000,307.0139,0.1905,0.1883,0.1855
star,4357,Leo,168.5271,20.5236,0.1863,-0.7732,-0.6062,0.0000,0.0000,0.0000,491.0865,0.4456,0.4577,0.4875
star,4359,Leo,168.5600,15.4294,0.1912,-0.7147,-0.6728,0.0000,0.0000,0.0000,410.3534,0.3037,0.3151,0.3404
star,4362,Leo,168.8008,23.0956,0.1787,-0.8010,-0.5714,0.0000,0.0000,0.0000,304.9004,0.1879,0.1656,0.1472
star,4368,Leo,169.1654,-3.6517,0.1876,-0.4502,-0.8730,0.0000,0.0000,0.0000,316.3429,0.1884,0.1920,0.2023
star,4374,UMa,169.5454,31.5292,0.1547,-0.8800,-0.4492,0.0000,0.0000,0.0000,288.5081,0.1683,0.1652,0.1620
star,4375,UMa,169.5458,31.5292,0.1547,-0.8800,-0.4492,0.0000,0.0000,0.0000,320.7436,0.2080,0.2044,0.2006
star,4377,UMa,169.6196,33.0942,0.1510,-0.8925,-0.4251,0.0000,0.0000,0.0000,397.3361,0.3192,0.2876,0.2621
star,4380,UMa,169.7829,38.1856,0.1394,-0.9283,-0.3447,0.0000,0.0000,0.0000,294.5493,0.1603,0.1647,0.1754
star,4382,Crt,169.8354,-14.7786,0.1706,-0.2715,-0.9472,0.0000,0.0000,0.0000,390.0839,0.3076,0.2846,0.2662
star,4386,Leo,170.2842,6.0294,0.1678,-0.5949,-0.7861,0.0000,0.0000,0.0000,348.4641,0.2171,0.2260,0.2455
star,4390,Cen,170.2517,-54.4911,0.0983,0.4029,-0.9099,0.0000,0.0000,0.0000,361.5414,0.2301,0.2411,0.2642
star,4392,UMa,170.7067,43.4828,0.1172,-0.9586,-0.2594,0.0000,0.0000,0.0000,280.6455,0.1592,0.1493,0.1413
star,4399,Leo,170.9812,10.5292,0.1541,-0.6567,-0.7382,0.0000,0.0000,0.0000,357.4029,0.2551,0.2535,0.2582
star,4402,Crt,171.1525,-10.8594,0.1511,-0.3383,-0.9288,0.0000,0.0000,0.0000,291.1776,0.1714,0.1523,0.1367
star,4405,Crt,171.2204,-17.6839,0.1454,-0.2246,-0.9635,0.0000,0.0000,0.0000,346.0653,0.2255,0.2298,0.2421
star,4418,Leo,171.9842,2.8561,0.1393,-0.5521,-0.8221,0.0000,0.0000,0.0000,283.2422,0.1622,0.1519,0.1436
star,4432,Leo,172.5788,-3.0036,0.1290,-0.4651,-0.8758,0.0000,0.0000,0.0000,295.2283,0.1762,0.1568,0.1410
star,4434,Dra,172.8508,69.3311,0.0439,-0.9824,0.1817,0.0000,0.0000,0.0000,365.7278,0.2704,0.2391,0.2133
star,4450,Hya,173.2504,-31.8578,0.0998,0.0180,-0.9948,0.0000,0.0000,0.0000,391.8845,0.3105,0.2927,0.2783
star,4460,,173.6904,-54.2642,0.0642,0.3968,-0.9157,0.0000,0.0000,0.0000,305.6033,0.1664,0.1735,0.1888
star,4467,Cen,173.9450,-63.0197,0.0479,0.5315,-0.8457,0.0000,0.0000,0.0000,430.6833,0.3328,0.3460,0.3750
star,4468,Crt,174.1704,-9.8022,0.1001,-0.3590,-0.9280,0.0000,0.0000,0.0000,300.0254,0.1604,0.1672,0.1820
star,4471,Leo,174.2371,-0.8239,0.1004,-0.5001,-0.8602,0.0000,0.0000,0.0000,328.9713,0.2188,0.2049,0.1938
star,4494,Hya,175.0533,-34.7447,0.0709,0.0669,-0.9952,0.0000,0.0000,0.0000,300.0254,0.1607,0.1674,0.1820
star,4499,,175.2233,-62.0900,0.0390,0.5172,-0.8550,0.0000,0.0000,0.0000,283.8952,0.1629,0.1503,0.1402
star,4514,Crt,176.1908,-18.3508,0.0631,-0.2179,-0.9739,0.0000,0.0000,0.0000,297.9600,0.1795,0.1687,0.1599
star,4515,Vir,176.3212,8.2583,0.0635,-0.6318,-0.7726,0.0000,0.0000,0.0000,289.8398,0.1571,0.1606,0.1698
star,4517,Vir,176.4650,6.5294,0.0613,-0.6082,-0.7914,0.0000,0.0000,0.0000,350.0725,0.2477,0.2211,0.1994
star,4518,UMa,176.5125,47.7794,0.0409,-0.9802,-0.1935,0.0000,0.0000,0.0000,376.8409,0.2871,0.2641,0.2456
star,4520,Mus,176.4017,-66.7286,0.0248,0.5843,-0.8111,0.0000,0.0000,0.0000,382.9641,0.2732,0.2797,0.2965
star,4522,,176.6283,-61.1783,0.0284,0.5031,-0.8637,0.0000,0.0000,0.0000,343.6830,0.2388,0.2261,0.2157
star,4523,,176.6296,-40.5006,0.0447,0.1657,-0.9852,0.0000,0.0000,0.0000,285.8631,0.1652,0.1609,0.1569
star,4527,Leo,176.9963,20.2189,0.0492,-0.7789,-0.6252,0.0000,0.0000,0.0000,312.0025,0.1968,0.1944,0.1916
star,4530,Mus,177.0596,-66.8147,0.0202,0.5854,-0.8105,0.0000,0.0000,0.0000,298.6469,0.1803,0.1605,0.1443
star,4534,Leo,177.2650,14.5719,0.0462,-0.7136,-0.6991,0.0000,0.0000,0.0000,540.9511,0.5376,0.5535,0.5916
star,4537,,177.4213,-63.7883,0.0199,0.5418,-0.8403,0.0000,0.0000,0.0000,327.4598,0.1888,0.1977,0.2168
star,4538,,177.4858,-70.2258,0.0148,0.6325,-0.7744,0.0000,0.0000,0.0000,281.9409,0.1607,0.1448,0.1319
star,4540,Vir,177.6738,1.7647,0.0406,-0.5408,-0.8402,0.0000,0.0000,0.0000,385.6187,0.3006,0.2970,0.2926
star,4546,,177.7862,-45.1736,0.0272,0.2451,-0.9691,0.0000,0.0000,0.0000,317.0721,0.2032,0.1848,0.1700
star,4549,,177.9633,-65.2061,0.0149,0.5623,-0.8268,0.0000,0.0000,0.0000,286.5220,0.1455,0.1520,0.1660
star,4552,Hya,178.2275,-33.9081,0.0257,0.0509,-0.9984,0.0000,0.0000,0.0000,330.4898,0.1940,0.2025,0.2208
star,4554,UMa,178.4575,53.6947,0.0159,-0.9956,-0.0923,0.0000,0.0000,0.0000,504.8450,0.4606,0.4774,0.5152
star,4583,Cha,179.9054,-78.2219,0.0003,0.7340,-0.6792,0.0000,0.0000,0.0000,285.8631,0.1461,0.1521,0.1652
star,4589,Vir,180.2183,6.6142,-0.0038,-0.6103,-0.7921,0.0000,0.0000,0.0000,302.8015,0.1697,0.1742,0.1854
star,4599,Cru,180.7562,-63.3128,-0.0059,0.5346,-0.8451,0.0000,0.0000,0.0000,326.7067,0.2038,0.2065,0.2158
star,4603,Cru,181.0800,-63.1656,-0.0085,0.5324,-0.8464,0.0000,0.0000,0.0000,298.6469,0.1589,0.1657,0.1803
star,4608,Vir,181.3021,8.7331,-0.0225,-0.6391,-0.7688,0.0000,0.0000,0.0000,342.8925,0.2377,0.2231,0.2114
star,4616,Cru,181.7204,-64.6136,-0.0129,0.5537,-0.8326,0.0000,0.0000,0.0000,340.5321,0.2259,0.2269,0.2344
star,4618,,182.0217,-50.6614,-0.0224,0.3367,-0.9414,0.0000,0.0000,0.0000,316.3429,0.1762,0.1846,0.2023
star,4621,Cen,182.0896,-50.7225,-0.0231,0.3377,-0.9410,0.0000,0.0000,0.0000,486.5842,0.4190,0.4380,0.4786
star,4623,Crv,182.1033,-24.7289,-0.0333,-0.1089,-0.9935,0.0000,0.0000,0.0000,350.8795,0.2383,0.2400,0.2489
star,4630,Crv,182.5312,-22.6197,-0.0408,-0.1453,-0.9886,0.0000,0.0000,0.0000,443.7701,0.3981,0.3610,0.3311
star,4638,Cen,182.9129,-52.3686,-0.0310,0.3648,-0.9306,0.0000,0.0000,0.0000,355.7607,0.2228,0.2334,0.2559
star,4656,Cru,183.7862,-58.7489,-0.0343,0.4662,-0.8840,0.0000,0.0000,0.0000,464.6843,0.3748,0.3948,0.4365
star,4660,UMa,183.8567,57.0325,-0.0366,-0.9988,-0.0333,0.0000,0.0000,0.0000,413.1978,0.3130,0.3226,0.3451
star,4662,Crv,183.9517,-17.5419,-0.0657,-0.2316,-0.9706,0.0000,0.0000,0.0000,487.7059,0.4216,0.4405,0.4808
star,4667,Com,184.0854,23.9453,-0.0651,-0.8174,-0.5724,0.0000,0.0000,0.0000,283.2422,0.1622,0.1524,0.1445
star,4671,Mus,184.3921,-67.9608,-0.0287,0.6018,-0.7981,0.0000,0.0000,0.0000,343.6830,0.2388,0.2118,0.1898
star,4674,Cha,184.5863,-79.3122,-0.0148,0.7471,-0.6646,0.0000,0.0000,0.0000,332.0152,0.1951,0.2039,0.2228
star,4679,Cru,184.6088,-64.0031,-0.0352,0.5454,-0.8374,0.0000,0.0000,0.0000,349.2674,0.2140,0.2245,0.2466
star,4689,Vir,184.9767,-0.6669,-0.0867,-0.5031,-0.8599,0.0000,0.0000,0.0000,361.5414,0.2370,0.2454,0.2642
star,4695,Vir,185.0875,3.3125,-0.0885,-0.5617,-0.8226,0.0000,0.0000,0.0000,282.5908,0.1614,0.1488,0.1386
star,4697,Com,185.1792,17.7928,-0.0860,-0.7503,-0.6555,0.0000,0.0000,0.0000,297.2748,0.1786,0.1672,0.1579
star,4700,Cru,185.3400,-60.4011,-0.0460,0.4920,-0.8694,0.0000,0.0000,0.0000,387.3986,0.3034,0.2729,0.2482
star,4707,Com,185.6263,25.8461,-0.0882,-0.8350,-0.5432,0.0000,0.0000,0.0000,292.5217,0.1730,0.1723,0.1707
star,4716,CVn,186.0062,51.5622,-0.0650,-0.9898,-0.1265,0.0000,0.0000,0.0000,293.1960,0.1738,0.1651,0.1580
star,4729,,186.6288,-63.1225,-0.0522,0.5333,-0.8443,0.0000,0.0000,0.0000,289.1732,0.1480,0.1547,0.1690
star,4730,Cru,186.6496,-63.0992,-0.0524,0.5330,-0.8445,0.0000,0.0000,0.0000,651.8656,0.7362,0.7761,0.8590
star,4731,Cru,186.6521,-63.0994,-0.0524,0.5330,-0.8445,0.0000,0.0000,0.0000,594.5084,0.6101,0.6441,0.7145
star,4732,,186.6317,-51.4508,-0.0720,0.3516,-0.9334,0.0000,0.0000,0.0000,291.8489,0.1502,0.1572,0.1722
star,4733,Com,186.6004,27.2683,-0.1022,-0.8475,-0.5209,0.0000,0.0000,0.0000,283.2422,0.1532,0.1552,0.1622
star,4737,Com,186.7346,28.2683,-0.1033,-0.8564,-0.5058,0.0000,0.0000,0.0000,324.4577,0.2128,0.1967,0.1838
star,4743,Cen,187.0100,-50.2306,-0.0781,0.3318,-0.9401,0.0000,0.0000,0.0000,359.8803,0.2264,0.2378,0.2618
star,4757,Crv,187.4663,-16.5156,-0.1246,-0.2459,-0.9612,0.0000,0.0000,0.0000,448.9087,0.3610,0.3755,0.4074
star,4763,Cru,187.7913,-57.1133,-0.0736,0.4427,-0.8936,0.0000,0.0000,0.0000,608.3563,0.7482,0.6632,0.5935
star,4765,Dra,187.5279,69.2011,-0.0465,-0.9826,0.1797,0.0000,0.0000,0.0000,283.2422,0.1622,0.1434,0.1280
star,4773,Mus,188.1167,-72.1331,-0.0433,0.6594,-0.7505,0.0000,0.0000,0.0000,363.2102,0.2322,0.2433,0.2667
star,4775,Crv,188.0175,-16.1961,-0.1339,-0.2507,-0.9588,0.0000,0.0000,0.0000,328.2147,0.2126,0.2124,0.2178
star,4785,CVn,188.4354,41.3575,-0.1101,-0.9488,-0.2961,0.0000,0.0000,0.0000,332.0152,0.2228,0.2190,0.2150
star,4786,Crv,188.5967,-23.3967,-0.1372,-0.1270,-0.9824,0.0000,0.0000,0.0000,481.0143,0.4677,0.4434,0.4235
star,4787,Dra,188.3708,69.7883,-0.0503,-0.9804,0.1903,0.0000,0.0000,0.0000,363.2102,0.2330,0.2438,0.2667
star,4789,Com,188.7129,22.6292,-0.1398,-0.7997,-0.5839,0.0000,0.0000,0.0000,292.5217,0.1546,0.1603,0.1730
star,4795,Dra,188.6833,70.0219,-0.0516,-0.9795,0.1945,0.0000,0.0000,0.0000,283.8952,0.1629,0.1480,0.1360
star,4798,Mus,189.2958,-69.1356,-0.0575,0.6199,-0.7825,0.0000,0.0000,0.0000,476.6044,0.3964,0.4167,0.4592
star,4802,Cen,189.4258,-48.5411,-0.1084,0.3060,-0.9458,0.0000,0.0000,0.0000,364.0475,0.2417,0.2496,0.2679
star,4813,Vir,189.8117,-7.9956,-0.1688,-0.3833,-0.9081,0.0000,0.0000,0.0000,302.8015,0.1854,0.1697,0.1571
star,4817,,189.9688,-39.9875,-0.1326,0.1622,-0.9778,0.0000,0.0000,0.0000,304.1992,0.1649,0.1719,0.1871
star,4819,Cen,190.3792,-48.9597,-0.1183,0.3139,-0.9421,0.0000,0.0000,0.0000,537.2272,0.5206,0.5401,0.5834
star,4823,,190.4858,-59.6858,-0.0919,0.4843,-0.8700,0.0000,0.0000,0.0000,284.5496,0.1453,0.1510,0.1637
star,4825,Vir,190.4150,-1.4494,-0.1807,-0.4847,-0.8558,0.0000,0.0000,0.0000,382.0833,0.2862,0.2867,0.2951
star,4826,Vir,190.4150,-1.4494,-0.1807,-0.4847,-0.8558,0.0000,0.0000,0.0000,379.4530,0.2911,0.2857,0.2802
star,4828,Vir,190.4712,10.2356,-0.1788,-0.6507,-0.7380,0.0000,0.0000,0.0000,287.8446,0.1522,0.1567,0.1675
star,4831,,190.6475,-48.8131,-0.1217,0.3118,-0.9423,0.0000,0.0000,0.0000,302.8015,0.1854,0.1720,0.1613
star,4842,Cru,191.4079,-60.9811,-0.0959,0.5047,-0.8580,0.0000,0.0000,0.0000,300.7170,0.1828,0.1704,0.1603
star,4844,Mus,191.5704,-68.1081,-0.0748,0.6072,-0.7910,0.0000,0.0000,0.0000,438.6903,0.3370,0.3538,0.3890
star,4846,,191.2825,45.4403,-0.1373,-0.9651,-0.2228,0.0000,0.0000,0.0000,280.6455,0.1592,0.1366,0.1174
star,4848,,191.5946,-56.4889,-0.1110,0.4361,-0.8930,0.0000,0.0000,0.0000,303.4995,0.1619,0.1697,0.1862
star,4853,Cru,191.9300,-59.6886,-0.1043,0.4857,-0.8679,0.0000,0.0000,0.0000,663.9846,0.7652,0.8061,0.8913
star,4874,,192.6717,-33.9994,-0.1819,0.0627,-0.9813,0.0000,0.0000,0.0000,285.8631,0.1466,0.1524,0.1652
star,4883,Com,192.9246,27.5406,-0.1983,-0.8414,-0.5026,0.0000,0.0000,0.0000,283.8952,0.1629,0.1585,0.1544
star,4888,,193.2788,-48.9433,-0.1509,0.3171,-0.9363,0.0000,0.0000,0.0000,326.7067,0.2158,0.1950,0.1782
star,4889,,193.3592,-40.1789,-0.1765,0.1702,-0.9695,0.0000,0.0000,0.0000,331.2516,0.2066,0.2105,0.2218
star,4894,Com,193.3242,21.2450,-0.2148,-0.7777,-0.5908,0.0000,0.0000,0.0000,286.5220,0.1660,0.1572,0.1500
star,4897,Cru,193.6633,-59.1467,-0.1211,0.4792,-0.8693,0.0000,0.0000,0.0000,305.6033,0.1644,0.1722,0.1888
star,4898,Cru,193.6483,-57.1778,-0.1279,0.4490,-0.8843,0.0000,0.0000,0.0000,350.0725,0.2150,0.2255,0.2477
star,4902,Vir,193.5883,-9.5389,-0.2317,-0.3517,-0.9070,0.0000,0.0000,0.0000,293.8719,0.1746,0.1546,0.1382
star,4905,UMa,193.5071,55.9597,-0.1307,-0.9906,-0.0398,0.0000,0.0000,0.0000,589.0580,0.6248,0.6486,0.7015
star,4910,Vir,193.9008,3.3975,-0.2398,-0.5499,-0.8001,0.0000,0.0000,0.0000,406.5913,0.3342,0.2965,0.2656
star,4915,CVn,194.0071,38.3183,-0.1899,-0.9235,-0.3332,0.0000,0.0000,0.0000,454.1068,0.3649,0.3815,0.4169
star,4920,Com,194.7308,17.4094,-0.2426,-0.7318,-0.6369,0.0000,0.0000,0.0000,294.5493,0.1754,0.1559,0.1399
star,4923,Mus,195.5675,-71.5489,-0.0849,0.6561,-0.7499,0.0000,0.0000,0.0000,384.7318,0.2992,0.2752,0.2560
star,4924,Com,195.0687,30.7850,-0.2233,-0.8660,-0.4475,0.0000,0.0000,0.0000,286.5220,0.1660,0.1528,0.1422
star,4931,UMa,195.1825,56.3664,-0.1451,-0.9890,-0.0294,0.0000,0.0000,0.0000,284.5496,0.1587,0.1590,0.1637
star,4932,Vir,195.5442,10.9592,-0.2631,-0.6501,-0.7128,0.0000,0.0000,0.0000,461.4855,0.4305,0.4059,0.3859
star,4933,Cen,195.8883,-49.5272,-0.1777,0.3305,-0.9269,0.0000,0.0000,0.0000,289.8398,0.1523,0.1577,0.1698
star,4940,,196.5696,-48.4636,-0.1891,0.3143,-0.9303,0.0000,0.0000,0.0000,299.3354,0.1580,0.1654,0.1811
star,4942,Cen,196.7275,-49.9061,-0.1854,0.3381,-0.9227,0.0000,0.0000,0.0000,331.2516,0.1918,0.2015,0.2218
star,4954,Com,196.7946,27.6247,-0.2560,-0.8343,-0.4882,0.0000,0.0000,0.0000,293.1960,0.1738,0.1555,0.1406
star,4958,Hya,197.2638,-23.1181,-0.2729,-0.1158,-0.9550,0.0000,0.0000,0.0000,283.2422,0.1622,0.1511,0.1423
star,4963,Vir,197.4875,-5.5389,-0.2991,-0.4062,-0.8634,0.0000,0.0000,0.0000,322.9669,0.1882,0.1952,0.2109
star,4975,,198.0725,-59.9208,-0.1555,0.4963,-0.8541,0.0000,0.0000,0.0000,307.0139,0.1680,0.1751,0.1905
star,4979,,198.0133,-37.8031,-0.2443,0.1384,-0.9598,0.0000,0.0000,0.0000,289.8398,0.1698,0.1646,0.1599
star,4983,Com,197.9683,27.8781,-0.2727,-0.8339,-0.4799,0.0000,0.0000,0.0000,332.0152,0.2228,0.2196,0.2160
star,4989,,198.5617,-59.1033,-0.1635,0.4848,-0.8592,0.0000,0.0000,0.0000,285.2056,0.1644,0.1641,0.1627
star,4993,Mus,198.8121,-67.8944,-0.1213,0.6107,-0.7825,0.0000,0.0000,0.0000,293.1960,0.1532,0.1597,0.1738
star,4997,,198.4292,40.1528,-0.2416,-0.9262,-0.2894,0.0000,0.0000,0.0000,285.2056,0.1644,0.1531,0.1439
star,5002,,199.3042,-66.7836,-0.1303,0.5961,-0.7922,0.0000,0.0000,0.0000,288.5081,0.1683,0.1503,0.1357
star,5015,Vir,199.4013,5.4697,-0.3307,-0.5653,-0.7557,0.0000,0.0000,0.0000,293.1960,0.1738,0.1530,0.1359
star,5017,CVn,199.3854,40.5725,-0.2521,-0.9265,-0.2792,0.0000,0.0000,0.0000,297.9600,0.1709,0.1725,0.1795
star,5019,Vir,199.6013,-18.3114,-0.3185,-0.1913,-0.9284,0.0000,0.0000,0.0000,297.2748,0.1786,0.1729,0.1679
star,5020,Hya,199.7304,-23.1717,-0.3104,-0.1084,-0.9444,0.0000,0.0000,0.0000,443.7701,0.3981,0.3762,0.3583
star,5028,Cen,200.1492,-36.7122,-0.2761,0.1248,-0.9530,0.0000,0.0000,0.0000,470.0651,0.4022,0.4157,0.4467
star,5035,,200.6579,-60.9883,-0.1711,0.5159,-0.8394,0.0000,0.0000,0.0000,312.0025,0.1720,0.1799,0.1968
star,5041,,201.0021,-64.5358,-0.1541,0.5672,-0.8091,0.0000,0.0000,0.0000,312.0025,0.1968,0.1874,0.1796
star,5054,UMa,200.9812,54.9253,-0.2058,-0.9778,-0.0384,0.0000,0.0000,0.0000,524.9985,0.4998,0.5174,0.5572
star,5055,UMa,200.9850,54.9217,-0.2058,-0.9778,-0.0384,0.0000,0.0000,0.0000,356.5809,0.2354,0.2416,0.2570
star,5056,Vir,201.2983,-11.1614,-0.3564,-0.3049,-0.8832,0.0000,0.0000,0.0000,706.5746,0.8665,0.9128,1.0093
star,5062,UMa,201.3063,54.9881,-0.2085,-0.9774,-0.0364,0.0000,0.0000,0.0000,351.6884,0.2304,0.2358,0.2500
star,5068,Vir,201.8633,-15.9736,-0.3580,-0.2236,-0.9065,0.0000,0.0000,0.0000,295.9089,0.1770,0.1643,0.1541
star,5072,Vir,202.1075,13.7789,-0.3655,-0.6676,-0.6486,0.0000,0.0000,0.0000,281.2924,0.1600,0.1548,0.1503
star,5080,,202.4283,-23.2814,-0.3505,-0.0985,-0.9314,0.0000,0.0000,0.0000,281.9409,0.1607,0.1423,0.1272
star,5089,,202.7613,-39.4075,-0.2989,0.1772,-0.9377,0.0000,0.0000,0.0000,362.3748,0.2655,0.2444,0.2275
star,5095,Vir,202.9913,-6.2558,-0.3883,-0.3779,-0.8405,0.0000,0.0000,0.0000,300.7170,0.1828,0.1616,0.1442
star,5105,Vir,203.5329,3.6589,-0.3985,-0.5259,-0.7514,0.0000,0.0000,0.0000,283.8952,0.1464,0.1514,0.1629
star,5107,Vir,203.6733,-0.5958,-0.4015,-0.4628,-0.7903,0.0000,0.0000,0.0000,407.5285,0.3063,0.3148,0.3357
star,5110,,203.6992,37.1825,-0.3202,-0.8938,-0.3141,0.0000,0.0000,0.0000,281.2924,0.1574,0.1567,0.1600
star,5112,CVn,203.6137,49.0161,-0.2627,-0.9566,-0.1263,0.0000,0.0000,0.0000,300.0254,0.1663,0.1708,0.1820
star,5127,CVn,204.3650,36.2950,-0.3325,-0.8855,-0.3245,0.0000,0.0000,0.0000,291.8489,0.1611,0.1639,0.1722
star,5132,Cen,204.9717,-53.4664,-0.2513,0.4108,-0.8764,0.0000,0.0000,0.0000,521.3844,0.4727,0.4976,0.5495
star,5154,UMa,205.1846,54.6817,-0.2460,-0.9689,-0.0282,0.0000,0.0000,0.0000,302.8015,0.1854,0.1636,0.1457
star,5168,Cen,206.4217,-33.0439,-0.3730,0.0808,-0.9243,0.0000,0.0000,0.0000,334.3167,0.2206,0.2203,0.2259
star,5172,,206.6638,-51.4328,-0.2798,0.3833,-0.8803,0.0000,0.0000,0.0000,303.4995,0.1862,0.1752,0.1662
star,5185,Boo,206.8154,17.4567,-0.4303,-0.6956,-0.5753,0.0000,0.0000,0.0000,314.1652,0.1995,0.1991,0.1974
star,5190,Cen,207.3762,-41.6878,-0.3434,0.2285,-0.9110,0.0000,0.0000,0.0000,403.7923,0.2835,0.2984,0.3296
star,5191,UMa,206.8850,49.3133,-0.2948,-0.9495,-0.1079,0.0000,0.0000,0.0000,576.9764,0.5819,0.6113,0.6730
star,5192,Cen,207.3612,-34.4508,-0.3790,0.1077,-0.9191,0.0000,0.0000,0.0000,337.4101,0.2301,0.2056,0.1856
star,5193,Cen,207.4042,-42.4739,-0.3395,0.2416,-0.9091,0.0000,0.0000,0.0000,439.7016,0.3392,0.3558,0.3908
star,5196,Vir,207.4679,-18.1342,-0.4383,-0.1675,-0.8831,0.0000,0.0000,0.0000,281.9409,0.1607,0.1496,0.1407
star,5200,Boo,207.3692,15.7978,-0.4424,-0.6735,-0.5923,0.0000,0.0000,0.0000,346.8630,0.2432,0.2169,0.1954
star,5201,Boo,207.4283,21.2642,-0.4293,-0.7369,-0.5222,0.0000,0.0000,0.0000,285.8631,0.1652,0.1485,0.1349
star,5210,Cen,207.9567,-32.9944,-0.3932,0.0852,-0.9155,0.0000,0.0000,0.0000,309.8547,0.1696,0.1774,0.1941
star,5219,,207.9479,34.4442,-0.3865,-0.8600,-0.3331,0.0000,0.0000,0.0000,297.2748,0.1786,0.1574,0.1400
star,5221,Cen,208.3021,-31.9278,-0.4024,0.0684,-0.9129,0.0000,0.0000,0.0000,297.9600,0.1566,0.1639,0.1795
star,5226,Dra,207.8579,64.7233,-0.1995,-0.9695,0.1421,0.0000,0.0000,0.0000,303.4995,0.1862,0.1652,0.1480
star,5231,Cen,208.8850,-47.2883,-0.3277,0.3239,-0.8875,0.0000,0.0000,0.0000,492.2186,0.4213,0.4435,0.4898
star,5235,Boo,208.6713,18.3978,-0.4553,-0.6993,-0.5511,0.0000,0.0000,0.0000,477.7031,0.4613,0.4540,0.4461
star,5241,,209.4121,-63.6867,-0.2177,0.5695,-0.7927,0.0000,0.0000,0.0000,299.3354,0.1811,0.1678,0.1570
star,5248,Cen,209.5679,-42.1008,-0.3661,0.2423,-0.8985,0.0000,0.0000,0.0000,366.5709,0.2341,0.2462,0.2716
star,5249,Cen,209.6700,-44.8036,-0.3512,0.2865,-0.8914,0.0000,0.0000,0.0000,363.2102,0.2302,0.2420,0.2667
star,5260,Cen,210.4308,-45.6036,-0.3544,0.3018,-0.8851,0.0000,0.0000,0.0000,325.9553,0.2148,0.2108,0.2068
star,5264,Vir,210.4117,1.5444,-0.5060,-0.4671,-0.7251,0.0000,0.0000,0.0000,332.0152,0.2029,0.2087,0.2228
star,5267,Cen,210.9558,-60.3731,-0.2543,0.5268,-0.8111,0.0000,0.0000,0.0000,769.4104,1.0275,1.0824,1.1967
star,5285,Cen,211.5117,-41.1797,-0.3934,0.2339,-0.8891,0.0000,0.0000,0.0000,324.4577,0.1840,0.1933,0.2128
star,5287,Hya,211.5929,-26.6825,-0.4681,-0.0071,-0.8837,0.0000,0.0000,0.0000,417.0211,0.3516,0.3253,0.3042
star,5288,Cen,211.6708,-36.3700,-0.4228,0.1553,-0.8928,0.0000,0.0000,0.0000,551.0082,0.6138,0.5744,0.5426
star,5291,Dra,211.0971,64.3758,-0.2234,-0.9636,0.1470,0.0000,0.0000,0.0000,382.0833,0.2615,0.2720,0.2951
star,5297,,212.4783,-53.4392,-0.3199,0.4297,-0.8444,0.0000,0.0000,0.0000,296.5910,0.1778,0.1677,0.1594
star,5301,,212.7104,-16.3019,-0.5187,-0.1753,-0.8368,0.0000,0.0000,0.0000,285.8631,0.1652,0.1449,0.1280
star,5303,Aps,214.5575,-81.0078,-0.0887,0.7803,-0.6190,0.0000,0.0000,0.0000,285.8631,0.1553,0.1576,0.1652
star,5304,Boo,212.5996,25.0917,-0.4879,-0.7564,-0.4356,0.0000,0.0000,0.0000,291.1776,0.1714,0.1696,0.1672
star,5315,Vir,213.2242,-10.2736,-0.5391,-0.2711,-0.7974,0.0000,0.0000,0.0000,337.4101,0.2301,0.2087,0.1914
star,5321,UMi,212.2121,77.5475,-0.1149,-0.9310,0.3465,0.0000,0.0000,0.0000,291.8489,0.1722,0.1557,0.1424
star,5329,Boo,213.3708,51.7903,-0.3402,-0.9396,-0.0381,0.0000,0.0000,0.0000,311.2849,0.1820,0.1857,0.1959
star,5338,Vir,214.0037,-6.0006,-0.5562,-0.3350,-0.7605,0.0000,0.0000,0.0000,346.0653,0.2421,0.2402,0.2373
star,5339,Oct,216.7287,-83.6678,-0.0660,0.8064,-0.5877,0.0000,0.0000,0.0000,327.4598,0.2168,0.1969,0.1810
star,5340,Boo,213.9154,19.1825,-0.5270,-0.6853,-0.5026,0.0000,0.0000,0.0000,893.6306,1.6144,1.4778,1.3681
star,5350,Boo,214.0413,51.3672,-0.3495,-0.9360,-0.0411,0.0000,0.0000,0.0000,296.5910,0.1652,0.1686,0.1778
star,5351,Boo,214.0958,46.0883,-0.3888,-0.9133,-0.1213,0.0000,0.0000,0.0000,338.1879,0.2097,0.2161,0.2312
star,5354,Lup,214.8508,-46.0578,-0.3965,0.3239,-0.8590,0.0000,0.0000,0.0000,390.9831,0.2677,0.2810,0.3090
star,5358,,215.0813,-56.3867,-0.3182,0.4805,-0.8172,0.0000,0.0000,0.0000,326.7067,0.1972,0.2026,0.2158
star,5359,Vir,214.7775,-13.3711,-0.5549,-0.2133,-0.8041,0.0000,0.0000,0.0000,312.7217,0.1810,0.1858,0.1977
star,5361,,214.4992,35.5094,-0.4611,-0.8434,-0.2759,0.0000,0.0000,0.0000,292.5217,0.1730,0.1610,0.1514
star,5364,,215.1771,-45.1872,-0.4060,0.3114,-0.8592,0.0000,0.0000,0.0000,295.2283,0.1683,0.1697,0.1762
star,5367,Cen,215.1392,-37.8853,-0.4543,0.1940,-0.8695,0.0000,0.0000,0.0000,348.4641,0.2183,0.2267,0.2455
star,5370,Boo,214.9383,16.3069,-0.5497,-0.6459,-0.5298,0.0000,0.0000,0.0000,289.1732,0.1690,0.1547,0.1433
star,5371,,215.6542,-58.4594,-0.3049,0.5116,-0.8033,0.0000,0.0000,0.0000,285.2056,0.1644,0.1564,0.1498
star,5378,,215.7592,-39.5122,-0.4508,0.2229,-0.8643,0.0000,0.0000,0.0000,320.0059,0.1793,0.1883,0.2070
star,5381,Hya,215.7742,-27.7539,-0.5173,0.0294,-0.8553,0.0000,0.0000,0.0000,295.2283,0.1762,0.1601,0.1471
star,5395,Lup,216.5342,-45.2214,-0.4193,0.3170,-0.8507,0.0000,0.0000,0.0000,309.8547,0.1690,0.1771,0.1941
star,5396,Lup,216.5450,-45.3794,-0.4183,0.3195,-0.8503,0.0000,0.0000,0.0000,325.2056,0.2131,0.2109,0.2138
star,5404,Boo,216.2992,51.8508,-0.3657,-0.9305,-0.0217,0.0000,0.0000,0.0000,348.4641,0.2455,0.2442,0.2417
star,5407,Hya,217.0433,-29.4917,-0.5244,0.0642,-0.8491,0.0000,0.0000,0.0000,281.9409,0.1419,0.1478,0.1607
star,5409,Vir,217.0504,-2.2281,-0.6021,-0.3774,-0.7036,0.0000,0.0000,0.0000,292.5217,0.1730,0.1677,0.1629
star,5425,Lup,218.1537,-50.4569,-0.3933,0.4032,-0.8263,0.0000,0.0000,0.0000,320.0059,0.1790,0.1881,0.2070
star,5429,Boo,217.9575,30.3714,-0.5307,-0.7837,-0.3227,0.0000,0.0000,0.0000,388.2916,0.3048,0.2772,0.2549
star,5430,UMi,216.8812,75.6961,-0.1483,-0.9324,0.3297,0.0000,0.0000,0.0000,332.7806,0.2239,0.2010,0.1825
star,5435,Boo,218.0196,38.3083,-0.4833,-0.8497,-0.2106,0.0000,0.0000,0.0000,440.7152,0.3641,0.3717,0.3926
star,5440,Cen,218.8767,-42.1578,-0.4653,0.2781,-0.8404,0.0000,0.0000,0.0000,520.1852,0.4730,0.4969,0.5470
star,5447,Boo,218.6700,29.7450,-0.5425,-0.7744,-0.3255,0.0000,0.0000,0.0000,317.0721,0.1971,0.1974,0.2032
star,5453,Lup,219.4717,-49.4258,-0.4135,0.3925,-0.8216,0.0000,0.0000,0.0000,348.4641,0.2138,0.2239,0.2455
star,5459,Cen,219.8996,-60.8353,-0.3126,0.5559,-0.7702,0.0000,0.0000,0.0000,887.4789,1.5922,1.5414,1.4964
star,5460,Cen,219.9004,-60.8356,-0.3126,0.5560,-0.7702,0.0000,0.0000,0.0000,651.8656,0.8590,0.8152,0.7793
star,5463,Cir,220.6267,-64.9753,-0.2754,0.6113,-0.7419,0.0000,0.0000,0.0000,424.7741,0.3421,0.3476,0.3648
star,5469,Lup,220.4825,-47.3883,-0.4395,0.3656,-0.8204,0.0000,0.0000,0.0000,521.3844,0.4744,0.4987,0.5495
star,5470,Aps,221.9650,-79.0447,-0.1271,0.7688,-0.6268,0.0000,0.0000,0.0000,366.5709,0.2716,0.2441,0.2218
star,5471,,220.4900,-37.7936,-0.5131,0.2158,-0.8308,0.0000,0.0000,0.0000,352.4991,0.2180,0.2287,0.2512
star,5475,Boo,220.1817,16.4183,-0.6189,-0.6197,-0.4826,0.0000,0.0000,0.0000,283.8952,0.1449,0.1505,0.1629
star,5477,Boo,220.2871,13.7283,-0.6281,-0.5851,-0.5130,0.0000,0.0000,0.0000,291.1776,0.1714,0.1682,0.1650
star,5478,Boo,220.2871,13.7283,-0.6281,-0.5851,-0.5130,0.0000,0.0000,0.0000,319.2699,0.1859,0.1920,0.2061
star,5480,Boo,220.4117,8.1617,-0.6417,-0.5099,-0.5729,0.0000,0.0000,0.0000,289.1732,0.1690,0.1584,0.1497
star,5485,,220.9142,-35.1736,-0.5353,0.1756,-0.8262,0.0000,0.0000,0.0000,348.4641,0.2455,0.2222,0.2034
star,5487,Vir,220.7650,-5.6583,-0.6498,-0.3037,-0.6968,0.0000,0.0000,0.0000,362.3748,0.2592,0.2589,0.2655
star,5489,,221.2467,-35.1919,-0.5388,0.1775,-0.8235,0.0000,0.0000,0.0000,285.2056,0.1472,0.1525,0.1644
star,5490,Boo,220.8558,26.5278,-0.5853,-0.7314,-0.3500,0.0000,0.0000,0.0000,292.5217,0.1730,0.1524,0.1355
star,5497,Hya,221.5004,-25.4431,-0.5984,0.0199,-0.8010,0.0000,0.0000,0.0000,283.8952,0.1575,0.1580,0.1629
star,5502,Boo,221.3104,16.9644,-0.6314,-0.6201,-0.4656,0.0000,0.0000,0.0000,307.0139,0.1905,0.1789,0.1694
star,5506,Boo,221.2467,27.0742,-0.5871,-0.7349,-0.3394,0.0000,0.0000,0.0000,475.5082,0.4571,0.4296,0.4073
star,5511,Vir,221.5621,1.8928,-0.6631,-0.4135,-0.6240,0.0000,0.0000,0.0000,375.9742,0.2550,0.2645,0.2858
star,5526,Hya,222.5721,-27.9603,-0.5975,0.0669,-0.7990,0.0000,0.0000,0.0000,320.7436,0.2080,0.1874,0.1708
star,5528,Lup,222.9100,-43.5756,-0.4933,0.3176,-0.8098,0.0000,0.0000,0.0000,327.4598,0.1888,0.1977,0.2168
star,5531,Lib,222.7196,-16.0417,-0.6520,-0.1268,-0.7475,0.0000,0.0000,0.0000,470.0651,0.4107,0.4208,0.4467
star,5535,Lib,222.7542,-2.2992,-0.6783,-0.3435,-0.6496,0.0000,0.0000,0.0000,283.8952,0.1629,0.1530,0.1449
star,5544,Boo,222.8471,19.1011,-0.6426,-0.6373,-0.4253,0.0000,0.0000,0.0000,310.5689,0.1950,0.1876,0.1813
star,5563,UMi,222.6763,74.1556,-0.1851,-0.9280,0.3234,0.0000,0.0000,0.0000,548.4765,0.6081,0.5446,0.4930
star,5570,Lib,224.2958,-4.3464,-0.6964,-0.3026,-0.6508,0.0000,0.0000,0.0000,314.8894,0.1920,0.1933,0.2004
star,5571,Lup,224.6329,-43.1339,-0.5127,0.3186,-0.7973,0.0000,0.0000,0.0000,477.7031,0.3968,0.4177,0.4613
star,5576,Cen,224.7904,-42.1042,-0.5227,0.3035,-0.7967,0.0000,0.0000,0.0000,430.6833,0.3237,0.3403,0.3750
star,5586,Lib,225.2433,-8.5189,-0.7023,-0.2317,-0.6732,0.0000,0.0000,0.0000,285.2056,0.1470,0.1524,0.1644
star,5589,,224.3958,65.9325,-0.2853,-0.9327,0.2205,0.0000,0.0000,0.0000,307.0139,0.1905,0.1689,0.1512
star,5600,Boo,225.5271,25.0081,-0.6467,-0.6894,-0.3265,0.0000,0.0000,0.0000,292.5217,0.1730,0.1545,0.1395
star,5601,Vir,225.7250,2.0914,-0.7155,-0.3906,-0.5792,0.0000,0.0000,0.0000,321.4830,0.2089,0.1949,0.1836
star,5602,Boo,225.4867,40.3906,-0.5431,-0.8305,-0.1240,0.0000,0.0000,0.0000,395.5105,0.3162,0.2972,0.2818
star,5603,Lib,226.0175,-25.2819,-0.6506,0.0427,-0.7582,0.0000,0.0000,0.0000,415.1051,0.3483,0.3060,0.2709
star,5605,Lup,226.2800,-47.0511,-0.4924,0.3849,-0.7806,0.0000,0.0000,0.0000,298.6469,0.1573,0.1647,0.1803
star,5606,Lup,226.2800,-47.0511,-0.4924,0.3849,-0.7806,0.0000,0.0000,0.0000,291.8489,0.1722,0.1690,0.1658
star,5616,Boo,226.1112,26.9475,-0.6424,-0.7067,-0.2963,0.0000,0.0000,0.0000,311.2849,0.1959,0.1791,0.1657
star,5618,Boo,225.9475,47.6544,-0.4841,-0.8748,-0.0208,0.0000,0.0000,0.0000,295.9089,0.1770,0.1726,0.1685
star,5626,Lup,227.2108,-45.2797,-0.5164,0.3629,-0.7757,0.0000,0.0000,0.0000,348.4641,0.2126,0.2232,0.2455
star,5634,Boo,226.8254,24.8692,-0.6616,-0.6802,-0.3155,0.0000,0.0000,0.0000,284.5496,0.1631,0.1615,0.1637
star,5646,Lup,227.9838,-48.7378,-0.4900,0.4170,-0.7655,0.0000,0.0000,0.0000,363.2102,0.2363,0.2458,0.2667
star,5649,Lup,228.0712,-52.0992,-0.4570,0.4650,-0.7583,0.0000,0.0000,0.0000,403.7923,0.3296,0.3114,0.2966
star,5651,,228.2062,-44.5006,-0.5318,0.3560,-0.7684,0.0000,0.0000,0.0000,291.8489,0.1494,0.1567,0.1722
star,5652,Lib,228.0554,-19.7917,-0.6999,-0.0337,-0.7135,0.0000,0.0000,0.0000,311.2849,0.1727,0.1800,0.1959
star,5660,Lup,228.6554,-31.5192,-0.6400,0.1581,-0.7519,0.0000,0.0000,0.0000,285.8631,0.1607,0.1608,0.1652
star,5666,Cir,229.4121,-63.6106,-0.3375,0.6189,-0.7092,0.0000,0.0000,0.0000,289.1732,0.1690,0.1545,0.1427
star,5670,Cir,229.3783,-58.8011,-0.3932,0.5595,-0.7296,0.0000,0.0000,0.0000,346.8630,0.2210,0.2276,0.2432
star,5671,TrA,229.7275,-68.6794,-0.2774,0.6775,-0.6812,0.0000,0.0000,0.0000,455.1537,0.3744,0.3881,0.4188
star,5681,Boo,228.8758,33.3147,-0.6295,-0.7539,-0.1882,0.0000,0.0000,0.0000,398.2521,0.3206,0.3020,0.2868
star,5683,Lup,229.6333,-47.8750,-0.5111,0.4120,-0.7544,0.0000,0.0000,0.0000,331.2516,0.1955,0.2038,0.2218
star,5685,Lib,229.2517,-9.3831,-0.7474,-0.1919,-0.6360,0.0000,0.0000,0.0000,485.4651,0.4178,0.4364,0.4764
star,5686,Lup,229.4579,-30.1489,-0.6571,0.1410,-0.7405,0.0000,0.0000,0.0000,325.9553,0.2148,0.1991,0.1866
star,5695,Lup,230.3429,-40.6475,-0.5841,0.3090,-0.7506,0.0000,0.0000,0.0000,421.8500,0.3094,0.3257,0.3597
star,5704,Cir,230.8446,-59.3208,-0.3957,0.5713,-0.7191,0.0000,0.0000,0.0000,313.4426,0.1842,0.1880,0.1986
star,5705,Lup,230.4517,-36.2614,-0.6217,0.2426,-0.7447,0.0000,0.0000,0.0000,390.0839,0.3076,0.2738,0.2462
star,5708,Lup,230.6704,-44.6894,-0.5499,0.3708,-0.7484,0.0000,0.0000,0.0000,407.5285,0.2908,0.3053,0.3357
star,5712,Lup,230.7892,-36.8586,-0.6200,0.2537,-0.7425,0.0000,0.0000,0.0000,311.2849,0.1706,0.1787,0.1959
star,5723,Lib,231.0496,-10.3222,-0.7651,-0.1649,-0.6224,0.0000,0.0000,0.0000,283.8952,0.1629,0.1612,0.1629
star,5724,,231.3342,-38.7336,-0.6091,0.2853,-0.7400,0.0000,0.0000,0.0000,307.0139,0.1703,0.1766,0.1905
star,5733,Boo,231.1225,37.3772,-0.6186,-0.7772,-0.1149,0.0000,0.0000,0.0000,328.2147,0.2080,0.2097,0.2178
star,5735,UMi,230.1821,71.8339,-0.2395,-0.9173,0.3182,0.0000,0.0000,0.0000,438.6903,0.3509,0.3624,0.3890
star,5744,Dra,231.2325,58.9661,-0.4020,-0.9007,0.1646,0.0000,0.0000,0.0000,415.1051,0.3483,0.3210,0.2991
star,5747,CrB,231.9571,29.1058,-0.6881,-0.6943,-0.2110,0.0000,0.0000,0.0000,379.4530,0.2757,0.2790,0.2911
star,5771,TrA,234.1800,-66.3169,-0.3257,0.6639,-0.6732,0.0000,0.0000,0.0000,343.6830,0.2388,0.2199,0.2047
star,5776,Lup,233.7854,-41.1669,-0.6074,0.3352,-0.7203,0.0000,0.0000,0.0000,466.8292,0.3803,0.3998,0.4406
star,5777,Lib,233.5446,-10.0644,-0.7919,-0.1515,-0.5915,0.0000,0.0000,0.0000,305.6033,0.1888,0.1767,0.1669
star,5778,CrB,233.2325,31.3592,-0.6841,-0.7093,-0.1701,0.0000,0.0000,0.0000,341.3171,0.2058,0.2153,0.2355
star,5781,,233.9717,-44.9586,-0.5723,0.3913,-0.7207,0.0000,0.0000,0.0000,311.2849,0.1697,0.1781,0.1959
star,5787,Lib,233.8817,-14.7894,-0.7810,-0.0747,-0.6200,0.0000,0.0000,0.0000,359.8803,0.2618,0.2450,0.2314
star,5788,Ser,233.7004,10.5375,-0.7923,-0.4565,-0.4047,0.0000,0.0000,0.0000,369.1119,0.2595,0.2632,0.2754
star,5789,Ser,233.7004,10.5392,-0.7923,-0.4565,-0.4047,0.0000,0.0000,0.0000,369.1119,0.2595,0.2632,0.2754
star,5793,CrB,233.6721,26.7147,-0.7196,-0.6579,-0.2221,0.0000,0.0000,0.0000,529.8562,0.5055,0.5248,0.5675
star,5794,Lib,234.2562,-28.1350,-0.7157,0.1389,-0.6844,0.0000,0.0000,0.0000,388.2916,0.3048,0.2751,0.2512
star,5797,Lup,234.5133,-42.5675,-0.5997,0.3596,-0.7149,0.0000,0.0000,0.0000,326.7067,0.2158,0.1941,0.1765
star,5812,Lib,234.6642,-29.7778,-0.7081,0.1672,-0.6861,0.0000,0.0000,0.0000,381.2045,0.2549,0.2674,0.2938
star,5820,Lup,234.9417,-34.4119,-0.6753,0.2403,-0.6973,0.0000,0.0000,0.0000,302.1051,0.1845,0.1730,0.1637
star,5824,Lib,235.0704,-23.8181,-0.7500,0.0764,-0.6570,0.0000,0.0000,0.0000,282.5908,0.1614,0.1464,0.1343
star,5825,,235.2971,-44.6611,-0.5848,0.3940,-0.7091,0.0000,0.0000,0.0000,304.1992,0.1840,0.1832,0.1871
star,5826,UMi,232.8538,77.3494,-0.1746,-0.9045,0.3892,0.0000,0.0000,0.0000,282.5908,0.1614,0.1432,0.1283
star,5838,Lib,235.4867,-19.6789,-0.7759,0.0139,-0.6307,0.0000,0.0000,0.0000,297.2748,0.1786,0.1586,0.1422
star,5839,Lup,235.6708,-34.7106,-0.6788,0.2493,-0.6906,0.0000,0.0000,0.0000,296.5910,0.1551,0.1624,0.1778
star,5842,Ser,235.3879,19.6703,-0.7750,-0.5640,-0.2851,0.0000,0.0000,0.0000,312.7217,0.1780,0.1840,0.1977
star,5849,CrB,235.6858,26.2956,-0.7405,-0.6400,-0.2050,0.0000,0.0000,0.0000,365.7278,0.2417,0.2505,0.2704
star,5854,Ser,236.0671,6.4256,-0.8245,-0.3816,-0.4178,0.0000,0.0000,0.0000,481.0143,0.4677,0.4307,0.4009
star,5867,Ser,236.5471,15.4219,-0.8043,-0.5016,-0.3185,0.0000,0.0000,0.0000,380.3278,0.2642,0.2727,0.2924
star,5868,Ser,236.6108,7.3531,-0.8281,-0.3908,-0.4019,0.0000,0.0000,0.0000,319.2699,0.2061,0.2023,0.1984
star,5879,Ser,237.1850,18.1417,-0.7986,-0.5321,-0.2811,0.0000,0.0000,0.0000,345.2694,0.2410,0.2131,0.1901
star,5881,Ser,237.4050,-3.4303,-0.8410,-0.2257,-0.4917,0.0000,0.0000,0.0000,392.7878,0.2768,0.2878,0.3119
star,5883,Lup,237.7396,-33.6272,-0.7041,0.2458,-0.6662,0.0000,0.0000,0.0000,356.5809,0.2282,0.2372,0.2570
star,5885,Sco,237.7446,-25.7514,-0.7617,0.1248,-0.6358,0.0000,0.0000,0.0000,304.1992,0.1658,0.1724,0.1871
star,5889,CrB,237.3988,26.0683,-0.7567,-0.6259,-0.1885,0.0000,0.0000,0.0000,304.9004,0.1879,0.1800,0.1733
star,5892,Ser,237.7042,4.4778,-0.8427,-0.3413,-0.4164,0.0000,0.0000,0.0000,376.8409,0.2640,0.2705,0.2871
star,5897,TrA,238.7854,-63.4306,-0.3825,0.6473,-0.6593,0.0000,0.0000,0.0000,459.3651,0.4051,0.4095,0.4266
star,5899,Ser,237.8162,20.9778,-0.7902,-0.5630,-0.2419,0.0000,0.0000,0.0000,295.9089,0.1770,0.1576,0.1417
star,5901,CrB,237.8079,35.6575,-0.6876,-0.7226,-0.0708,0.0000,0.0000,0.0000,291.8489,0.1722,0.1613,0.1525
star,5903,UMi,236.0146,77.7944,-0.1753,-0.8987,0.4021,0.0000,0.0000,0.0000,327.4598,0.1952,0.2017,0.2168
star,5904,Sco,238.4029,-25.3272,-0.7699,0.1228,-0.6263,0.0000,0.0000,0.0000,307.7216,0.1690,0.1761,0.1914
star,5908,Lib,238.4562,-16.7294,-0.8162,-0.0113,-0.5777,0.0000,0.0000,0.0000,340.5321,0.2344,0.2191,0.2068
star,5914,Her,238.1688,42.4517,-0.6269,-0.7790,0.0141,0.0000,0.0000,0.0000,305.6033,0.1888,0.1863,0.1834
star,5928,Sco,239.2212,-29.2142,-0.7499,0.1883,-0.6342,0.0000,0.0000,0.0000,362.3748,0.2291,0.2409,0.2655
star,5933,Ser,239.1133,15.6617,-0.8263,-0.4860,-0.2846,0.0000,0.0000,0.0000,364.8867,0.2692,0.2685,0.2663
star,5941,Lib,239.5475,-14.2794,-0.8354,-0.0415,-0.5480,0.0000,0.0000,0.0000,287.8446,0.1471,0.1536,0.1675
star,5943,,239.8762,-41.7444,-0.6454,0.3779,-0.6639,0.0000,0.0000,0.0000,280.6455,0.1592,0.1492,0.1410
star,5944,Sco,239.7129,-26.1142,-0.7754,0.1441,-0.6149,0.0000,0.0000,0.0000,455.1537,0.3621,0.3804,0.4188
star,5947,CrB,239.3971,26.8778,-0.7677,-0.6214,-0.1564,0.0000,0.0000,0.0000,340.5321,0.2344,0.2146,0.1987
star,5948,Lup,240.0304,-38.3969,-0.6789,0.3308,-0.6555,0.0000,0.0000,0.0000,403.7923,0.2835,0.2984,0.3296
star,5953,Sco,240.0833,-22.6217,-0.8001,0.0926,-0.5927,0.0000,0.0000,0.0000,518.9889,0.4766,0.4983,0.5445
star,5958,,239.8758,25.9203,-0.7779,-0.6072,-0.1618,0.0000,0.0000,0.0000,558.6734,0.5745,0.5910,0.6310
star,5960,,239.4475,54.7497,-0.4970,-0.8511,0.1691,0.0000,0.0000,0.0000,283.2422,0.1528,0.1550,0.1622
star,5961,Nor,240.8829,-57.7753,-0.4659,0.5915,-0.6581,0.0000,0.0000,0.0000,304.9004,0.1762,0.1791,0.1879
star,5962,Nor,240.8038,-49.2297,-0.5701,0.4851,-0.6631,0.0000,0.0000,0.0000,303.4995,0.1862,0.1759,0.1676
star,5967,,240.8508,-38.6025,-0.6825,0.3387,-0.6476,0.0000,0.0000,0.0000,287.1825,0.1454,0.1523,0.1667
star,5971,CrB,240.3608,29.8511,-0.7538,-0.6476,-0.1113,0.0000,0.0000,0.0000,280.6455,0.1406,0.1465,0.1592
star,5972,Ser,240.5738,22.8044,-0.8029,-0.5655,-0.1886,0.0000,0.0000,0.0000,291.1776,0.1552,0.1600,0.1714
star,5978,Sco,241.0921,-11.3731,-0.8582,-0.0751,-0.5078,0.0000,0.0000,0.0000,295.2283,0.1762,0.1760,0.1747
star,5980,Nor,241.6225,-45.1733,-0.6203,0.4354,-0.6525,0.0000,0.0000,0.0000,298.6469,0.1687,0.1716,0.1803
star,5982,Her,240.6996,46.0367,-0.6054,-0.7920,0.0795,0.0000,0.0000,0.0000,295.9089,0.1552,0.1622,0.1770
star,5984,Sco,241.3592,-19.8056,-0.8257,0.0582,-0.5611,0.0000,0.0000,0.0000,484.3486,0.4187,0.4362,0.4742
star,5985,Sco,241.3604,-19.8019,-0.8258,0.0581,-0.5610,0.0000,0.0000,0.0000,285.2056,0.1465,0.1520,0.1644
star,5986,Dra,240.4721,58.5653,-0.4538,-0.8637,0.2191,0.0000,0.0000,0.0000,351.6884,0.2500,0.2481,0.2451
star,5987,Lup,241.6479,-36.8022,-0.7047,0.3176,-0.6345,0.0000,0.0000,0.0000,334.3167,0.1961,0.2057,0.2259
star,5993,Sco,241.7017,-20.6692,-0.8238,0.0741,-0.5620,0.0000,0.0000,0.0000,355.7607,0.2271,0.2361,0.2559
star,5997,Sco,241.8513,-20.8686,-0.8239,0.0783,-0.5613,0.0000,0.0000,0.0000,327.4598,0.2168,0.2067,0.1983
star,6018,CrB,242.2429,36.4908,-0.7114,-0.7026,-0.0147,0.0000,0.0000,0.0000,295.9089,0.1770,0.1656,0.1565
star,6020,Aps,245.0867,-78.6958,-0.1778,0.7980,-0.5758,0.0000,0.0000,0.0000,301.4103,0.1837,0.1614,0.1431
star,6023,Her,242.1925,44.9350,-0.6262,-0.7755,0.0807,0.0000,0.0000,0.0000,332.0152,0.1968,0.2050,0.2228
star,6024,Nor,243.3696,-54.6306,-0.5174,0.5653,-0.6424,0.0000,0.0000,0.0000,283.8952,0.1629,0.1520,0.1432
star,6027,Sco,242.9988,-19.4606,-0.8401,0.0651,-0.5385,0.0000,0.0000,0.0000,351.6884,0.2251,0.2327,0.2500
star,6028,Sco,243.0758,-27.9264,-0.7878,0.1954,-0.5841,0.0000,0.0000,0.0000,307.7216,0.1664,0.1744,0.1914
star,6030,TrA,243.8596,-63.6856,-0.3980,0.6678,-0.6291,0.0000,0.0000,0.0000,364.8867,0.2692,0.2493,0.2334
star,6031,Sco,243.0000,-10.0642,-0.8773,-0.0804,-0.4732,0.0000,0.0000,0.0000,283.8952,0.1481,0.1524,0.1629
star,6056,Oph,243.5863,-3.6944,-0.8937,-0.1734,-0.4137,0.0000,0.0000,0.0000,471.1487,0.4487,0.3981,0.3566
star,6058,Nor,244.2538,-50.0683,-0.5782,0.5137,-0.6339,0.0000,0.0000,0.0000,280.6455,0.1592,0.1525,0.1468
star,6070,,244.5746,-28.6139,-0.7928,0.2164,-0.5697,0.0000,0.0000,0.0000,294.5493,0.1573,0.1629,0.1754
star,6072,Nor,244.9600,-50.1556,-0.5805,0.5185,-0.6279,0.0000,0.0000,0.0000,350.8795,0.2489,0.2312,0.2170
star,6075,Oph,244.5804,-4.6925,-0.9002,-0.1502,-0.4088,0.0000,0.0000,0.0000,419.9118,0.3565,0.3353,0.3182
star,6081,Sco,245.1592,-24.1694,-0.8279,0.1536,-0.5394,0.0000,0.0000,0.0000,310.5689,0.1950,0.1859,0.1783
star,6084,Sco,245.2971,-25.5928,-0.8194,0.1761,-0.5456,0.0000,0.0000,0.0000,455.1537,0.3835,0.3936,0.4188
star,6092,Her,244.9350,46.3133,-0.6257,-0.7706,0.1216,0.0000,0.0000,0.0000,361.5414,0.2301,0.2411,0.2642
star,6093,Ser,245.5183,1.0292,-0.9099,-0.2288,-0.3459,0.0000,0.0000,0.0000,291.8489,0.1659,0.1666,0.1722
star,6095,Her,245.4800,19.1531,-0.8595,-0.4831,-0.1671,0.0000,0.0000,0.0000,373.3860,0.2663,0.2697,0.2818
star,6098,TrA,247.1171,-70.0844,-0.3138,0.7377,-0.5978,0.0000,0.0000,0.0000,285.8631,0.1652,0.1632,0.1608
star,6102,Aps,248.3625,-78.8972,-0.1790,0.8046,-0.5663,0.0000,0.0000,0.0000,361.5414,0.2642,0.2499,0.2383
star,6103,CrB,245.5242,30.8919,-0.7810,-0.6232,-0.0403,0.0000,0.0000,0.0000,289.8398,0.1698,0.1596,0.1513
star,6104,Oph,246.0258,-20.0375,-0.8584,0.0971,-0.5037,0.0000,0.0000,0.0000,314.1652,0.1995,0.1867,0.1764
star,6115,Nor,246.7962,-47.5550,-0.6203,0.4956,-0.6080,0.0000,0.0000,0.0000,316.3429,0.1786,0.1861,0.2023
star,6116,UMi,244.3762,75.7553,-0.2219,-0.8856,0.4080,0.0000,0.0000,0.0000,283.2422,0.1578,0.1578,0.1622
star,6117,Her,246.3542,14.0333,-0.8887,-0.4083,-0.2086,0.0000,0.0000,0.0000,309.1420,0.1727,0.1790,0.1932
star,6118,Oph,246.7558,-18.4564,-0.8716,0.0786,-0.4839,0.0000,0.0000,0.0000,320.0059,0.1961,0.1984,0.2070
star,6129,Oph,246.9504,-8.3717,-0.9104,-0.0747,-0.4070,0.0000,0.0000,0.0000,304.9004,0.1735,0.1775,0.1879
star,6132,Dra,245.9979,61.5142,-0.4357,-0.8533,0.2864,0.0000,0.0000,0.0000,471.1487,0.4487,0.4245,0.4046
star,6134,Sco,247.3517,-26.4319,-0.8264,0.2040,-0.5248,0.0000,0.0000,0.0000,709.8360,1.0186,0.8855,0.7742
star,6141,Sco,247.5517,-25.1150,-0.8368,0.1857,-0.5150,0.0000,0.0000,0.0000,293.8719,0.1531,0.1599,0.1746
star,6143,,247.8454,-34.7044,-0.7614,0.3284,-0.5590,0.0000,0.0000,0.0000,334.3167,0.1964,0.2059,0.2259
star,6147,Oph,247.7846,-16.6128,-0.8871,0.0585,-0.4578,0.0000,0.0000,0.0000,330.4898,0.2208,0.2086,0.1987
star,6148,Her,247.5550,21.4897,-0.8600,-0.4970,-0.1158,0.0000,0.0000,0.0000,467.9054,0.4426,0.4173,0.3967
star,6149,Oph,247.7283,1.9839,-0.9248,-0.2248,-0.3068,0.0000,0.0000,0.0000,367.4160,0.2444,0.2531,0.2729
star,6153,Oph,248.0342,-21.4664,-0.8631,0.1344,-0.4869,0.0000,0.0000,0.0000,317.8030,0.1870,0.1919,0.2042
star,6155,Nor,248.5208,-44.0453,-0.6689,0.4604,-0.5837,0.0000,0.0000,0.0000,283.8952,0.1470,0.1518,0.1629
star,6159,Her,248.1513,11.4881,-0.9096,-0.3586,-0.2100,0.0000,0.0000,0.0000,290.5080,0.1706,0.1525,0.1378
star,6163,Aps,250.7692,-77.5175,-0.2041,0.8002,-0.5639,0.0000,0.0000,0.0000,333.5478,0.2249,0.2094,0.1969
star,6165,Sco,248.9708,-28.2161,-0.8225,0.2424,-0.5145,0.0000,0.0000,0.0000,462.5493,0.3700,0.3903,0.4325
star,6166,,249.0938,-35.2556,-0.7628,0.3447,-0.5471,0.0000,0.0000,0.0000,339.7489,0.2333,0.2072,0.1858
star,6168,Her,248.5258,42.4369,-0.6868,-0.7175,0.1160,0.0000,0.0000,0.0000,336.6340,0.2044,0.2120,0.2291
star,6175,Oph,249.2896,-10.5672,-0.9195,-0.0219,-0.3924,0.0000,0.0000,0.0000,491.0865,0.4373,0.4527,0.4875
star,6196,,250.3933,-17.7422,-0.8972,0.0966,-0.4309,0.0000,0.0000,0.0000,282.5908,0.1614,0.1495,0.1400
star,6200,Her,249.6871,48.9283,-0.6161,-0.7637,0.1928,0.0000,0.0000,0.0000,286.5220,0.1660,0.1476,0.1326
star,6212,Her,250.3217,31.6031,-0.8020,-0.5969,0.0241,0.0000,0.0000,0.0000,463.6156,0.4345,0.4238,0.4137
star,6217,TrA,252.1662,-69.0278,-0.3407,0.7439,-0.5749,0.0000,0.0000,0.0000,569.0600,0.6546,0.5878,0.5336
star,6220,Her,250.7242,38.9222,-0.7344,-0.6708,0.1034,0.0000,0.0000,0.0000,392.7878,0.3119,0.2947,0.2807
star,6223,Dra,250.2296,64.5892,-0.4038,-0.8490,0.3408,0.0000,0.0000,0.0000,291.1776,0.1714,0.1570,0.1455
star,6229,Ara,252.4463,-59.0414,-0.4905,0.6551,-0.5747,0.0000,0.0000,0.0000,372.5272,0.2805,0.2491,0.2234
star,6237,,251.3242,56.7819,-0.5190,-0.8074,0.2805,0.0000,0.0000,0.0000,289.8398,0.1658,0.1656,0.1698
star,6241,Sco,252.5408,-34.2933,-0.7881,0.3553,-0.5027,0.0000,0.0000,0.0000,522.5863,0.5521,0.5093,0.4750
star,6243,Oph,252.4583,-10.7831,-0.9367,0.0079,-0.3501,0.0000,0.0000,0.0000,303.4995,0.1862,0.1860,0.1847
star,6247,Sco,252.9675,-38.0475,-0.7530,0.4095,-0.5151,0.0000,0.0000,0.0000,435.6704,0.3312,0.3482,0.3837
star,6252,Sco,253.0838,-38.0175,-0.7537,0.4099,-0.5137,0.0000,0.0000,0.0000,389.1867,0.2638,0.2775,0.3062
star,6254,Her,252.3092,45.9833,-0.6620,-0.7252,0.1894,0.0000,0.0000,0.0000,291.8489,0.1565,0.1611,0.1722
star,6262,Sco,253.4988,-42.3622,-0.7085,0.4695,-0.5269,0.0000,0.0000,0.0000,297.9600,0.1795,0.1788,0.1771
star,6271,Sco,253.6458,-42.3614,-0.7090,0.4704,-0.5254,0.0000,0.0000,0.0000,384.7318,0.2992,0.2704,0.2471
star,6281,Oph,253.5021,10.1653,-0.9438,-0.2952,-0.1487,0.0000,0.0000,0.0000,322.9669,0.1859,0.1938,0.2109
star,6285,Ara,254.6550,-55.9903,-0.5394,0.6343,-0.5538,0.0000,0.0000,0.0000,430.6833,0.3750,0.3321,0.2969
star,6295,Ara,254.8963,-53.1606,-0.5789,0.6055,-0.5461,0.0000,0.0000,0.0000,347.6626,0.2443,0.2192,0.1988
star,6299,Oph,254.4171,9.3750,-0.9504,-0.2761,-0.1433,0.0000,0.0000,0.0000,423.7971,0.3631,0.3350,0.3124
star,6315,Dra,254.0071,65.1347,-0.4042,-0.8374,0.3680,0.0000,0.0000,0.0000,287.1825,0.1667,0.1663,0.1649
star,6318,Oph,255.2650,-4.2225,-0.9645,-0.0675,-0.2553,0.0000,0.0000,0.0000,291.8489,0.1722,0.1541,0.1393
star,6322,UMi,251.4921,82.0372,-0.1314,-0.8716,0.4724,0.0000,0.0000,0.0000,334.3167,0.2259,0.2142,0.2046
star,6324,Her,255.0725,30.9264,-0.8289,-0.5543,0.0753,0.0000,0.0000,0.0000,359.0526,0.2325,0.2412,0.2606
star,6334,,256.2058,-34.1228,-0.8040,0.3792,-0.4581,0.0000,0.0000,0.0000,288.5081,0.1586,0.1608,0.1683
star,6337,,255.7825,14.0919,-0.9402,-0.3314,-0.0788,0.0000,0.0000,0.0000,281.2924,0.1600,0.1417,0.1267
star,6355,Her,256.3446,12.7408,-0.9478,-0.3076,-0.0838,0.0000,0.0000,0.0000,285.8631,0.1510,0.1551,0.1652
star,6378,Oph,257.5946,-15.7247,-0.9401,0.1258,-0.3168,0.0000,0.0000,0.0000,506.0088,0.4677,0.4827,0.5176
star,6380,Sco,258.0383,-43.2392,-0.7127,0.5094,-0.4822,0.0000,0.0000,0.0000,411.2994,0.3378,0.3357,0.3420
star,6396,Dra,257.1967,65.7147,-0.4011,-0.8283,0.3913,0.0000,0.0000,0.0000,426.7348,0.3222,0.3369,0.3681
star,6406,Her,258.6621,14.3903,-0.9497,-0.3111,-0.0352,0.0000,0.0000,0.0000,397.3361,0.3192,0.2866,0.2602
star,6410,Her,258.7579,24.8392,-0.8901,-0.4512,0.0647,0.0000,0.0000,0.0000,429.6928,0.3385,0.3488,0.3733
star,6415,Oph,259.1529,-0.4453,-0.9821,-0.0903,-0.1653,0.0000,0.0000,0.0000,297.9600,0.1795,0.1657,0.1547
star,6417,Aps,260.4975,-67.7706,-0.3731,0.7613,-0.5303,0.0000,0.0000,0.0000,294.5493,0.1754,0.1609,0.1492
star,6418,Her,258.7617,36.8092,-0.7853,-0.5939,0.1748,0.0000,0.0000,0.0000,427.7185,0.3698,0.3321,0.3015
star,6431,Her,259.3313,33.1000,-0.8232,-0.5480,0.1483,0.0000,0.0000,0.0000,291.8489,0.1494,0.1567,0.1722
star,6436,Her,259.4179,37.2917,-0.7820,-0.5946,0.1868,0.0000,0.0000,0.0000,303.4995,0.1680,0.1735,0.1862
star,6445,Oph,260.2508,-21.1128,-0.9194,0.2274,-0.3209,0.0000,0.0000,0.0000,322.2241,0.2057,0.2051,0.2099
star,6446,Ser,260.2071,-12.8469,-0.9608,0.1052,-0.2567,0.0000,0.0000,0.0000,326.7067,0.1939,0.2006,0.2158
star,6453,Oph,260.5025,-24.9994,-0.8939,0.2852,-0.3458,0.0000,0.0000,0.0000,417.0211,0.3024,0.3183,0.3516
star,6461,Ara,261.3250,-55.5300,-0.5595,0.6627,-0.4978,0.0000,0.0000,0.0000,459.3651,0.4266,0.3824,0.3465
star,6462,Ara,261.3483,-56.3775,-0.5474,0.6709,-0.5003,0.0000,0.0000,0.0000,410.3534,0.2975,0.3112,0.3404
star,6485,Her,260.9208,37.1458,-0.7871,-0.5824,0.2032,0.0000,0.0000,0.0000,312.7217,0.1758,0.1826,0.1977
star,6486,Oph,261.5925,-24.1753,-0.9025,0.2823,-0.3253,0.0000,0.0000,0.0000,338.9675,0.2200,0.2226,0.2323
star,6492,Oph,261.8388,-29.8669,-0.8584,0.3635,-0.3620,0.0000,0.0000,0.0000,329.7297,0.2162,0.2153,0.2198
star,6493,,261.6579,-5.0867,-0.9855,0.0016,-0.1695,0.0000,0.0000,0.0000,311.2849,0.1920,0.1914,0.1959
star,6498,Oph,261.6288,4.1403,-0.9868,-0.1367,-0.0873,0.0000,0.0000,0.0000,325.9553,0.2148,0.1918,0.1732
star,6500,Ara,262.7746,-60.6839,-0.4857,0.7157,-0.5019,0.0000,0.0000,0.0000,384.7318,0.2628,0.2744,0.2992
star,6508,Sco,262.6908,-37.2958,-0.7891,0.4673,-0.3988,0.0000,0.0000,0.0000,476.6044,0.3950,0.4158,0.4592
star,6510,Ara,262.9604,-49.8761,-0.6396,0.6148,-0.4615,0.0000,0.0000,0.0000,448.9087,0.3535,0.3709,0.4074
star,6519,Oph,262.8542,-23.9628,-0.9067,0.2896,-0.3066,0.0000,0.0000,0.0000,292.5217,0.1546,0.1603,0.1730
star,6526,Her,262.6846,26.1106,-0.8906,-0.4361,0.1287,0.0000,0.0000,0.0000,320.7436,0.2080,0.1867,0.1695
star,6527,Sco,263.4021,-37.1039,-0.7923,0.4699,-0.3893,0.0000,0.0000,0.0000,608.3563,0.6435,0.6774,0.7482
star,6536,Dra,262.6083,52.3014,-0.6064,-0.7187,0.3401,0.0000,0.0000,0.0000,465.7555,0.4385,0.4117,0.3900
star,6537,Ara,263.9150,-46.5056,-0.6844,0.5842,-0.4362,0.0000,0.0000,0.0000,307.7216,0.1702,0.1768,0.1914
star,6546,,264.1367,-38.6353,-0.7770,0.4941,-0.3900,0.0000,0.0000,0.0000,329.7297,0.2198,0.2040,0.1913
star,6553,Sco,264.3300,-42.9978,-0.7278,0.5473,-0.4132,0.0000,0.0000,0.0000,575.6494,0.6591,0.6561,0.6699
star,6554,Dra,263.0442,55.1842,-0.5667,-0.7393,0.3636,0.0000,0.0000,0.0000,287.8446,0.1578,0.1601,0.1675
star,6555,Dra,263.0667,55.1731,-0.5669,-0.7391,0.3637,0.0000,0.0000,0.0000,288.5081,0.1594,0.1613,0.1683
star,6556,Oph,263.7337,12.5600,-0.9702,-0.2413,0.0207,0.0000,0.0000,0.0000,548.4765,0.5592,0.5729,0.6081
star,6561,Ser,264.3967,-15.3986,-0.9595,0.1791,-0.2174,0.0000,0.0000,0.0000,391.8845,0.2926,0.2967,0.3105
star,6567,Oph,264.4613,-8.1189,-0.9854,0.0718,-0.1546,0.0000,0.0000,0.0000,305.6033,0.1722,0.1770,0.1888
star,6569,Ara,265.0983,-49.4156,-0.6482,0.6223,-0.4388,0.0000,0.0000,0.0000,295.2283,0.1734,0.1726,0.1762
star,6580,Sco,265.6221,-39.0300,-0.7745,0.5092,-0.3752,0.0000,0.0000,0.0000,508.3444,0.4493,0.4730,0.5224
star,6581,Ser,265.3537,-12.8753,-0.9717,0.1503,-0.1825,0.0000,0.0000,0.0000,332.0152,0.2021,0.2083,0.2228
star,6582,Pav,266.4333,-64.7239,-0.4262,0.7614,-0.4885,0.0000,0.0000,0.0000,384.7318,0.2992,0.2750,0.2555
star,6588,Her,264.8662,46.0064,-0.6918,-0.6487,0.3173,0.0000,0.0000,0.0000,369.1119,0.2386,0.2505,0.2754
star,6595,Oph,265.8575,-21.6833,-0.9268,0.2821,-0.2478,0.0000,0.0000,0.0000,288.5081,0.1683,0.1681,0.1669
star,6596,Dra,264.2379,68.7581,-0.3605,-0.8177,0.4489,0.0000,0.0000,0.0000,293.1960,0.1732,0.1714,0.1738
star,6603,Oph,265.8683,4.5672,-0.9942,-0.1052,-0.0205,0.0000,0.0000,0.0000,467.9054,0.4426,0.4079,0.3801
star,6615,Sco,266.8963,-40.1269,-0.7635,0.5311,-0.3674,0.0000,0.0000,0.0000,440.7152,0.3926,0.3901,0.3858
star,6616,Sgr,266.8900,-27.8308,-0.8830,0.3755,-0.2816,0.0000,0.0000,0.0000,311.2849,0.1959,0.1876,0.1806
star,6623,Her,266.6146,27.7206,-0.8837,-0.4256,0.1948,0.0000,0.0000,0.0000,402.8636,0.3281,0.3161,0.3057
star,6628,,267.2937,-31.7033,-0.8498,0.4298,-0.3051,0.0000,0.0000,0.0000,291.1776,0.1521,0.1582,0.1714
star,6629,Oph,266.9733,2.7072,-0.9975,-0.0677,-0.0209,0.0000,0.0000,0.0000,373.3860,0.2537,0.2623,0.2818
star,6630,,267.4646,-37.0433,-0.7974,0.4982,-0.3405,0.0000,0.0000,0.0000,422.8224,0.3614,0.3328,0.3098
star,6631,Sco,267.5467,-40.0906,-0.7643,0.5351,-0.3598,0.0000,0.0000,0.0000,292.5217,0.1630,0.1653,0.1730
star,6636,Dra,265.4846,72.1489,-0.3056,-0.8283,0.4696,0.0000,0.0000,0.0000,308.4310,0.1908,0.1892,0.1923
star,6675,,269.1975,-44.3422,-0.7151,0.5940,-0.3686,0.0000,0.0000,0.0000,289.1732,0.1690,0.1550,0.1438
star,6682,,269.4487,-41.7161,-0.7464,0.5667,-0.3489,0.0000,0.0000,0.0000,287.8446,0.1675,0.1477,0.1314
star,6688,Dra,268.3821,56.8728,-0.5463,-0.7258,0.4181,0.0000,0.0000,0.0000,373.3860,0.2818,0.2592,0.2411
star,6695,Her,269.0633,37.2506,-0.7959,-0.5255,0.3006,0.0000,0.0000,0.0000,364.0475,0.2679,0.2425,0.2220
star,6698,Oph,269.7567,-9.7736,-0.9855,0.1434,-0.0910,0.0000,0.0000,0.0000,410.3534,0.3404,0.3192,0.3021
star,6700,Sgr,269.9483,-23.8161,-0.9148,0.3457,-0.2087,0.0000,0.0000,0.0000,295.9089,0.1571,0.1633,0.1770
star,6703,Her,269.4412,29.2478,-0.8725,-0.4232,0.2443,0.0000,0.0000,0.0000,377.7096,0.2884,0.2719,0.2585
star,6705,Dra,269.1517,51.4889,-0.6226,-0.6755,0.3951,0.0000,0.0000,0.0000,529.8562,0.5675,0.5061,0.4559
star,6707,Her,269.6258,30.1894,-0.8643,-0.4339,0.2542,0.0000,0.0000,0.0000,320.7436,0.2038,0.2032,0.2080
star,6710,Ser,270.1208,-3.6903,-0.9979,0.0563,-0.0313,0.0000,0.0000,0.0000,305.6033,0.1844,0.1841,0.1888
star,6712,Oph,270.0658,4.3686,-0.9971,-0.0647,0.0402,0.0000,0.0000,0.0000,304.1992,0.1663,0.1728,0.1871
star,6713,Her,270.0142,16.7508,-0.9576,-0.2469,0.1486,0.0000,0.0000,0.0000,302.1051,0.1845,0.1684,0.1555
star,6714,Oph,270.1612,2.9317,-0.9987,-0.0424,0.0288,0.0000,0.0000,0.0000,354.9425,0.2285,0.2365,0.2547
star,6723,Oph,270.4383,1.3053,-0.9997,-0.0156,0.0183,0.0000,0.0000,0.0000,317.8030,0.1832,0.1896,0.2042
star,6730,Her,270.3767,21.5956,-0.9298,-0.3123,0.1948,0.0000,0.0000,0.0000,282.5908,0.1475,0.1516,0.1614
star,6742,Sgr,271.2554,-29.5800,-0.8695,0.4329,-0.2379,0.0000,0.0000,0.0000,300.7170,0.1828,0.1755,0.1693
star,6743,Ara,271.6579,-50.0917,-0.6413,0.6671,-0.3792,0.0000,0.0000,0.0000,381.2045,0.2589,0.2699,0.2938
star,6745,Pav,272.1450,-63.6683,-0.4433,0.7768,-0.4474,0.0000,0.0000,0.0000,325.2056,0.1996,0.2032,0.2138
star,6746,Sgr,271.4521,-30.4242,-0.8620,0.4453,-0.2421,0.0000,0.0000,0.0000,444.7931,0.3999,0.3747,0.3542
star,6752,Oph,271.3637,2.4994,-0.9988,-0.0251,0.0428,0.0000,0.0000,0.0000,350.0725,0.2477,0.2356,0.2257
star,6766,,272.0208,-28.4572,-0.8786,0.4244,-0.2188,0.0000,0.0000,0.0000,309.1420,0.1932,0.1821,0.1732
star,6770,Oph,271.8267,8.7339,-0.9879,-0.1139,0.1052,0.0000,0.0000,0.0000,304.1992,0.1871,0.1760,0.1670
star,6771,Oph,271.8375,9.5639,-0.9856,-0.1261,0.1127,0.0000,0.0000,0.0000,375.1095,0.2600,0.2670,0.2844
star,6779,Her,271.8858,28.7625,-0.8761,-0.3976,0.2726,0.0000,0.0000,0.0000,366.5709,0.2415,0.2509,0.2716
star,6783,Tel,272.8075,-45.9544,-0.6944,0.6337,-0.3410,0.0000,0.0000,0.0000,312.0025,0.1968,0.1842,0.1740
star,6787,Her,272.1896,20.8144,-0.9341,-0.2862,0.2136,0.0000,0.0000,0.0000,324.4577,0.1850,0.1939,0.2128
star,6789,UMi,263.0538,86.5864,-0.0591,-0.8594,0.5080,0.0000,0.0000,0.0000,324.4577,0.1909,0.1976,0.2128
star,6801,Sgr,272.9308,-23.7011,-0.9145,0.3687,-0.1669,0.0000,0.0000,0.0000,281.2924,0.1600,0.1491,0.1403
star,6812,Sgr,273.4408,-21.0589,-0.9315,0.3369,-0.1371,0.0000,0.0000,0.0000,364.0475,0.2507,0.2550,0.2679
star,6815,Her,272.9758,31.4053,-0.8524,-0.4238,0.3064,0.0000,0.0000,0.0000,281.9409,0.1607,0.1417,0.1261
star,6832,Sgr,274.4067,-36.7617,-0.7988,0.5447,-0.2555,0.0000,0.0000,0.0000,432.6712,0.3784,0.3363,0.3018
star,6842,,274.5133,-27.0425,-0.8879,0.4258,-0.1741,0.0000,0.0000,0.0000,303.4995,0.1862,0.1641,0.1459
star,6855,Pav,275.8067,-61.4939,-0.4748,0.7781,-0.4112,0.0000,0.0000,0.0000,324.4577,0.2128,0.1904,0.1722
star,6859,Sgr,275.2487,-29.8281,-0.8639,0.4672,-0.1882,0.0000,0.0000,0.0000,475.5082,0.4571,0.4126,0.3767
star,6866,Oph,275.2171,3.3772,-0.9941,-0.0037,0.1081,0.0000,0.0000,0.0000,289.1732,0.1690,0.1599,0.1524
star,6868,Her,275.0746,21.9614,-0.9238,-0.2783,0.2629,0.0000,0.0000,0.0000,283.2422,0.1622,0.1438,0.1287
star,6869,Ser,275.3275,-2.8989,-0.9944,0.0911,0.0534,0.0000,0.0000,0.0000,417.9824,0.3532,0.3330,0.3166
star,6872,Lyr,274.9654,36.0644,-0.8053,-0.4686,0.3632,0.0000,0.0000,0.0000,326.7067,0.2158,0.1987,0.1849
star,6879,Sgr,276.0429,-34.3847,-0.8207,0.5288,-0.2164,0.0000,0.0000,0.0000,578.3064,0.6011,0.6245,0.6761
star,6884,Sct,275.9146,-8.9342,-0.9826,0.1855,0.0073,0.0000,0.0000,0.0000,301.4103,0.1837,0.1730,0.1643
star,6895,Her,275.9246,21.7697,-0.9237,-0.2685,0.2732,0.0000,0.0000,0.0000,365.7278,0.2704,0.2487,0.2313
star,6896,Sgr,276.3375,-20.5417,-0.9307,0.3540,-0.0921,0.0000,0.0000,0.0000,292.5217,0.1730,0.1572,0.1444
star,6897,Tel,276.7433,-45.9683,-0.6902,0.6583,-0.3003,0.0000,0.0000,0.0000,394.6009,0.2732,0.2865,0.3148
star,6905,Tel,277.2079,-49.0708,-0.6499,0.6899,-0.3187,0.0000,0.0000,0.0000,342.1039,0.2366,0.2212,0.2087
star,6913,Sgr,276.9925,-25.4217,-0.8965,0.4246,-0.1268,0.0000,0.0000,0.0000,463.6156,0.4345,0.4053,0.3819
star,6916,Pav,277.8433,-62.2783,-0.4608,0.7915,-0.4015,0.0000,0.0000,0.0000,304.1992,0.1640,0.1714,0.1871
star,6920,Dra,275.1896,71.3378,-0.3187,-0.7972,0.5128,0.0000,0.0000,0.0000,335.0873,0.1994,0.2082,0.2270
star,6923,Dra,275.9771,58.8006,-0.5152,-0.7054,0.4868,0.0000,0.0000,0.0000,281.2924,0.1451,0.1495,0.1600
star,6927,Dra,275.2642,72.7328,-0.2956,-0.8045,0.5152,0.0000,0.0000,0.0000,389.1867,0.3062,0.3051,0.3022
star,6930,Sct,277.2996,-14.5658,-0.9600,0.2789,-0.0241,0.0000,0.0000,0.0000,300.0254,0.1644,0.1697,0.1820
star,6934,Tel,277.9392,-45.9150,-0.6891,0.6652,-0.2876,0.0000,0.0000,0.0000,282.5908,0.1416,0.1479,0.1614
star,6945,Dra,276.4963,65.5636,-0.4110,-0.7563,0.5090,0.0000,0.0000,0.0000,291.8489,0.1722,0.1582,0.1470
star,6951,CrA,278.3758,-42.3125,-0.7316,0.6325,-0.2544,0.0000,0.0000,0.0000,304.1992,0.1871,0.1751,0.1654
star,6973,Sct,278.8017,-8.2442,-0.9780,0.2009,0.0560,0.0000,0.0000,0.0000,364.8867,0.2692,0.2441,0.2239
star,6978,Dra,278.1438,57.0456,-0.5385,-0.6796,0.4982,0.0000,0.0000,0.0000,295.2283,0.1762,0.1727,0.1692
star,6982,Pav,280.7588,-71.4281,-0.3129,0.8432,-0.4373,0.0000,0.0000,0.0000,351.6884,0.2500,0.2309,0.2155
star,7001,Lyr,279.2346,38.7836,-0.7694,-0.4725,0.4298,0.0000,0.0000,0.0000,879.3424,1.3973,1.4484,1.5631
star,7012,,281.3621,-64.8714,-0.4163,0.8191,-0.3946,0.0000,0.0000,0.0000,293.8719,0.1622,0.1655,0.1746
star,7020,Sct,280.5683,-9.0525,-0.9708,0.2282,0.0742,0.0000,0.0000,0.0000,298.6469,0.1743,0.1748,0.1803
star,7029,,281.0808,-35.6419,-0.7975,0.5799,-0.1662,0.0000,0.0000,0.0000,288.5081,0.1458,0.1530,0.1683
star,7032,Sct,280.8804,-8.2753,-0.9718,0.2196,0.0860,0.0000,0.0000,0.0000,286.5220,0.1660,0.1536,0.1436
star,7039,Sgr,281.4142,-26.9908,-0.8735,0.4798,-0.0826,0.0000,0.0000,0.0000,426.7348,0.3228,0.3372,0.3681
star,7056,Lyr,281.1933,37.6050,-0.7772,-0.4438,0.4461,0.0000,0.0000,0.0000,324.4577,0.1973,0.2015,0.2128
star,7061,Her,281.4154,20.5464,-0.9179,-0.2054,0.3396,0.0000,0.0000,0.0000,337.4101,0.2301,0.2301,0.2288
star,7063,Sct,281.7938,-4.7478,-0.9755,0.1759,0.1320,0.0000,0.0000,0.0000,335.0873,0.2270,0.2105,0.1972
star,7064,,281.5187,26.6622,-0.8757,-0.2927,0.3841,0.0000,0.0000,0.0000,291.1776,0.1714,0.1574,0.1461
star,7069,Her,281.7554,18.1814,-0.9301,-0.1678,0.3266,0.0000,0.0000,0.0000,324.4577,0.1949,0.2000,0.2128
star,7074,Pav,283.0542,-62.1875,-0.4545,0.8124,-0.3652,0.0000,0.0000,0.0000,335.0873,0.1980,0.2073,0.2270
star,7106,Lyr,282.5200,33.3628,-0.8153,-0.3781,0.4384,0.0000,0.0000,0.0000,400.0903,0.2893,0.2998,0.3236
star,7107,Pav,284.2375,-67.2336,-0.3751,0.8394,-0.3933,0.0000,0.0000,0.0000,318.5356,0.2051,0.1986,0.1928
star,7116,Sgr,283.5425,-22.7450,-0.8966,0.4426,-0.0140,0.0000,0.0000,0.0000,291.1776,0.1714,0.1543,0.1405
star,7120,Sgr,283.7796,-22.6714,-0.8962,0.4436,-0.0101,0.0000,0.0000,0.0000,280.6455,0.1592,0.1444,0.1324
star,7121,Sgr,283.8163,-26.2967,-0.8706,0.4900,-0.0447,0.0000,0.0000,0.0000,556.1066,0.5377,0.5661,0.6252
star,7125,Dra,282.8004,59.3883,-0.4966,-0.6796,0.5400,0.0000,0.0000,0.0000,302.8015,0.1854,0.1703,0.1583
star,7133,Her,283.6871,22.6450,-0.8967,-0.2176,0.3855,0.0000,0.0000,0.0000,307.7216,0.1914,0.1838,0.1773
star,7134,Tel,284.6154,-52.9386,-0.5832,0.7623,-0.2806,0.0000,0.0000,0.0000,288.5081,0.1491,0.1551,0.1683
star,7137,,283.3067,50.7083,-0.6163,-0.5883,0.5235,0.0000,0.0000,0.0000,285.2056,0.1644,0.1557,0.1486
star,7139,Lyr,283.6258,36.8989,-0.7772,-0.4176,0.4707,0.0000,0.0000,0.0000,328.9713,0.2188,0.1925,0.1708
star,7141,Ser,284.0550,4.2036,-0.9675,0.0619,0.2454,0.0000,0.0000,0.0000,305.6033,0.1743,0.1783,0.1888
star,7142,Ser,284.0608,4.2019,-0.9674,0.0620,0.2454,0.0000,0.0000,0.0000,281.2924,0.1486,0.1516,0.1600
star,7149,Sct,284.2654,-5.8461,-0.9641,0.2136,0.1577,0.0000,0.0000,0.0000,291.1776,0.1714,0.1592,0.1495
star,7150,Sgr,284.4325,-21.1067,-0.9035,0.4284,0.0138,0.0000,0.0000,0.0000,394.6009,0.3148,0.2895,0.2693
star,7152,CrA,284.6808,-37.1075,-0.7715,0.6212,-0.1375,0.0000,0.0000,0.0000,288.5081,0.1662,0.1652,0.1683
star,7157,Lyr,283.8338,43.9461,-0.6991,-0.5062,0.5050,0.0000,0.0000,0.0000,349.2674,0.2466,0.2186,0.1956
star,7176,Aql,284.9058,15.0683,-0.9331,-0.0949,0.3468,0.0000,0.0000,0.0000,350.8795,0.2489,0.2312,0.2170
star,7178,Lyr,284.7358,32.6894,-0.8139,-0.3527,0.4617,0.0000,0.0000,0.0000,419.9118,0.3158,0.3286,0.3565
star,7180,Dra,283.5996,71.2972,-0.3117,-0.7731,0.5525,0.0000,0.0000,0.0000,291.8489,0.1722,0.1589,0.1481
star,7188,CrA,285.7788,-42.0953,-0.7141,0.6785,-0.1723,0.0000,0.0000,0.0000,296.5910,0.1584,0.1644,0.1778
star,7192,Lyr,285.0038,32.1456,-0.8178,-0.3432,0.4619,0.0000,0.0000,0.0000,284.5496,0.1637,0.1466,0.1327
star,7193,Aql,285.4200,-5.7389,-0.9592,0.2220,0.1753,0.0000,0.0000,0.0000,350.8795,0.2489,0.2310,0.2166
star,7194,Sgr,285.6529,-29.8803,-0.8349,0.5475,-0.0561,0.0000,0.0000,0.0000,486.5842,0.4341,0.4473,0.4786
star,7217,Sgr,286.1708,-21.7417,-0.8921,0.4507,0.0310,0.0000,0.0000,0.0000,371.6704,0.2793,0.2613,0.2469
star,7226,CrA,286.6046,-37.0633,-0.7647,0.6341,-0.1150,0.0000,0.0000,0.0000,284.5496,0.1637,0.1624,0.1604
star,7227,CrA,286.6046,-37.0633,-0.7647,0.6341,-0.1150,0.0000,0.0000,0.0000,280.6455,0.1592,0.1580,0.1561
star,7234,Sgr,286.7350,-27.6706,-0.8481,0.5294,-0.0206,0.0000,0.0000,0.0000,412.2475,0.3436,0.3157,0.2934
star,7235,Aql,286.3525,13.8633,-0.9316,-0.0646,0.3577,0.0000,0.0000,0.0000,444.7931,0.3581,0.3710,0.3999
star,7236,Aql,286.5621,-4.8825,-0.9550,0.2192,0.1996,0.0000,0.0000,0.0000,401.0126,0.2861,0.2984,0.3251
star,7242,CrA,287.0871,-40.4967,-0.7269,0.6717,-0.1429,0.0000,0.0000,0.0000,307.7216,0.1914,0.1777,0.1666
star,7254,CrA,287.3679,-37.9044,-0.7531,0.6479,-0.1145,0.0000,0.0000,0.0000,343.6830,0.2150,0.2222,0.2388
star,7259,CrA,287.5071,-39.3408,-0.7376,0.6632,-0.1271,0.0000,0.0000,0.0000,343.6830,0.2388,0.2192,0.2035
star,7264,Sgr,287.4408,-21.0236,-0.8905,0.4516,0.0550,0.0000,0.0000,0.0000,455.1537,0.4048,0.4060,0.4188
star,7292,Sgr,288.8850,-25.2567,-0.8557,0.5165,0.0312,0.0000,0.0000,0.0000,289.8398,0.1698,0.1676,0.1649
star,7298,Lyr,288.4396,39.1461,-0.7357,-0.4148,0.5354,0.0000,0.0000,0.0000,322.2241,0.1828,0.1915,0.2099
star,7304,Sgr,289.4087,-18.9531,-0.8920,0.4403,0.1021,0.0000,0.0000,0.0000,282.5908,0.1614,0.1509,0.1424
star,7306,Vul,289.0542,21.3903,-0.8801,-0.1561,0.4484,0.0000,0.0000,0.0000,295.2283,0.1561,0.1624,0.1762
star,7309,Dra,288.4800,57.7050,-0.5067,-0.6373,0.5805,0.0000,0.0000,0.0000,280.6455,0.1592,0.1467,0.1367
star,7310,Dra,288.1388,67.6617,-0.3612,-0.7319,0.5778,0.0000,0.0000,0.0000,436.6747,0.3855,0.3611,0.3414
star,7314,Lyr,289.0921,38.1336,-0.7433,-0.3968,0.5386,0.0000,0.0000,0.0000,324.4577,0.2128,0.1943,0.1793
star,7328,Cyg,289.2758,53.3686,-0.5632,-0.5864,0.5821,0.0000,0.0000,0.0000,371.6704,0.2793,0.2627,0.2493
star,7337,Sgr,290.6596,-44.4589,-0.6679,0.7301,-0.1449,0.0000,0.0000,0.0000,351.6884,0.2196,0.2293,0.2500
star,7340,Sgr,290.4183,-17.8472,-0.8921,0.4337,0.1268,0.0000,0.0000,0.0000,358.2268,0.2421,0.2465,0.2594
star,7342,Sgr,290.4317,-15.9550,-0.9010,0.4085,0.1461,0.0000,0.0000,0.0000,306.3078,0.1727,0.1777,0.1897
star,7343,Sgr,290.8050,-44.7997,-0.6633,0.7338,-0.1469,0.0000,0.0000,0.0000,329.7297,0.2118,0.2127,0.2198
star,7348,Sgr,290.9717,-40.6161,-0.7088,0.6979,-0.1024,0.0000,0.0000,0.0000,354.9425,0.2237,0.2335,0.2547
star,7352,Dra,288.8875,73.3556,-0.2710,-0.7735,0.5729,0.0000,0.0000,0.0000,317.8030,0.2042,0.1865,0.1724
star,7371,Dra,290.1671,65.7147,-0.3861,-0.7083,0.5910,0.0000,0.0000,0.0000,307.7216,0.1717,0.1777,0.1914
star,7372,Cyg,291.0317,29.6214,-0.8114,-0.2630,0.5220,0.0000,0.0000,0.0000,281.9409,0.1412,0.1474,0.1607
star,7377,Aql,291.3746,3.1147,-0.9298,0.1409,0.3399,0.0000,0.0000,0.0000,408.4680,0.3230,0.3253,0.3373
star,7387,Aql,291.6296,0.3386,-0.9296,0.1848,0.3190,0.0000,0.0000,0.0000,302.8015,0.1854,0.1819,0.1784
star,7405,Vul,292.1762,24.6650,-0.8415,-0.1810,0.5090,0.0000,0.0000,0.0000,318.5356,0.2051,0.1832,0.1654
star,7417,Cyg,292.6804,27.9597,-0.8150,-0.2265,0.5334,0.0000,0.0000,0.0000,435.6704,0.3837,0.3547,0.3314
star,7420,Cyg,292.4262,51.7297,-0.5725,-0.5513,0.6069,0.0000,0.0000,0.0000,369.9628,0.2539,0.2604,0.2767
star,7424,Tel,293.8042,-48.0992,-0.6110,0.7768,-0.1523,0.0000,0.0000,0.0000,286.5220,0.1660,0.1540,0.1444
star,7426,Cyg,292.9429,34.4531,-0.7594,-0.3194,0.5669,0.0000,0.0000,0.0000,297.2748,0.1558,0.1631,0.1786
star,7429,Aql,293.5225,7.3789,-0.9093,0.0938,0.4054,0.0000,0.0000,0.0000,317.8030,0.2042,0.1880,0.1750
star,7440,Sgr,294.1767,-24.8836,-0.8276,0.5520,0.1017,0.0000,0.0000,0.0000,307.0139,0.1682,0.1753,0.1905
star,7446,Aql,294.2229,-7.0275,-0.9051,0.3146,0.2860,0.0000,0.0000,0.0000,283.2422,0.1450,0.1503,0.1622
star,7447,Aql,294.1804,-1.2864,-0.9120,0.2302,0.3395,0.0000,0.0000,0.0000,324.4577,0.1876,0.1956,0.2128
star,7462,Dra,293.0900,69.6611,-0.3197,-0.7335,0.5998,0.0000,0.0000,0.0000,301.4103,0.1837,0.1761,0.1697
star,7469,Cyg,294.1104,50.2211,-0.5840,-0.5241,0.6199,0.0000,0.0000,0.0000,315.6153,0.1966,0.1964,0.2014
star,7478,Cyg,294.8442,30.1533,-0.7847,-0.2435,0.5701,0.0000,0.0000,0.0000,300.7170,0.1828,0.1718,0.1629
star,7479,Sge,295.0242,18.0139,-0.8617,-0.0579,0.5041,0.0000,0.0000,0.0000,323.7114,0.2118,0.2034,0.1962
star,7488,Sge,295.2621,17.4761,-0.8626,-0.0478,0.5036,0.0000,0.0000,0.0000,323.7114,0.2118,0.1974,0.1858
star,7515,Sgr,296.5904,-19.7611,-0.8416,0.5068,0.1869,0.0000,0.0000,0.0000,289.1732,0.1690,0.1595,0.1518
star,7517,Cyg,296.0692,37.3544,-0.7140,-0.3402,0.6119,0.0000,0.0000,0.0000,287.1825,0.1667,0.1570,0.1491
star,7525,Aql,296.5650,10.6133,-0.8791,0.0685,0.4716,0.0000,0.0000,0.0000,473.3235,0.4529,0.4038,0.3638
star,7528,Cyg,296.2437,45.1308,-0.6328,-0.4468,0.6324,0.0000,0.0000,0.0000,457.2545,0.3758,0.3904,0.4227
star,7534,Cyg,296.6067,33.7278,-0.7436,-0.2841,0.6053,0.0000,0.0000,0.0000,280.6455,0.1592,0.1591,0.1579
star,7536,Sge,296.8471,18.5342,-0.8459,-0.0519,0.5307,0.0000,0.0000,0.0000,367.4160,0.2729,0.2457,0.2237
star,7557,Aql,297.6958,8.8683,-0.8748,0.1044,0.4730,0.0000,0.0000,0.0000,741.5800,1.0377,1.0566,1.1117
star,7564,Cyg,297.6412,32.9142,-0.7437,-0.2652,0.6137,0.0000,0.0000,0.0000,334.3167,0.2259,0.1966,0.1720
star,7565,Vul,297.7671,22.6100,-0.8168,-0.1080,0.5667,0.0000,0.0000,0.0000,283.2422,0.1415,0.1481,0.1622
star,7570,Aql,298.1183,1.0056,-0.8818,0.2277,0.4130,0.0000,0.0000,0.0000,360.7099,0.2630,0.2493,0.2381
star,7581,Sgr,298.8154,-41.8683,-0.6525,0.7570,-0.0361,0.0000,0.0000,0.0000,342.1039,0.2366,0.2198,0.2063
star,7582,Dra,297.0433,70.2678,-0.3007,-0.7278,0.6164,0.0000,0.0000,0.0000,366.5709,0.2716,0.2575,0.2459
star,7590,Pav,300.1479,-72.9106,-0.2541,0.8953,-0.3658,0.0000,0.0000,0.0000,355.7607,0.2275,0.2363,0.2559
star,7592,Vul,298.3654,24.0797,-0.8034,-0.1263,0.5819,0.0000,0.0000,0.0000,308.4310,0.1701,0.1771,0.1923
star,7595,Aql,298.5621,8.4614,-0.8687,0.1174,0.4811,0.0000,0.0000,0.0000,299.3354,0.1811,0.1688,0.1589
star,7597,Sgr,298.9600,-26.2994,-0.7844,0.6033,0.1439,0.0000,0.0000,0.0000,300.0254,0.1820,0.1753,0.1696
star,7602,Aql,298.8283,6.4067,-0.8706,0.1511,0.4682,0.0000,0.0000,0.0000,376.8409,0.2871,0.2731,0.2615
star,7604,Sgr,299.2367,-27.1700,-0.7763,0.6152,0.1373,0.0000,0.0000,0.0000,312.7217,0.1977,0.1772,0.1606
star,7613,Cyg,298.9654,38.4867,-0.6848,-0.3382,0.6455,0.0000,0.0000,0.0000,283.8952,0.1436,0.1497,0.1629
star,7615,Cyg,299.0767,35.0833,-0.7152,-0.2878,0.6369,0.0000,0.0000,0.0000,361.5414,0.2642,0.2470,0.2331
star,7618,Sgr,299.7383,-26.1956,-0.7791,0.6076,0.1542,0.0000,0.0000,0.0000,291.1776,0.1714,0.1623,0.1549
star,7619,Cyg,298.9075,52.4389,-0.5337,-0.5277,0.6609,0.0000,0.0000,0.0000,285.2056,0.1503,0.1544,0.1644
star,7623,Sgr,299.9342,-35.2764,-0.7075,0.7048,0.0517,0.0000,0.0000,0.0000,323.7114,0.1845,0.1932,0.2118
star,7633,,298.9808,58.8461,-0.4526,-0.6044,0.6556,0.0000,0.0000,0.0000,282.5908,0.1614,0.1431,0.1281
star,7635,Sge,299.6892,19.4922,-0.8189,-0.0455,0.5721,0.0000,0.0000,0.0000,398.2521,0.3206,0.2847,0.2553
star,7650,Sgr,300.6646,-27.7097,-0.7615,0.6311,0.1475,0.0000,0.0000,0.0000,308.4310,0.1923,0.1696,0.1509
star,7652,,300.8896,-37.9408,-0.6768,0.7356,0.0304,0.0000,0.0000,0.0000,295.2283,0.1762,0.1586,0.1444
star,7653,Vul,300.2754,27.7536,-0.7643,-0.1694,0.6223,0.0000,0.0000,0.0000,304.1992,0.1731,0.1769,0.1871
star,7659,,301.0817,-32.0564,-0.7258,0.6803,0.1017,0.0000,0.0000,0.0000,280.6455,0.1592,0.1460,0.1354
star,7665,Pav,302.1817,-66.1819,-0.3418,0.8949,-0.2868,0.0000,0.0000,0.0000,390.0839,0.3076,0.2960,0.2861
star,7673,Tel,301.8467,-52.8808,-0.5126,0.8475,-0.1377,0.0000,0.0000,0.0000,283.8952,0.1629,0.1441,0.1286
star,7685,Dra,300.7046,67.8736,-0.3238,-0.6950,0.6420,0.0000,0.0000,0.0000,313.4426,0.1986,0.1803,0.1655
star,7708,Cyg,302.3567,36.8397,-0.6761,-0.2933,0.6759,0.0000,0.0000,0.0000,284.5496,0.1430,0.1496,0.1637
star,7710,Aql,302.8263,-0.8214,-0.8402,0.2915,0.4572,0.0000,0.0000,0.0000,420.8798,0.3162,0.3294,0.3581
star,7724,Aql,303.5692,15.1975,-0.8041,0.0501,0.5924,0.0000,0.0000,0.0000,283.2422,0.1471,0.1516,0.1622
star,7730,Cyg,303.3250,46.8158,-0.5718,-0.4314,0.6978,0.0000,0.0000,0.0000,291.1776,0.1557,0.1604,0.1714
star,7735,Cyg,303.4079,46.7414,-0.5721,-0.4299,0.6985,0.0000,0.0000,0.0000,369.9628,0.2767,0.2521,0.2323
star,7736,Cyg,303.6333,36.8064,-0.6666,-0.2851,0.6887,0.0000,0.0000,0.0000,281.9409,0.1475,0.1512,0.1607
star,7739,,303.8163,25.5919,-0.7493,-0.1117,0.6527,0.0000,0.0000,0.0000,294.5493,0.1519,0.1595,0.1754
star,7740,Cyg,303.3496,56.5678,-0.4602,-0.5593,0.6894,0.0000,0.0000,0.0000,328.9713,0.1996,0.2052,0.2188
star,7744,Vul,303.9421,27.8142,-0.7338,-0.1456,0.6636,0.0000,0.0000,0.0000,312.7217,0.1977,0.1805,0.1666
star,7747,Cap,304.4121,-12.5083,-0.8054,0.4698,0.3614,0.0000,0.0000,0.0000,333.5478,0.2249,0.2092,0.1965
star,7750,Cep,302.2221,77.7114,-0.1801,-0.7791,0.6005,0.0000,0.0000,0.0000,322.2241,0.1860,0.1935,0.2099
star,7751,Cyg,303.8679,47.7144,-0.5587,-0.4410,0.7024,0.0000,0.0000,0.0000,354.1262,0.2535,0.2261,0.2037
star,7754,Cap,304.5137,-12.5447,-0.8043,0.4710,0.3622,0.0000,0.0000,0.0000,389.1867,0.3062,0.2887,0.2745
star,7763,Cyg,304.4467,38.0331,-0.6495,-0.2987,0.6992,0.0000,0.0000,0.0000,292.5217,0.1716,0.1702,0.1730
star,7773,Cap,305.1658,-12.7592,-0.7973,0.4786,0.3677,0.0000,0.0000,0.0000,295.9089,0.1568,0.1632,0.1770
star,7776,Cap,305.2529,-14.7814,-0.7896,0.5061,0.3470,0.0000,0.0000,0.0000,435.6704,0.3837,0.3679,0.3546
star,7790,Pav,306.4121,-56.7350,-0.4414,0.8844,-0.1516,0.0000,0.0000,0.0000,566.4454,0.5599,0.5886,0.6486
star,7796,Cyg,305.5571,40.2567,-0.6209,-0.3253,0.7132,0.0000,0.0000,0.0000,533.5290,0.5754,0.5591,0.5443
star,7806,Cyg,305.9654,32.1900,-0.6850,-0.2007,0.7004,0.0000,0.0000,0.0000,319.2699,0.2061,0.1869,0.1714
star,7822,Cap,307.2150,-17.8136,-0.7582,0.5588,0.3360,0.0000,0.0000,0.0000,294.5493,0.1713,0.1710,0.1754
star,7831,Aql,307.4125,-2.8856,-0.7933,0.3557,0.4942,0.0000,0.0000,0.0000,285.8631,0.1652,0.1524,0.1421
star,7834,Cyg,307.3487,30.3686,-0.6859,-0.1638,0.7090,0.0000,0.0000,0.0000,351.6884,0.2460,0.2449,0.2500
star,7844,Cyg,307.5146,48.9517,-0.5209,-0.4405,0.7312,0.0000,0.0000,0.0000,283.2422,0.1427,0.1489,0.1622
star,7848,Pav,308.8950,-60.5817,-0.3823,0.9055,-0.1843,0.0000,0.0000,0.0000,295.9089,0.1677,0.1696,0.1770
star,7850,Cep,307.3954,62.9942,-0.3608,-0.6217,0.6953,0.0000,0.0000,0.0000,335.0873,0.2109,0.2152,0.2270
star,7852,Del,308.3033,11.3033,-0.7695,0.1450,0.6219,0.0000,0.0000,0.0000,350.0725,0.2165,0.2265,0.2477
star,7859,Pav,309.3971,-61.5300,-0.3684,0.9093,-0.1934,0.0000,0.0000,0.0000,287.8446,0.1669,0.1652,0.1675
star,7866,Cyg,308.4758,35.2508,-0.6393,-0.2330,0.7328,0.0000,0.0000,0.0000,306.3078,0.1897,0.1680,0.1502
star,7869,Ind,309.3917,-47.2914,-0.5242,0.8516,-0.0095,0.0000,0.0000,0.0000,432.6712,0.3784,0.3545,0.3352
star,7871,Del,308.8271,14.6742,-0.7536,0.0952,0.6504,0.0000,0.0000,0.0000,301.4103,0.1675,0.1722,0.1837
star,7873,Aql,309.1817,-2.5500,-0.7744,0.3632,0.5181,0.0000,0.0000,0.0000,287.1825,0.1667,0.1477,0.1320
star,7882,Del,309.3875,14.5953,-0.7479,0.1003,0.6562,0.0000,0.0000,0.0000,383.8469,0.2979,0.2946,0.2979
star,7884,Aql,309.5846,-1.1053,-0.7705,0.3447,0.5362,0.0000,0.0000,0.0000,327.4598,0.2168,0.2042,0.1939
star,7891,Vul,309.6304,21.2011,-0.7180,-0.0037,0.6960,0.0000,0.0000,0.0000,291.8489,0.1534,0.1592,0.1722
star,7906,Del,309.9096,15.9119,-0.7377,0.0828,0.6701,0.0000,0.0000,0.0000,371.6704,0.2470,0.2571,0.2793
star,7913,Pav,311.2396,-66.2031,-0.3034,0.9213,-0.2433,0.0000,0.0000,0.0000,402.8636,0.3023,0.3095,0.3281
star,7920,Ind,311.0096,-51.9211,-0.4654,0.8832,-0.0585,0.0000,0.0000,0.0000,313.4426,0.1876,0.1901,0.1986
star,7924,Cyg,310.3579,45.2803,-0.5362,-0.3744,0.7565,0.0000,0.0000,0.0000,663.9846,0.8099,0.8339,0.8913
star,7928,Del,310.8646,15.0744,-0.7302,0.1025,0.6755,0.0000,0.0000,0.0000,319.2699,0.1973,0.1987,0.2061
star,7936,Cap,311.5237,-25.2708,-0.6770,0.6747,0.2940,0.0000,0.0000,0.0000,341.3171,0.2347,0.2323,0.2355
star,7939,Vul,311.2188,25.2706,-0.6802,-0.0590,0.7306,0.0000,0.0000,0.0000,285.8631,0.1652,0.1520,0.1413
star,7942,Cyg,311.4154,30.7197,-0.6447,-0.1450,0.7506,0.0000,0.0000,0.0000,335.0873,0.2270,0.2115,0.1991
star,7948,Del,311.6646,16.1242,-0.7177,0.0909,0.6904,0.0000,0.0000,0.0000,331.2516,0.2218,0.2069,0.1949
star,7949,Cyg,311.5529,33.9703,-0.6206,-0.1956,0.7593,0.0000,0.0000,0.0000,502.5254,0.5105,0.4767,0.4495
star,7950,Aqr,311.9192,-9.4958,-0.7339,0.4808,0.4798,0.0000,0.0000,0.0000,371.6704,0.2496,0.2588,0.2793
star,7951,Aqr,311.9342,-5.0278,-0.7411,0.4180,0.5255,0.0000,0.0000,0.0000,320.0059,0.2070,0.1826,0.1625
star,7952,Ind,312.3708,-46.2269,-0.5111,0.8591,0.0277,0.0000,0.0000,0.0000,287.1825,0.1667,0.1487,0.1339
star,7955,,311.3379,57.5797,-0.4025,-0.5412,0.7383,0.0000,0.0000,0.0000,313.4426,0.1986,0.1965,0.1938
star,7956,,311.7950,34.3742,-0.6153,-0.2006,0.7623,0.0000,0.0000,0.0000,285.2056,0.1644,0.1493,0.1370
star,7957,Cep,311.3225,61.8389,-0.3544,-0.5952,0.7212,0.0000,0.0000,0.0000,401.9370,0.3266,0.3086,0.2939
star,7963,Cyg,311.8521,36.4908,-0.5988,-0.2335,0.7661,0.0000,0.0000,0.0000,312.0025,0.1726,0.1803,0.1968
star,7965,Mic,312.4921,-33.7797,-0.6129,0.7658,0.1949,0.0000,0.0000,0.0000,286.5220,0.1660,0.1555,0.1470
star,7977,Cyg,312.2346,46.1142,-0.5133,-0.3778,0.7706,0.0000,0.0000,0.0000,290.5080,0.1685,0.1675,0.1706
star,7980,Cap,312.9554,-26.9192,-0.6526,0.7010,0.2876,0.0000,0.0000,0.0000,343.6830,0.2388,0.2108,0.1877
star,7986,Ind,313.7025,-58.4542,-0.3782,0.9167,-0.1291,0.0000,0.0000,0.0000,382.0833,0.2951,0.2696,0.2492
star,7990,Aqr,313.1633,-8.9833,-0.7205,0.4818,0.4988,0.0000,0.0000,0.0000,297.9600,0.1719,0.1731,0.1795
star,7995,Vul,313.0321,27.0969,-0.6507,-0.0775,0.7553,0.0000,0.0000,0.0000,307.7216,0.1914,0.1827,0.1754
star,8001,Cyg,313.3117,44.3872,-0.5200,-0.3471,0.7805,0.0000,0.0000,0.0000,294.5493,0.1530,0.1602,0.1754
star,8028,Cyg,314.2933,41.1672,-0.5388,-0.2935,0.7896,0.0000,0.0000,0.0000,357.4029,0.2316,0.2398,0.2582
star,8039,Mic,315.3229,-32.2578,-0.5946,0.7672,0.2405,0.0000,0.0000,0.0000,302.1051,0.1845,0.1749,0.1670
star,8047,Cyg,314.9567,47.5211,-0.4779,-0.3864,0.7889,0.0000,0.0000,0.0000,297.2748,0.1583,0.1647,0.1786
star,8060,Cap,316.1012,-19.8550,-0.6522,0.6402,0.4060,0.0000,0.0000,0.0000,290.5080,0.1575,0.1611,0.1706
star,8075,Cap,316.4867,-17.2328,-0.6576,0.6107,0.4411,0.0000,0.0000,0.0000,346.8630,0.2170,0.2251,0.2432
star,8079,Cyg,316.2329,43.9278,-0.4982,-0.3268,0.8031,0.0000,0.0000,0.0000,375.9742,0.2858,0.2520,0.2243
star,8080,Cap,316.7821,-25.0058,-0.6206,0.7025,0.3484,0.0000,0.0000,0.0000,314.1652,0.1995,0.1766,0.1577
star,8089,Cyg,316.6504,47.6483,-0.4624,-0.3812,0.8005,0.0000,0.0000,0.0000,310.5689,0.1950,0.1731,0.1552
star,8093,Aqr,317.3987,-11.3717,-0.6636,0.5407,0.5170,0.0000,0.0000,0.0000,313.4426,0.1986,0.1873,0.1780
star,8097,Equ,317.5854,10.1317,-0.6640,0.2235,0.7136,0.0000,0.0000,0.0000,300.7170,0.1723,0.1747,0.1828
star,8115,Cyg,318.2342,30.2269,-0.5755,-0.0996,0.8117,0.0000,0.0000,0.0000,423.7971,0.3631,0.3405,0.3222
star,8123,Equ,318.6204,10.0069,-0.6510,0.2316,0.7229,0.0000,0.0000,0.0000,314.8894,0.2004,0.1994,0.1974
star,8130,Cyg,318.6979,38.0456,-0.5198,-0.2236,0.8245,0.0000,0.0000,0.0000,375.9742,0.2801,0.2793,0.2858
star,8131,Equ,318.9558,5.2478,-0.6539,0.3084,0.6909,0.0000,0.0000,0.0000,359.0526,0.2606,0.2582,0.2549
star,8135,Mic,319.4846,-32.1725,-0.5499,0.7878,0.2773,0.0000,0.0000,0.0000,299.3354,0.1637,0.1689,0.1811
star,8140,Ind,319.9667,-53.4497,-0.3831,0.9234,-0.0229,0.0000,0.0000,0.0000,322.2241,0.1946,0.1987,0.2099
star,8143,Cyg,319.3542,39.3947,-0.5034,-0.2420,0.8295,0.0000,0.0000,0.0000,334.3167,0.2065,0.2121,0.2259
star,8146,Cyg,319.4796,34.8969,-0.5329,-0.1693,0.8291,0.0000,0.0000,0.0000,319.2699,0.1807,0.1888,0.2061
star,8151,Mic,320.1900,-40.8097,-0.4846,0.8597,0.1618,0.0000,0.0000,0.0000,291.8489,0.1545,0.1599,0.1722
star,8162,Cep,319.6450,62.5856,-0.2981,-0.5802,0.7579,0.0000,0.0000,0.0000,504.8450,0.4809,0.4897,0.5152
star,8167,Cap,320.5617,-16.8344,-0.6080,0.6290,0.4845,0.0000,0.0000,0.0000,330.4898,0.2208,0.2091,0.1995
star,8173,Peg,320.5217,19.8044,-0.5982,0.0836,0.7970,0.0000,0.0000,0.0000,346.0653,0.2421,0.2242,0.2099
star,8181,Pav,321.6108,-65.3661,-0.2588,0.9474,-0.1881,0.0000,0.0000,0.0000,335.0873,0.2270,0.2261,0.2240
star,8204,Cap,321.6667,-22.4114,-0.5734,0.7003,0.4252,0.0000,0.0000,0.0000,374.2467,0.2831,0.2652,0.2508
star,8213,Cap,322.1808,-21.8072,-0.5693,0.6962,0.4373,0.0000,0.0000,0.0000,313.4426,0.1986,0.1879,0.1791
star,8225,Peg,322.4871,23.6389,-0.5578,0.0306,0.8294,0.0000,0.0000,0.0000,309.1420,0.1932,0.1708,0.1524
star,8232,Aqr,322.8896,-5.5711,-0.6005,0.4920,0.6303,0.0000,0.0000,0.0000,453.0624,0.4150,0.3960,0.3803
star,8238,Cep,322.1650,70.5608,-0.2041,-0.6729,0.7110,0.0000,0.0000,0.0000,420.8798,0.3080,0.3242,0.3581
star,8252,Cyg,323.4954,45.5919,-0.4163,-0.3226,0.8501,0.0000,0.0000,0.0000,350.8795,0.2489,0.2359,0.2253
star,8254,Oct,325.3687,-77.3900,-0.1241,0.9290,-0.3486,0.0000,0.0000,0.0000,372.5272,0.2805,0.2628,0.2485
star,8255,Cyg,323.6942,38.5342,-0.4632,-0.2093,0.8612,0.0000,0.0000,0.0000,286.5220,0.1660,0.1542,0.1447
star,8260,Cap,324.2700,-19.4661,-0.5506,0.6798,0.4844,0.0000,0.0000,0.0000,301.4103,0.1594,0.1672,0.1837
star,8264,Aqr,324.4379,-7.8542,-0.5761,0.5322,0.6204,0.0000,0.0000,0.0000,300.7170,0.1688,0.1726,0.1828
star,8278,Cap,325.0229,-16.6622,-0.5492,0.6501,0.5252,0.0000,0.0000,0.0000,379.4530,0.2787,0.2807,0.2911
star,8279,Cep,324.4800,62.0819,-0.2720,-0.5611,0.7817,0.0000,0.0000,0.0000,297.9600,0.1709,0.1725,0.1795
star,8288,Cap,325.6646,-18.8664,-0.5337,0.6796,0.5032,0.0000,0.0000,0.0000,297.9600,0.1795,0.1703,0.1628
star,8301,Cyg,325.5237,51.1897,-0.3548,-0.4018,0.8442,0.0000,0.0000,0.0000,302.1051,0.1615,0.1688,0.1845
star,8305,PsA,326.2367,-33.0258,-0.4660,0.8262,0.3168,0.0000,0.0000,0.0000,325.9553,0.1903,0.1980,0.2148
star,8308,Peg,326.0467,9.8750,-0.5502,0.2739,0.7888,0.0000,0.0000,0.0000,510.6908,0.5272,0.4697,0.4228
star,8309,Cyg,326.0358,28.7428,-0.4898,-0.0377,0.8710,0.0000,0.0000,0.0000,297.9600,0.1795,0.1791,0.1776
star,8313,Peg,326.1279,17.3500,-0.5320,0.1526,0.8329,0.0000,0.0000,0.0000,325.9553,0.2148,0.1978,0.1841
star,8315,Peg,326.1613,25.6450,-0.5020,0.0147,0.8647,0.0000,0.0000,0.0000,342.1039,0.2358,0.2334,0.2366
star,8316,Cep,325.8767,58.7800,-0.2908,-0.5120,0.8083,0.0000,0.0000,0.0000,346.0653,0.2421,0.2078,0.1786
star,8317,Cep,325.4804,71.3114,-0.1816,-0.6760,0.7142,0.0000,0.0000,0.0000,309.8547,0.1941,0.1800,0.1686
star,8322,Cap,326.7600,-16.1272,-0.5266,0.6519,0.5456,0.0000,0.0000,0.0000,457.2545,0.4014,0.4057,0.4227
star,8334,Cep,326.3621,61.1208,-0.2675,-0.5435,0.7956,0.0000,0.0000,0.0000,329.7297,0.2198,0.2181,0.2154
star,8335,Cyg,326.6983,49.3094,-0.3580,-0.3693,0.8576,0.0000,0.0000,0.0000,334.3167,0.1978,0.2068,0.2259
star,8353,Gru,328.4821,-37.3650,-0.4155,0.8692,0.2682,0.0000,0.0000,0.0000,442.7495,0.3469,0.3626,0.3963
star,8368,Ind,329.4796,-54.9925,-0.2913,0.9566,0.0018,0.0000,0.0000,0.0000,321.4830,0.1979,0.2002,0.2089
star,8383,,329.1629,63.6256,-0.2277,-0.5715,0.7884,0.0000,0.0000,0.0000,285.8631,0.1652,0.1443,0.1269
star,8387,Ind,330.8400,-56.7861,-0.2669,0.9635,-0.0209,0.0000,0.0000,0.0000,300.7170,0.1828,0.1702,0.1600
star,8402,Aqr,330.8288,-2.1553,-0.4871,0.4816,0.7286,0.0000,0.0000,0.0000,300.7170,0.1617,0.1683,0.1828
star,8411,Gru,331.5288,-39.5433,-0.3676,0.8949,0.2532,0.0000,0.0000,0.0000,317.0721,0.2032,0.1836,0.1678
star,8413,Peg,331.4200,5.0586,-0.4765,0.3749,0.7952,0.0000,0.0000,0.0000,290.5080,0.1706,0.1532,0.1391
star,8414,Aqr,331.4458,-0.3197,-0.4780,0.4572,0.7500,0.0000,0.0000,0.0000,447.8762,0.4055,0.3807,0.3606
star,8417,Cep,330.9475,64.6278,-0.2081,-0.5816,0.7864,0.0000,0.0000,0.0000,329.7297,0.2118,0.2127,0.2198
star,8418,Aqr,331.6092,-13.8697,-0.4616,0.6454,0.6086,0.0000,0.0000,0.0000,331.2516,0.1959,0.2040,0.2218
star,8425,Gru,332.0583,-46.9611,-0.3198,0.9370,0.1404,0.0000,0.0000,0.0000,593.1411,0.6215,0.6502,0.7112
star,8430,Peg,331.7529,25.3450,-0.4277,0.0431,0.9029,0.0000,0.0000,0.0000,372.5272,0.2805,0.2775,0.2805
star,8431,PsA,332.0958,-32.9886,-0.3925,0.8485,0.3550,0.0000,0.0000,0.0000,314.1652,0.1800,0.1859,0.1995
star,8433,PsA,332.1083,-34.0439,-0.3876,0.8571,0.3394,0.0000,0.0000,0.0000,280.6455,0.1592,0.1425,0.1288
star,8447,PsA,332.5367,-32.5483,-0.3887,0.8464,0.3640,0.0000,0.0000,0.0000,285.2056,0.1644,0.1641,0.1627
star,8450,Peg,332.5500,6.1978,-0.4583,0.3618,0.8118,0.0000,0.0000,0.0000,392.7878,0.2829,0.2915,0.3119
star,8454,Peg,332.4967,33.1783,-0.3865,-0.0867,0.9182,0.0000,0.0000,0.0000,329.7297,0.2198,0.2198,0.2185
star,8465,Cep,332.7138,58.2011,-0.2416,-0.4873,0.8391,0.0000,0.0000,0.0000,409.4096,0.3388,0.3009,0.2698
star,8468,Cep,332.4517,72.3411,-0.1403,-0.6783,0.7213,0.0000,0.0000,0.0000,293.8719,0.1746,0.1650,0.1571
star,8485,,333.4696,39.7150,-0.3436,-0.1932,0.9190,0.0000,0.0000,0.0000,314.8894,0.2004,0.1808,0.1649
star,8486,Gru,333.9038,-41.3467,-0.3302,0.9135,0.2377,0.0000,0.0000,0.0000,293.8719,0.1746,0.1672,0.1610
star,8494,Cep,333.7583,57.0436,-0.2405,-0.4679,0.8504,0.0000,0.0000,0.0000,337.4101,0.2180,0.2206,0.2301
star,8498,Lac,333.9925,37.7489,-0.3467,-0.1588,0.9244,0.0000,0.0000,0.0000,342.1039,0.2366,0.2121,0.1922
star,8499,Aqr,334.2083,-7.7833,-0.4311,0.5755,0.6949,0.0000,0.0000,0.0000,339.7489,0.2333,0.2191,0.2075
star,8502,Tuc,334.6254,-60.2597,-0.2126,0.9751,-0.0630,0.0000,0.0000,0.0000,458.3086,0.4246,0.3830,0.3493
star,8518,Aqr,335.4142,-1.3872,-0.4159,0.4890,0.7668,0.0000,0.0000,0.0000,365.7278,0.2396,0.2492,0.2704
star,8522,Peg,335.3304,28.3306,-0.3674,0.0052,0.9301,0.0000,0.0000,0.0000,292.5217,0.1546,0.1603,0.1730
star,8523,Lac,335.2567,46.5367,-0.2879,-0.3004,0.9093,0.0000,0.0000,0.0000,309.1420,0.1697,0.1772,0.1932
star,8538,Lac,335.8900,52.2292,-0.2502,-0.3896,0.8863,0.0000,0.0000,0.0000,319.2699,0.2061,0.1926,0.1818
star,8539,Aqr,336.3192,1.3775,-0.4015,0.4509,0.7971,0.0000,0.0000,0.0000,302.8015,0.1648,0.1712,0.1854
star,8540,Tuc,336.8333,-64.9664,-0.1665,0.9770,-0.1332,0.0000,0.0000,0.0000,315.6153,0.1791,0.1860,0.2014
star,8541,Lac,336.1292,49.4764,-0.2629,-0.3455,0.9008,0.0000,0.0000,0.0000,309.1420,0.1756,0.1808,0.1932
star,8551,Peg,336.9646,4.6956,-0.3900,0.4022,0.8283,0.0000,0.0000,0.0000,293.8719,0.1746,0.1627,0.1531
star,8556,Gru,337.3175,-43.4956,-0.2797,0.9347,0.2192,0.0000,0.0000,0.0000,354.9425,0.2547,0.2378,0.2243
star,8558,Aqr,337.2071,-0.0203,-0.3874,0.4751,0.7900,0.0000,0.0000,0.0000,307.7216,0.1914,0.1879,0.1843
star,8559,Aqr,337.2087,-0.0200,-0.3874,0.4751,0.7901,0.0000,0.0000,0.0000,320.0059,0.2021,0.2019,0.2070
star,8560,Gru,337.4396,-43.7494,-0.2771,0.9363,0.2157,0.0000,0.0000,0.0000,343.6830,0.2388,0.2120,0.1901
star,8571,Cep,337.2929,58.4153,-0.2022,-0.4813,0.8529,0.0000,0.0000,0.0000,373.3860,0.2818,0.2766,0.2713
star,8572,Lac,337.3825,47.7069,-0.2588,-0.3141,0.9134,0.0000,0.0000,0.0000,324.4577,0.2128,0.1872,0.1661
star,8573,Aqr,337.6617,-10.6781,-0.3735,0.6270,0.6837,0.0000,0.0000,0.0000,291.8489,0.1523,0.1586,0.1722
star,8576,PsA,337.8762,-32.3461,-0.3182,0.8617,0.3953,0.0000,0.0000,0.0000,329.7297,0.1968,0.2039,0.2198
star,8579,Lac,337.6221,43.1233,-0.2779,-0.2383,0.9306,0.0000,0.0000,0.0000,313.4426,0.1748,0.1823,0.1986
star,8582,Tuc,338.2504,-61.9822,-0.1741,0.9814,-0.0807,0.0000,0.0000,0.0000,292.5217,0.1730,0.1531,0.1367
star,8585,Lac,337.8229,50.2825,-0.2412,-0.3546,0.9034,0.0000,0.0000,0.0000,371.6704,0.2501,0.2590,0.2793
star,8597,Aqr,338.8392,-0.1175,-0.3610,0.4821,0.7983,0.0000,0.0000,0.0000,350.8795,0.2190,0.2285,0.2489
star,8613,Lac,339.3433,51.5453,-0.2194,-0.3715,0.9021,0.0000,0.0000,0.0000,304.9004,0.1762,0.1791,0.1879
star,8622,Lac,339.8154,39.0503,-0.2680,-0.1646,0.9493,0.0000,0.0000,0.0000,287.8446,0.1446,0.1520,0.1675
star,8628,PsA,340.1642,-27.0436,-0.3022,0.8212,0.4840,0.0000,0.0000,0.0000,338.9675,0.2037,0.2128,0.2323
star,8630,Oct,341.5137,-81.3817,-0.0475,0.9207,-0.3874,0.0000,0.0000,0.0000,340.5321,0.2178,0.2222,0.2344
star,8632,Lac,340.1288,44.2764,-0.2434,-0.2516,0.9367,0.0000,0.0000,0.0000,317.0721,0.2032,0.1843,0.1690
star,8634,Peg,340.3654,10.8314,-0.3300,0.3154,0.8897,0.0000,0.0000,0.0000,404.7231,0.2914,0.3040,0.3311
star,8636,Gru,340.6671,-46.8847,-0.2263,0.9579,0.1768,0.0000,0.0000,0.0000,545.9565,0.6026,0.5337,0.4771
star,8641,Peg,340.4392,29.3075,-0.2920,0.0036,0.9564,0.0000,0.0000,0.0000,293.8719,0.1558,0.1616,0.1746
star,8644,Gru,340.8750,-41.4144,-0.2457,0.9319,0.2666,0.0000,0.0000,0.0000,289.8398,0.1698,0.1586,0.1495
star,8649,Aqr,340.8971,-18.8303,-0.3098,0.7373,0.6004,0.0000,0.0000,0.0000,300.7170,0.1828,0.1652,0.1509
star,8650,Peg,340.7504,30.2214,-0.2849,-0.0113,0.9585,0.0000,0.0000,0.0000,449.9436,0.4093,0.3893,0.3728
star,8655,Gru,341.4079,-53.5003,-0.1896,0.9794,0.0692,0.0000,0.0000,0.0000,289.8398,0.1698,0.1562,0.1453
star,8665,Peg,341.6733,12.1728,-0.3074,0.2972,0.9040,0.0000,0.0000,0.0000,337.4101,0.2301,0.2290,0.2266
star,8667,Peg,341.6329,23.5656,-0.2888,0.1053,0.9516,0.0000,0.0000,0.0000,356.5809,0.2570,0.2390,0.2246
star,8675,Gru,342.1388,-51.3169,-0.1917,0.9755,0.1079,0.0000,0.0000,0.0000,396.4223,0.2881,0.2969,0.3177
star,8679,Aqr,342.3979,-13.5925,-0.2939,0.6786,0.6731,0.0000,0.0000,0.0000,351.6884,0.2500,0.2220,0.1991
star,8684,Peg,342.5008,24.6017,-0.2734,0.0898,0.9577,0.0000,0.0000,0.0000,397.3361,0.3192,0.3012,0.2866
star,8694,Cep,342.4200,66.2006,-0.1219,-0.5861,0.8010,0.0000,0.0000,0.0000,393.6933,0.3133,0.2920,0.2748
star,8695,PsA,343.1317,-32.8756,-0.2437,0.8792,0.4093,0.0000,0.0000,0.0000,317.0721,0.1804,0.1875,0.2032
star,8698,Aqr,343.1538,-7.5797,-0.2873,0.6017,0.7453,0.0000,0.0000,0.0000,374.2467,0.2831,0.2499,0.2226
star,8699,Lac,343.0083,43.3125,-0.2126,-0.2296,0.9498,0.0000,0.0000,0.0000,283.8952,0.1629,0.1448,0.1299
star,8702,,341.8708,83.1539,-0.0371,-0.7927,0.6085,0.0000,0.0000,0.0000,297.2748,0.1786,0.1631,0.1505
star,8709,Aqr,343.6625,-15.8208,-0.2706,0.7092,0.6510,0.0000,0.0000,0.0000,417.0211,0.3171,0.3275,0.3516
star,8717,Peg,343.8071,8.8158,-0.2756,0.3574,0.8924,0.0000,0.0000,0.0000,286.5220,0.1483,0.1538,0.1660
star,8720,PsA,343.9871,-32.5397,-0.2326,0.8784,0.4175,0.0000,0.0000,0.0000,335.8598,0.2280,0.2143,0.2032
star,8726,,344.1083,49.7336,-0.1770,-0.3339,0.9258,0.0000,0.0000,0.0000,283.2422,0.1622,0.1415,0.1244
star,8728,PsA,344.4129,-29.6222,-0.2336,0.8549,0.4632,0.0000,0.0000,0.0000,677.8881,0.8442,0.8692,0.9290
star,8747,Gru,345.2200,-52.7542,-0.1544,0.9838,0.0916,0.0000,0.0000,0.0000,342.8925,0.2377,0.2231,0.2114
star,8748,,343.6033,84.3461,-0.0278,-0.8043,0.5935,0.0000,0.0000,0.0000,299.3354,0.1811,0.1628,0.1479
star,8762,And,345.4804,42.3261,-0.1854,-0.2086,0.9603,0.0000,0.0000,0.0000,384.7318,0.2633,0.2747,0.2992
star,8773,Psc,345.9692,3.8200,-0.2419,0.4415,0.8641,0.0000,0.0000,0.0000,312.0025,0.1723,0.1801,0.1968
star,8775,Peg,345.9438,28.0828,-0.2143,0.0373,0.9761,0.0000,0.0000,0.0000,507.1752,0.5200,0.4579,0.4066
star,8780,And,346.0458,50.0522,-0.1548,-0.3362,0.9290,0.0000,0.0000,0.0000,303.4995,0.1862,0.1734,0.1630
star,8781,Peg,346.1904,15.2053,-0.2303,0.2578,0.9383,0.0000,0.0000,0.0000,499.0661,0.4469,0.4646,0.5035
star,8787,Gru,346.7200,-43.5206,-0.1666,0.9537,0.2503,0.0000,0.0000,0.0000,330.4898,0.2191,0.2173,0.2208
star,8789,Aqr,346.6704,-23.7431,-0.2110,0.8039,0.5561,0.0000,0.0000,0.0000,316.3429,0.2023,0.1916,0.1828
star,8795,Peg,346.7512,9.4094,-0.2261,0.3544,0.9073,0.0000,0.0000,0.0000,312.7217,0.1977,0.1755,0.1574
star,8796,Peg,346.7783,25.4683,-0.2065,0.0841,0.9748,0.0000,0.0000,0.0000,295.9089,0.1770,0.1604,0.1470
star,8797,Cas,346.6538,59.4197,-0.1174,-0.4830,0.8677,0.0000,0.0000,0.0000,289.8398,0.1510,0.1569,0.1698
star,8812,Aqr,347.3617,-21.1725,-0.2040,0.7782,0.5939,0.0000,0.0000,0.0000,381.2045,0.2938,0.2692,0.2494
star,8817,Aqr,347.4783,-22.4575,-0.2004,0.7921,0.5766,0.0000,0.0000,0.0000,300.7170,0.1828,0.1783,0.1740
star,8819,Cep,346.9746,75.3875,-0.0569,-0.7029,0.7091,0.0000,0.0000,0.0000,320.7436,0.2080,0.1992,0.1918
star,8820,Gru,347.5900,-45.2467,-0.1513,0.9629,0.2236,0.0000,0.0000,0.0000,360.7099,0.2630,0.2459,0.2321
star,8830,And,348.1375,49.4064,-0.1338,-0.3229,0.9369,0.0000,0.0000,0.0000,312.7217,0.1877,0.1898,0.1977
star,8834,Aqr,348.5808,-6.0489,-0.1969,0.5924,0.7812,0.0000,0.0000,0.0000,335.0873,0.2270,0.2017,0.1810
star,8841,Aqr,348.9729,-9.0878,-0.1889,0.6346,0.7494,0.0000,0.0000,0.0000,335.8598,0.2280,0.2112,0.1977
star,8848,Tuc,349.3575,-58.2358,-0.0972,0.9952,0.0056,0.0000,0.0000,0.0000,353.3117,0.2483,0.2471,0.2523
star,8852,Psc,349.2912,3.2822,-0.1855,0.4562,0.8703,0.0000,0.0000,0.0000,378.5803,0.2897,0.2738,0.2607
star,8858,Aqr,349.4758,-9.1825,-0.1803,0.6367,0.7498,0.0000,0.0000,0.0000,322.2241,0.1828,0.1915,0.2099
star,8860,And,349.4363,49.0153,-0.1202,-0.3150,0.9414,0.0000,0.0000,0.0000,289.8398,0.1698,0.1495,0.1328
star,8863,Scl,349.7058,-32.5319,-0.1507,0.8882,0.4341,0.0000,0.0000,0.0000,320.7436,0.2080,0.1922,0.1796
star,8865,Aqr,349.7404,-9.6108,-0.1756,0.6428,0.7456,0.0000,0.0000,0.0000,281.2924,0.1425,0.1479,0.1600
star,8872,Cep,349.6562,68.1117,-0.0669,-0.6065,0.7923,0.0000,0.0000,0.0000,296.5910,0.1778,0.1695,0.1626
star,8880,Peg,350.1592,23.7403,-0.1564,0.1194,0.9804,0.0000,0.0000,0.0000,307.0139,0.1759,0.1799,0.1905
star,8892,Aqr,350.7425,-20.1006,-0.1511,0.7719,0.6175,0.0000,0.0000,0.0000,354.9425,0.2547,0.2361,0.2212
star,8904,Cas,351.2096,62.2828,-0.0711,-0.5221,0.8499,0.0000,0.0000,0.0000,281.2924,0.1600,0.1407,0.1249
star,8905,Peg,351.3450,23.4042,-0.1381,0.1268,0.9823,0.0000,0.0000,0.0000,321.4830,0.2089,0.2048,0.2007
star,8906,Aqr,351.5117,-20.6419,-0.1381,0.7789,0.6118,0.0000,0.0000,0.0000,322.2241,0.2099,0.1880,0.1702
star,8911,Psc,351.7333,1.2556,-0.1437,0.4908,0.8593,0.0000,0.0000,0.0000,283.8952,0.1464,0.1514,0.1629
star,8916,Psc,351.9921,6.3789,-0.1384,0.4116,0.9008,0.0000,0.0000,0.0000,330.4898,0.2208,0.2053,0.1929
star,8923,Peg,352.2888,12.7606,-0.1309,0.3084,0.9422,0.0000,0.0000,0.0000,310.5689,0.1950,0.1838,0.1748
star,8926,,352.5083,58.5489,-0.0680,-0.4648,0.8828,0.0000,0.0000,0.0000,285.8631,0.1446,0.1512,0.1652
star,8937,Scl,353.2429,-37.8183,-0.0929,0.9296,0.3566,0.0000,0.0000,0.0000,323.7114,0.1864,0.1945,0.2118
star,8939,Aqr,353.3192,-20.9144,-0.1087,0.7838,0.6114,0.0000,0.0000,0.0000,299.3354,0.1625,0.1682,0.1811
star,8943,Peg,353.4883,31.3253,-0.0969,-0.0085,0.9953,0.0000,0.0000,0.0000,281.2924,0.1600,0.1444,0.1318
star,8949,Phe,353.7692,-42.6150,-0.0799,0.9571,0.2784,0.0000,0.0000,0.0000,299.3354,0.1643,0.1693,0.1811
star,8959,,354.4625,-45.4925,-0.0676,0.9707,0.2308,0.0000,0.0000,0.0000,297.2748,0.1620,0.1670,0.1786
star,8961,And,354.3913,46.4581,-0.0673,-0.2682,0.9610,0.0000,0.0000,0.0000,367.4160,0.2729,0.2554,0.2412
star,8965,And,354.5342,43.2681,-0.0694,-0.2142,0.9743,0.0000,0.0000,0.0000,329.7297,0.1931,0.2015,0.2198
star,8969,Psc,354.9875,5.6264,-0.0870,0.4266,0.9003,0.0000,0.0000,0.0000,342.1039,0.2366,0.2351,0.2324
star,8974,Cep,354.8367,77.6325,-0.0193,-0.7274,0.6859,0.0000,0.0000,0.0000,422.8224,0.3614,0.3375,0.3182
star,8976,And,355.1021,44.3339,-0.0611,-0.2320,0.9708,0.0000,0.0000,0.0000,341.3171,0.2076,0.2164,0.2355
star,8982,Aqr,355.4408,-17.8164,-0.0757,0.7511,0.6559,0.0000,0.0000,0.0000,291.8489,0.1722,0.1645,0.1581
star,8984,Psc,355.5117,1.7800,-0.0782,0.4866,0.8701,0.0000,0.0000,0.0000,314.1652,0.1854,0.1891,0.1995
star,8988,Aqr,355.6804,-14.5450,-0.0729,0.7124,0.6980,0.0000,0.0000,0.0000,314.8894,0.1779,0.1850,0.2004
star,8997,Peg,355.9979,29.3617,-0.0608,0.0275,0.9978,0.0000,0.0000,0.0000,284.5496,0.1637,0.1542,0.1464
star,9003,And,356.5088,46.4203,-0.0420,-0.2666,0.9629,0.0000,0.0000,0.0000,283.2422,0.1622,0.1502,0.1406
star,9008,Cas,356.7646,58.6519,-0.0294,-0.4645,0.8851,0.0000,0.0000,0.0000,288.5081,0.1683,0.1559,0.1459
star,9016,Scl,357.2317,-28.1303,-0.0426,0.8578,0.5122,0.0000,0.0000,0.0000,309.1420,0.1730,0.1792,0.1932
star,9045,Cas,358.5958,57.4994,-0.0132,-0.4463,0.8948,0.0000,0.0000,0.0000,311.2849,0.1959,0.1795,0.1663
star,9064,Peg,359.4396,25.1414,-0.0089,0.1021,0.9947,0.0000,0.0000,0.0000,302.8015,0.1854,0.1643,0.1470
star,9066,,359.6033,51.3886,-0.0043,-0.3484,0.9373,0.0000,0.0000,0.0000,293.1960,0.1738,0.1511,0.1321
star,9067,Psc,359.6683,-3.5561,-0.0058,0.5672,0.8236,0.0000,0.0000,0.0000,289.1732,0.1690,0.1595,0.1518
star,9071,Cas,359.7521,55.7550,-0.0024,-0.4187,0.9081,0.0000,0.0000,0.0000,287.8446,0.1479,0.1541,0.1675
star,9072,Psc,359.8279,6.8633,-0.0030,0.4089,0.9126,0.0000,0.0000,0.0000,351.6884,0.2481,0.2460,0.2500
star,9076,Tuc,359.9792,-65.5772,-0.0002,0.9934,-0.1145,0.0000,0.0000,0.0000,314.1652,0.1759,0.1833,0.1995
star,9084,Oct,0.3987,-77.0658,0.0016,0.9507,-0.3101,0.0000,0.0000,0.0000,294.5493,0.1754,0.1599,0.1475
star,9089,Psc,0.4900,-6.0142,0.0085,0.6020,0.7985,0.0000,0.0000,0.0000,320.7436,0.2080,0.1837,0.1638
star,9098,Cet,0.9350,-17.3361,0.0156,0.7470,0.6647,0.0000,0.0000,0.0000,310.5689,0.1728,0.1797,0.1950
star,9103,Cet,1.1254,-10.5094,0.0193,0.6626,0.7487,0.0000,0.0000,0.0000,283.8952,0.1629,0.1439,0.1283
zodiac,617,Ari,31.7933,23.4625,0.4833,0.0603,0.8734,0.4483,0.1180,0.8861,60.0000,0.0700,0.0600,0.0350
zodiac,617,Ari,31.7933,23.4625,0.4833,0.0603,0.8734,0.6005,-0.0550,0.7977,60.0000,0.0700,0.0600,0.0350
zodiac,838,Ari,42.4958,27.2606,0.6005,-0.0550,0.7977,0.6985,0.0357,0.7147,60.0000,0.0700,0.0600,0.0350
zodiac,1457,Tau,68.9800,16.5092,0.8950,-0.0665,0.4411,0.8860,-0.0434,0.4617,60.0000,0.0700,0.0600,0.0350
zodiac,1411,Tau,67.1438,15.9622,0.8860,-0.0434,0.4617,0.8865,-0.0422,0.4608,60.0000,0.0700,0.0600,0.0350
zodiac,1412,Tau,67.1654,15.8708,0.8865,-0.0422,0.4608,0.8838,-0.0337,0.4667,60.0000,0.0700,0.0600,0.0350
zodiac,1394,Tau,66.5867,15.6183,0.8838,-0.0337,0.4667,0.8724,-0.0209,0.4883,60.0000,0.0700,0.0600,0.0350
zodiac,1346,Tau,64.9483,15.6275,0.8724,-0.0209,0.4883,0.8692,-0.0565,0.4911,60.0000,0.0700,0.0600,0.0350
zodiac,1373,Tau,65.7338,17.5425,0.8692,-0.0565,0.4911,0.8717,-0.0675,0.4854,60.0000,0.0700,0.0600,0.0350
zodiac,1389,Tau,66.3725,17.9281,0.8717,-0.0675,0.4854,0.8704,-0.0928,0.4835,60.0000,0.0700,0.0600,0.0350
zodiac,1409,Tau,67.1542,19.1803,0.8704,-0.0928,0.4835,0.8475,-0.1339,0.5136,60.0000,0.0700,0.0600,0.0350
zodiac,1387,Tau,66.3421,22.2939,0.8475,-0.1339,0.5136,0.8458,-0.1436,0.5138,60.0000,0.0700,0.0600,0.0350
zodiac,1392,Tau,66.5771,22.8136,0.8458,-0.1436,0.5138,0.8683,-0.1765,0.4636,60.0000,0.0700,0.0600,0.0350
zodiac,1457,Tau,68.9800,16.5092,0.8950,-0.0665,0.4411,0.9147,-0.0099,0.4041,60.0000,0.0700,0.0600,0.0350
zodiac,1473,Tau,69.5396,12.5108,0.9147,-0.0099,0.4041,0.9184,0.0312,0.3944,60.0000,0.0700,0.0600,0.0350
zodiac,1387,Tau,66.3421,22.2939,0.8475,-0.1339,0.5136,0.8118,-0.0921,0.5766,60.0000,0.0700,0.0600,0.0350
zodiac,1256,Tau,61.1737,22.0819,0.8118,-0.0921,0.5766,0.7684,-0.0952,0.6329,60.0000,0.0700,0.0600,0.0350
zodiac,1178,Tau,57.2904,24.0533,0.7684,-0.0952,0.6329,0.7644,-0.0931,0.6380,60.0000,0.0700,0.0600,0.0350
zodiac,1165,Tau,56.8713,24.1050,0.7644,-0.0931,0.6380,0.7628,-0.0887,0.6405,60.0000,0.0700,0.0600,0.0350
zodiac,1156,Tau,56.5817,23.9483,0.7628,-0.0887,0.6405,0.7586,-0.0888,0.6454,60.0000,0.0700,0.0600,0.0350
zodiac,1142,Tau,56.2188,24.1133,0.7586,-0.0888,0.6454,0.7592,-0.0944,0.6439,60.0000,0.0700,0.0600,0.0350
zodiac,1149,Tau,56.4567,24.3678,0.7592,-0.0944,0.6439,0.7573,-0.0949,0.6462,60.0000,0.0700,0.0600,0.0350
zodiac,1458,Tau,68.9137,10.1608,0.9184,0.0312,0.3944,0.8871,0.0915,0.4524,60.0000,0.0700,0.0600,0.0350
zodiac,1320,Tau,63.8838,8.8922,0.8871,0.0915,0.4524,0.8681,0.1605,0.4698,60.0000,0.0700,0.0600,0.0350
zodiac,1320,Tau,63.8838,8.8922,0.8871,0.0915,0.4524,0.8470,0.0647,0.5277,60.0000,0.0700,0.0600,0.0350
zodiac,1239,Tau,60.1700,12.4903,0.8470,0.0647,0.5277,0.7755,0.1122,0.6213,60.0000,0.0700,0.0600,0.0350
zodiac,1066,Tau,52.7183,12.9367,0.7755,0.1122,0.6213,0.7745,0.1691,0.6096,60.0000,0.0700,0.0600,0.0350
zodiac,1038,Tau,51.7925,9.7328,0.7745,0.1691,0.6096,0.7697,0.1842,0.6112,60.0000,0.0700,0.0600,0.0350
zodiac,1251,Tau,60.7892,5.9892,0.8681,0.1605,0.4698,0.8112,0.2951,0.5048,60.0000,0.0700,0.0600,0.0350
zodiac,1497,Tau,70.5613,22.9569,0.8683,-0.1765,0.4636,0.8684,-0.3442,0.3569,60.0000,0.0700,0.0600,0.0350
zodiac,1791,Tau,81.5729,28.6075,0.8684,-0.3442,0.3569,0.9283,-0.2624,0.2636,60.0000,0.0700,0.0600,0.0350
zodiac,1910,Tau,84.4113,21.1425,0.9283,-0.2624,0.2636,0.9408,-0.2143,0.2625,60.0000,0.0700,0.0600,0.0350
zodiac,2990,Gem,116.3287,28.0261,0.7912,-0.6044,-0.0936,0.7881,-0.6105,-0.0782,60.0000,0.0700,0.0600,0.0350
zodiac,2990,Gem,116.3287,28.0261,0.7912,-0.6044,-0.0936,0.8149,-0.5744,-0.0777,60.0000,0.0700,0.0600,0.0350
zodiac,2905,Gem,113.9804,26.8958,0.8149,-0.5744,-0.0777,0.8234,-0.5662,-0.0369,60.0000,0.0700,0.0600,0.0350
zodiac,2905,Gem,113.9804,26.8958,0.8149,-0.5744,-0.0777,0.8178,-0.5605,-0.1308,60.0000,0.0700,0.0600,0.0350
zodiac,2973,Gem,115.8279,28.8836,0.7881,-0.6105,-0.0782,0.7778,-0.6282,-0.0199,60.0000,0.0700,0.0600,0.0350
zodiac,2891,Gem,113.6500,31.8883,0.7778,-0.6282,-0.0199,0.7778,-0.6282,-0.0199,60.0000,0.0700,0.0600,0.0350
zodiac,2891,Gem,113.6500,31.8883,0.7778,-0.6282,-0.0199,0.7866,-0.6175,-0.0049,60.0000,0.0700,0.0600,0.0350
zodiac,2821,Gem,111.4317,27.7981,0.8234,-0.5662,-0.0369,0.8226,-0.5677,0.0332,60.0000,0.0700,0.0600,0.0350
zodiac,2697,Gem,107.7850,30.2453,0.8226,-0.5677,0.0332,0.8075,-0.5764,0.1254,60.0000,0.0700,0.0600,0.0350
zodiac,2821,Gem,111.4317,27.7981,0.8234,-0.5662,-0.0369,0.8712,-0.4844,-0.0795,60.0000,0.0700,0.0600,0.0350
zodiac,2777,Gem,110.0308,21.9822,0.8712,-0.4844,-0.0795,0.8999,-0.4343,-0.0406,60.0000,0.0700,0.0600,0.0350
zodiac,2650,Gem,106.0271,20.5703,0.8999,-0.4343,-0.0406,0.9035,-0.4090,-0.1280,60.0000,0.0700,0.0600,0.0350
zodiac,2650,Gem,106.0271,20.5703,0.8999,-0.4343,-0.0406,0.8888,-0.4529,0.0709,60.0000,0.0700,0.0600,0.0350
zodiac,2473,Gem,100.9829,25.1311,0.8888,-0.4529,0.0709,0.9192,-0.3758,0.1180,60.0000,0.0700,0.0600,0.0350
zodiac,2286,Gem,95.7400,22.5136,0.9192,-0.3758,0.1180,0.9219,-0.3590,0.1458,60.0000,0.0700,0.0600,0.0350
zodiac,2216,Gem,93.7192,22.5067,0.9219,-0.3590,0.1458,0.9186,-0.3471,0.1893,60.0000,0.0700,0.0600,0.0350
zodiac,2286,Gem,95.7400,22.5136,0.9192,-0.3758,0.1180,0.9309,-0.3571,0.0766,60.0000,0.0700,0.0600,0.0350
zodiac,2343,Gem,97.2408,20.2122,0.9309,-0.3571,0.0766,0.9464,-0.3229,0.0107,60.0000,0.0700,0.0600,0.0350
zodiac,2421,Gem,99.4279,16.3992,0.9464,-0.3229,0.0107,0.9556,-0.2918,-0.0413,60.0000,0.0700,0.0600,0.0350
zodiac,2478,Gem,100.9971,13.2278,0.9556,-0.2918,-0.0413,0.9558,-0.2899,-0.0491,60.0000,0.0700,0.0600,0.0350
zodiac,3249,Cnc,124.1288,9.1856,0.8172,-0.4221,-0.3925,0.6966,-0.5302,-0.4834,60.0000,0.0700,0.0600,0.0350
zodiac,3572,Cnc,134.6217,11.8578,0.6966,-0.5302,-0.4834,0.7153,-0.5892,-0.3757,60.0000,0.0700,0.0600,0.0350
zodiac,3461,Cnc,131.1712,18.1542,0.7153,-0.5892,-0.3757,0.6548,-0.7126,-0.2518,60.0000,0.0700,0.0600,0.0350
zodiac,3982,Leo,152.0929,11.9672,0.4579,-0.6230,-0.6342,0.4627,-0.5966,-0.6558,60.0000,0.0700,0.0600,0.0350
zodiac,3982,Leo,152.0929,11.9672,0.4579,-0.6230,-0.6342,0.4520,-0.6820,-0.5750,60.0000,0.0700,0.0600,0.0350
zodiac,3975,Leo,151.8333,16.7628,0.4520,-0.6820,-0.5750,0.3976,-0.7300,-0.5559,60.0000,0.0700,0.0600,0.0350
zodiac,4057,Leo,154.9929,19.8417,0.3976,-0.7300,-0.5559,0.3976,-0.7300,-0.5559,60.0000,0.0700,0.0600,0.0350
zodiac,4057,Leo,154.9929,19.8417,0.3976,-0.7300,-0.5559,0.3998,-0.7661,-0.5033,60.0000,0.0700,0.0600,0.0350
zodiac,4031,Leo,154.1725,23.4172,0.3998,-0.7661,-0.5033,0.4737,-0.7692,-0.4288,60.0000,0.0700,0.0600,0.0350
zodiac,3905,Leo,148.1908,26.0069,0.4737,-0.7692,-0.4288,0.5056,-0.7384,-0.4462,60.0000,0.0700,0.0600,0.0350
zodiac,3873,Leo,146.4629,23.7742,0.5056,-0.7384,-0.4462,0.5550,-0.7129,-0.4287,60.0000,0.0700,0.0600,0.0350
zodiac,3773,Leo,142.9300,22.9681,0.5550,-0.7129,-0.4287,0.5628,-0.7382,-0.3719,60.0000,0.0700,0.0600,0.0350
zodiac,3980,Leo,151.9762,9.9975,0.4627,-0.5966,-0.6558,0.3664,-0.6105,-0.7021,60.0000,0.0700,0.0600,0.0350
zodiac,3980,Leo,151.9762,9.9975,0.4627,-0.5966,-0.6558,0.5610,-0.5643,-0.6057,60.0000,0.0700,0.0600,0.0350
zodiac,4058,Leo,154.9942,19.8406,0.3976,-0.7300,-0.5559,0.2337,-0.7639,-0.6015,60.0000,0.0700,0.0600,0.0350
zodiac,4300,Leo,165.5825,20.1797,0.2337,-0.7639,-0.6015,0.1863,-0.7732,-0.6062,60.0000,0.0700,0.0600,0.0350
zodiac,4357,Leo,168.5271,20.5236,0.1863,-0.7732,-0.6062,0.1912,-0.7147,-0.6728,60.0000,0.0700,0.0600,0.0350
zodiac,4359,Leo,168.5600,15.4294,0.1912,-0.7147,-0.6728,0.1541,-0.6567,-0.7382,60.0000,0.0700,0.0600,0.0350
zodiac,4399,Leo,170.9812,10.5292,0.1541,-0.6567,-0.7382,0.1678,-0.5949,-0.7861,60.0000,0.0700,0.0600,0.0350
zodiac,4399,Leo,170.9812,10.5292,0.1541,-0.6567,-0.7382,0.0462,-0.7136,-0.6991,60.0000,0.0700,0.0600,0.0350
zodiac,4386,Leo,170.2842,6.0294,0.1678,-0.5949,-0.7861,0.1004,-0.5001,-0.8602,60.0000,0.0700,0.0600,0.0350
zodiac,4471,Leo,174.2371,-0.8239,0.1004,-0.5001,-0.8602,0.1876,-0.4502,-0.8730,60.0000,0.0700,0.0600,0.0350
zodiac,5056,Vir,201.2983,-11.1614,-0.3564,-0.3049,-0.8832,-0.2991,-0.4062,-0.8634,60.0000,0.0700,0.0600,0.0350
zodiac,4963,Vir,197.4875,-5.5389,-0.2991,-0.4062,-0.8634,-0.4015,-0.4628,-0.7903,60.0000,0.0700,0.0600,0.0350
zodiac,5107,Vir,203.6733,-0.5958,-0.4015,-0.4628,-0.7903,-0.5060,-0.4671,-0.7251,60.0000,0.0700,0.0600,0.0350
zodiac,4963,Vir,197.4875,-5.5389,-0.2991,-0.4062,-0.8634,-0.1807,-0.4847,-0.8558,60.0000,0.0700,0.0600,0.0350
zodiac,4825,Vir,190.4150,-1.4494,-0.1807,-0.4847,-0.8558,-0.1807,-0.4847,-0.8558,60.0000,0.0700,0.0600,0.0350
zodiac,4825,Vir,190.4150,-1.4494,-0.1807,-0.4847,-0.8558,-0.0867,-0.5031,-0.8599,60.0000,0.0700,0.0600,0.0350
zodiac,4825,Vir,190.4150,-1.4494,-0.1807,-0.4847,-0.8558,-0.2398,-0.5499,-0.8001,60.0000,0.0700,0.0600,0.0350
zodiac,4689,Vir,184.9767,-0.6669,-0.0867,-0.5031,-0.8599,0.0406,-0.5408,-0.8402,60.0000,0.0700,0.0600,0.0350
zodiac,4540,Vir,177.6738,1.7647,0.0406,-0.5408,-0.8402,0.0613,-0.6082,-0.7914,60.0000,0.0700,0.0600,0.0350
zodiac,4517,Vir,176.4650,6.5294,0.0613,-0.6082,-0.7914,-0.0225,-0.6391,-0.7688,60.0000,0.0700,0.0600,0.0350
zodiac,4910,Vir,193.9008,3.3975,-0.2398,-0.5499,-0.8001,-0.2631,-0.6501,-0.7128,60.0000,0.0700,0.0600,0.0350
zodiac,5264,Vir,210.4117,1.5444,-0.5060,-0.4671,-0.7251,-0.5562,-0.3350,-0.7605,60.0000,0.0700,0.0600,0.0350
zodiac,5338,Vir,214.0037,-6.0006,-0.5562,-0.3350,-0.7605,-0.5391,-0.2711,-0.7974,60.0000,0.0700,0.0600,0.0350
zodiac,5338,Vir,214.0037,-6.0006,-0.5562,-0.3350,-0.7605,-0.6498,-0.3037,-0.6968,60.0000,0.0700,0.0600,0.0350
zodiac,5487,Vir,220.7650,-5.6583,-0.6498,-0.3037,-0.6968,-0.6631,-0.4135,-0.6240,60.0000,0.0700,0.0600,0.0350
zodiac,5511,Vir,221.5621,1.8928,-0.6631,-0.4135,-0.6240,-0.7155,-0.3906,-0.5792,60.0000,0.0700,0.0600,0.0350
zodiac,5685,Lib,229.2517,-9.3831,-0.7474,-0.1919,-0.6360,-0.6964,-0.3026,-0.6508,60.0000,0.0700,0.0600,0.0350
zodiac,5685,Lib,229.2517,-9.3831,-0.7474,-0.1919,-0.6360,-0.7810,-0.0747,-0.6200,60.0000,0.0700,0.0600,0.0350
zodiac,5787,Lib,233.8817,-14.7894,-0.7810,-0.0747,-0.6200,-0.8162,-0.0113,-0.5777,60.0000,0.0700,0.0600,0.0350
zodiac,5685,Lib,229.2517,-9.3831,-0.7474,-0.1919,-0.6360,-0.6520,-0.1268,-0.7475,60.0000,0.0700,0.0600,0.0350
zodiac,5531,Lib,222.7196,-16.0417,-0.6520,-0.1268,-0.7475,-0.6506,0.0427,-0.7582,60.0000,0.0700,0.0600,0.0350
zodiac,5603,Lib,226.0175,-25.2819,-0.6506,0.0427,-0.7582,-0.7157,0.1389,-0.6844,60.0000,0.0700,0.0600,0.0350
zodiac,5794,Lib,234.2562,-28.1350,-0.7157,0.1389,-0.6844,-0.7081,0.1672,-0.6861,60.0000,0.0700,0.0600,0.0350
zodiac,6134,Sco,247.3517,-26.4319,-0.8264,0.2040,-0.5248,-0.8194,0.1761,-0.5456,60.0000,0.0700,0.0600,0.0350
zodiac,6134,Sco,247.3517,-26.4319,-0.8264,0.2040,-0.5248,-0.8225,0.2424,-0.5145,60.0000,0.0700,0.0600,0.0350
zodiac,6084,Sco,245.2971,-25.5928,-0.8194,0.1761,-0.5456,-0.7754,0.1441,-0.6149,60.0000,0.0700,0.0600,0.0350
zodiac,5944,Sco,239.7129,-26.1142,-0.7754,0.1441,-0.6149,-0.7499,0.1883,-0.6342,60.0000,0.0700,0.0600,0.0350
zodiac,5944,Sco,239.7129,-26.1142,-0.7754,0.1441,-0.6149,-0.8001,0.0926,-0.5927,60.0000,0.0700,0.0600,0.0350
zodiac,5953,Sco,240.0833,-22.6217,-0.8001,0.0926,-0.5927,-0.8239,0.0783,-0.5613,60.0000,0.0700,0.0600,0.0350
zodiac,5997,Sco,241.8513,-20.8686,-0.8239,0.0783,-0.5613,-0.8238,0.0741,-0.5620,60.0000,0.0700,0.0600,0.0350
zodiac,5993,Sco,241.7017,-20.6692,-0.8238,0.0741,-0.5620,-0.8257,0.0582,-0.5611,60.0000,0.0700,0.0600,0.0350
zodiac,5984,Sco,241.3592,-19.8056,-0.8257,0.0582,-0.5611,-0.8401,0.0651,-0.5385,60.0000,0.0700,0.0600,0.0350
zodiac,6165,Sco,248.9708,-28.2161,-0.8225,0.2424,-0.5145,-0.7881,0.3553,-0.5027,60.0000,0.0700,0.0600,0.0350
zodiac,6241,Sco,252.5408,-34.2933,-0.7881,0.3553,-0.5027,-0.7537,0.4099,-0.5137,60.0000,0.0700,0.0600,0.0350
zodiac,6252,Sco,253.0838,-38.0175,-0.7537,0.4099,-0.5137,-0.7530,0.4095,-0.5151,60.0000,0.0700,0.0600,0.0350
zodiac,6247,Sco,252.9675,-38.0475,-0.7530,0.4095,-0.5151,-0.7090,0.4704,-0.5254,60.0000,0.0700,0.0600,0.0350
zodiac,6271,Sco,253.6458,-42.3614,-0.7090,0.4704,-0.5254,-0.7127,0.5094,-0.4822,60.0000,0.0700,0.0600,0.0350
zodiac,6380,Sco,258.0383,-43.2392,-0.7127,0.5094,-0.4822,-0.7278,0.5473,-0.4132,60.0000,0.0700,0.0600,0.0350
zodiac,6553,Sco,264.3300,-42.9978,-0.7278,0.5473,-0.4132,-0.7635,0.5311,-0.3674,60.0000,0.0700,0.0600,0.0350
zodiac,6615,Sco,266.8963,-40.1269,-0.7635,0.5311,-0.3674,-0.7745,0.5092,-0.3752,60.0000,0.0700,0.0600,0.0350
zodiac,6580,Sco,265.6221,-39.0300,-0.7745,0.5092,-0.3752,-0.7923,0.4699,-0.3893,60.0000,0.0700,0.0600,0.0350
zodiac,6527,Sco,263.4021,-37.1039,-0.7923,0.4699,-0.3893,-0.7891,0.4673,-0.3988,60.0000,0.0700,0.0600,0.0350
zodiac,6879,Sgr,276.0429,-34.3847,-0.8207,0.5288,-0.2164,-0.7988,0.5447,-0.2555,60.0000,0.0700,0.0600,0.0350
zodiac,6879,Sgr,276.0429,-34.3847,-0.8207,0.5288,-0.2164,-0.8639,0.4672,-0.1882,60.0000,0.0700,0.0600,0.0350
zodiac,6859,Sgr,275.2487,-29.8281,-0.8639,0.4672,-0.1882,-0.8620,0.4453,-0.2421,60.0000,0.0700,0.0600,0.0350
zodiac,6859,Sgr,275.2487,-29.8281,-0.8639,0.4672,-0.1882,-0.8965,0.4246,-0.1268,60.0000,0.0700,0.0600,0.0350
zodiac,6913,Sgr,276.9925,-25.4217,-0.8965,0.4246,-0.1268,-0.8735,0.4798,-0.0826,60.0000,0.0700,0.0600,0.0350
zodiac,7039,Sgr,281.4142,-26.9908,-0.8735,0.4798,-0.0826,-0.8706,0.4900,-0.0447,60.0000,0.0700,0.0600,0.0350
zodiac,7121,Sgr,283.8163,-26.2967,-0.8706,0.4900,-0.0447,-0.8481,0.5294,-0.0206,60.0000,0.0700,0.0600,0.0350
zodiac,7234,Sgr,286.7350,-27.6706,-0.8481,0.5294,-0.0206,-0.8349,0.5475,-0.0561,60.0000,0.0700,0.0600,0.0350
zodiac,7121,Sgr,283.8163,-26.2967,-0.8706,0.4900,-0.0447,-0.8921,0.4507,0.0310,60.0000,0.0700,0.0600,0.0350
zodiac,7217,Sgr,286.1708,-21.7417,-0.8921,0.4507,0.0310,-0.8905,0.4516,0.0550,60.0000,0.0700,0.0600,0.0350
zodiac,7217,Sgr,286.1708,-21.7417,-0.8921,0.4507,0.0310,-0.9035,0.4284,0.0138,60.0000,0.0700,0.0600,0.0350
zodiac,7264,Sgr,287.4408,-21.0236,-0.8905,0.4516,0.0550,-0.8921,0.4337,0.1268,60.0000,0.0700,0.0600,0.0350
zodiac,6913,Sgr,276.9925,-25.4217,-0.8965,0.4246,-0.1268,-0.9315,0.3369,-0.1371,60.0000,0.0700,0.0600,0.0350
zodiac,7194,Sgr,285.6529,-29.8803,-0.8349,0.5475,-0.0561,-0.7088,0.6979,-0.1024,60.0000,0.0700,0.0600,0.0350
zodiac,7348,Sgr,290.9717,-40.6161,-0.7088,0.6979,-0.1024,-0.6679,0.7301,-0.1449,60.0000,0.0700,0.0600,0.0350
zodiac,7337,Sgr,290.6596,-44.4589,-0.6679,0.7301,-0.1449,-0.6633,0.7338,-0.1469,60.0000,0.0700,0.0600,0.0350
zodiac,7348,Sgr,290.9717,-40.6161,-0.7088,0.6979,-0.1024,-0.6525,0.7570,-0.0361,60.0000,0.0700,0.0600,0.0350
zodiac,7581,Sgr,298.8154,-41.8683,-0.6525,0.7570,-0.0361,-0.7075,0.7048,0.0517,60.0000,0.0700,0.0600,0.0350
zodiac,8322,Cap,326.7600,-16.1272,-0.5266,0.6519,0.5456,-0.5492,0.6501,0.5252,60.0000,0.0700,0.0600,0.0350
zodiac,8278,Cap,325.0229,-16.6622,-0.5492,0.6501,0.5252,-0.6080,0.6290,0.4845,60.0000,0.0700,0.0600,0.0350
zodiac,8167,Cap,320.5617,-16.8344,-0.6080,0.6290,0.4845,-0.6576,0.6107,0.4411,60.0000,0.0700,0.0600,0.0350
zodiac,8167,Cap,320.5617,-16.8344,-0.6080,0.6290,0.4845,-0.5734,0.7003,0.4252,60.0000,0.0700,0.0600,0.0350
zodiac,8204,Cap,321.6667,-22.4114,-0.5734,0.7003,0.4252,-0.6526,0.7010,0.2876,60.0000,0.0700,0.0600,0.0350
zodiac,7980,Cap,312.9554,-26.9192,-0.6526,0.7010,0.2876,-0.6770,0.6747,0.2940,60.0000,0.0700,0.0600,0.0350
zodiac,8075,Cap,316.4867,-17.2328,-0.6576,0.6107,0.4411,-0.7896,0.5061,0.3470,60.0000,0.0700,0.0600,0.0350
zodiac,7776,Cap,305.2529,-14.7814,-0.7896,0.5061,0.3470,-0.8043,0.4710,0.3622,60.0000,0.0700,0.0600,0.0350
zodiac,7754,Cap,304.5137,-12.5447,-0.8043,0.4710,0.3622,-0.8054,0.4698,0.3614,60.0000,0.0700,0.0600,0.0350
zodiac,8232,Aqr,322.8896,-5.5711,-0.6005,0.4920,0.6303,-0.4780,0.4572,0.7500,60.0000,0.0700,0.0600,0.0350
zodiac,8414,Aqr,331.4458,-0.3197,-0.4780,0.4572,0.7500,-0.4159,0.4890,0.7668,60.0000,0.0700,0.0600,0.0350
zodiac,8518,Aqr,335.4142,-1.3872,-0.4159,0.4890,0.7668,-0.3874,0.4751,0.7901,60.0000,0.0700,0.0600,0.0350
zodiac,8559,Aqr,337.2087,-0.0200,-0.3874,0.4751,0.7901,-0.3610,0.4821,0.7983,60.0000,0.0700,0.0600,0.0350
zodiac,8518,Aqr,335.4142,-1.3872,-0.4159,0.4890,0.7668,-0.4311,0.5755,0.6949,60.0000,0.0700,0.0600,0.0350
zodiac,8499,Aqr,334.2083,-7.7833,-0.4311,0.5755,0.6949,-0.4616,0.6454,0.6086,60.0000,0.0700,0.0600,0.0350
zodiac,8597,Aqr,338.8392,-0.1175,-0.3610,0.4821,0.7983,-0.2873,0.6017,0.7453,60.0000,0.0700,0.0600,0.0350
zodiac,8698,Aqr,343.1538,-7.5797,-0.2873,0.6017,0.7453,-0.1969,0.5924,0.7812,60.0000,0.0700,0.0600,0.0350
zodiac,8834,Aqr,348.5808,-6.0489,-0.1969,0.5924,0.7812,-0.1889,0.6346,0.7494,60.0000,0.0700,0.0600,0.0350
zodiac,8841,Aqr,348.9729,-9.0878,-0.1889,0.6346,0.7494,-0.1803,0.6367,0.7498,60.0000,0.0700,0.0600,0.0350
zodiac,8698,Aqr,343.1538,-7.5797,-0.2873,0.6017,0.7453,-0.2939,0.6786,0.6731,60.0000,0.0700,0.0600,0.0350
zodiac,8679,Aqr,342.3979,-13.5925,-0.2939,0.6786,0.6731,-0.2706,0.7092,0.6510,60.0000,0.0700,0.0600,0.0350
zodiac,8709,Aqr,343.6625,-15.8208,-0.2706,0.7092,0.6510,-0.2040,0.7782,0.5939,60.0000,0.0700,0.0600,0.0350
zodiac,8812,Aqr,347.3617,-21.1725,-0.2040,0.7782,0.5939,-0.2110,0.8039,0.5561,60.0000,0.0700,0.0600,0.0350
zodiac,8812,Aqr,347.3617,-21.1725,-0.2040,0.7782,0.5939,-0.1511,0.7719,0.6175,60.0000,0.0700,0.0600,0.0350
zodiac,8892,Aqr,350.7425,-20.1006,-0.1511,0.7719,0.6175,-0.1381,0.7789,0.6118,60.0000,0.0700,0.0600,0.0350
zodiac,8906,Aqr,351.5117,-20.6419,-0.1381,0.7789,0.6118,-0.0729,0.7124,0.6980,60.0000,0.0700,0.0600,0.0350
zodiac,8232,Aqr,322.8896,-5.5711,-0.6005,0.4920,0.6303,-0.7411,0.4180,0.5255,60.0000,0.0700,0.0600,0.0350
zodiac,7951,Aqr,311.9342,-5.0278,-0.7411,0.4180,0.5255,-0.7339,0.4808,0.4798,60.0000,0.0700,0.0600,0.0350
zodiac,437,Psc,22.8708,15.3458,0.3748,0.2308,0.8979,0.4382,0.3192,0.8403,60.0000,0.0700,0.0600,0.0350
zodiac,510,Psc,26.3483,9.1578,0.4382,0.3192,0.8403,0.4263,0.3813,0.8203,60.0000,0.0700,0.0600,0.0350
zodiac,489,Psc,25.3579,5.4875,0.4263,0.3813,0.8203,0.5071,0.4019,0.7624,60.0000,0.0700,0.0600,0.0350
zodiac,489,Psc,25.3579,5.4875,0.4263,0.3813,0.8203,0.2686,0.3734,0.8879,60.0000,0.0700,0.0600,0.0350
zodiac,294,Psc,15.7358,7.8900,0.2686,0.3734,0.8879,0.2090,0.3859,0.8986,60.0000,0.0700,0.0600,0.0350
zodiac,224,Psc,12.1708,7.5850,0.2090,0.3859,0.8986,-0.0030,0.4089,0.9126,60.0000,0.0700,0.0600,0.0350
zodiac,9072,Psc,359.8279,6.8633,-0.0030,0.4089,0.9126,-0.0870,0.4266,0.9003,60.0000,0.0700,0.0600,0.0350
zodiac,8969,Psc,354.9875,5.6264,-0.0870,0.4266,0.9003,-0.1384,0.4116,0.9008,60.0000,0.0700,0.0600,0.0350
zodiac,8916,Psc,351.9921,6.3789,-0.1384,0.4116,0.9008,-0.1855,0.4562,0.8703,60.0000,0.0700,0.0600,0.0350
zodiac,8969,Psc,354.9875,5.6264,-0.0870,0.4266,0.9003,0.0085,0.6020,0.7985,60.0000,0.0700,0.0600,0.0350
milky,0,,217.0683,-51.7792,-0.3729,0.4192,-0.8278,0.0000,0.0000,0.0000,14227.2006,0.0094,0.0100,0.0111
milky,0,,249.3518,-54.0697,-0.5491,0.5875,-0.5944,0.0000,0.0000,0.0000,9500.9058,0.0109,0.0115,0.0128
milky,0,,325.5963,54.3712,-0.3291,-0.4492,0.8306,0.0000,0.0000,0.0000,14142.8076,0.0019,0.0021,0.0023
milky,0,,239.8740,-54.3107,-0.5046,0.5454,-0.6693,0.0000,0.0000,0.0000,15165.7592,0.0122,0.0129,0.0143
milky,0,,307.0376,37.0359,-0.6372,-0.2686,0.7224,0.0000,0.0000,0.0000,12684.1229,0.0056,0.0059,0.0065
milky,0,,285.8527,-4.6497,-0.9588,0.2097,0.1916,0.0000,0.0000,0.0000,15451.5606,0.0092,0.0098,0.0109
milky,0,,61.9810,53.7667,0.5218,-0.5484,0.6534,0.0000,0.0000,0.0000,10807.3042,0.0055,0.0059,0.0065
milky,0,,220.0150,-69.3428,-0.2268,0.6629,-0.7135,0.0000,0.0000,0.0000,12483.6040,0.0069,0.0073,0.0082
milky,0,,289.6070,14.4692,-0.9121,-0.0468,0.4072,0.0000,0.0000,0.0000,12704.3413,0.0025,0.0026,0.0029
milky,0,,163.1559,-57.7122,0.1548,0.4613,-0.8736,0.0000,0.0000,0.0000,12001.4219,0.0056,0.0060,0.0066
milky,0,,102.1091,5.3823,0.9734,-0.1880,-0.1307,0.0000,0.0000,0.0000,15204.2588,0.0036,0.0038,0.0042
milky,0,,267.7198,-25.4523,-0.9022,0.3499,-0.2521,0.0000,0.0000,0.0000,10183.2456,0.0091,0.0097,0.0108
milky,0,,274.5405,-2.9787,-0.9955,0.0853,0.0410,0.0000,0.0000,0.0000,12322.9602,0.0072,0.0076,0.0085
milky,0,,239.4694,-44.9132,-0.6100,0.4199,-0.6720,0.0000,0.0000,0.0000,10011.7802,0.0099,0.0105,0.0117
milky,0,,251.1464,-43.2387,-0.6894,0.4659,-0.5546,0.0000,0.0000,0.0000,11284.1903,0.0059,0.0062,0.0069
milky,0,,249.7299,-28.0973,-0.8275,0.2463,-0.5045,0.0000,0.0000,0.0000,15258.9285,0.0059,0.0062,0.0069
milky,0,,212.2101,-70.6138,-0.1769,0.6639,-0.7266,0.0000,0.0000,0.0000,11000.7360,0.0061,0.0065,0.0072
milky,0,,81.0938,41.6952,0.7377,-0.5106,0.4417,0.0000,0.0000,0.0000,12056.5167,0.0019,0.0020,0.0023
milky,0,,142.8060,-54.8956,0.3476,0.4653,-0.8140,0.0000,0.0000,0.0000,11193.0933,0.0019,0.0021,0.0023
milky,0,,289.6966,13.2061,-0.9166,-0.0268,0.3989,0.0000,0.0000,0.0000,10215.3288,0.0026,0.0028,0.0031
milky,0,,274.8195,-3.3766,-0.9947,0.0937,0.0416,0.0000,0.0000,0.0000,15649.1634,0.0071,0.0075,0.0083
milky,0,,173.8191,-61.1954,0.0519,0.5044,-0.8619,0.0000,0.0000,0.0000,15248.9308,0.0068,0.0072,0.0080
milky,0,,265.4773,-46.1249,-0.6909,0.5897,-0.4181,0.0000,0.0000,0.0000,9371.6323,0.0048,0.0050,0.0056
milky,0,,240.6575,-52.2542,-0.5336,0.5233,-0.6644,0.0000,0.0000,0.0000,14363.8635,0.0118,0.0125,0.0139
milky,0,,117.0274,-27.3170,0.7914,0.1854,-0.5824,0.0000,0.0000,0.0000,11350.6651,0.0038,0.0040,0.0045
milky,0,,293.5159,23.7302,-0.8394,-0.1568,0.5204,0.0000,0.0000,0.0000,12895.0500,0.0016,0.0017,0.0019
milky,0,,239.3284,-49.2262,-0.5617,0.4775,-0.6756,0.0000,0.0000,0.0000,13788.9895,0.0113,0.0120,0.0133
milky,0,,88.3252,13.9429,0.9701,-0.1919,0.1484,0.0000,0.0000,0.0000,11258.5751,0.0024,0.0025,0.0028
milky,0,,351.1621,62.0661,-0.0720,-0.5189,0.8518,0.0000,0.0000,0.0000,10356.0515,0.0049,0.0052,0.0058
milky,0,,107.3059,-23.2031,0.8775,0.1969,-0.4373,0.0000,0.0000,0.0000,14803.4601,0.0035,0.0037,0.0042
milky,0,,260.7902,-34.5682,-0.8128,0.4185,-0.4052,0.0000,0.0000,0.0000,9975.7719,0.0061,0.0065,0.0072
milky,0,,277.2451,-35.6932,-0.8057,0.5529,-0.2127,0.0000,0.0000,0.0000,14090.2629,0.0085,0.0090,0.0100
milky,0,,92.5528,19.4252,0.9421,-0.3067,0.1353,0.0000,0.0000,0.0000,10126.8122,0.0028,0.0030,0.0033
milky,0,,98.9515,8.7770,0.9763,-0.2100,-0.0532,0.0000,0.0000,0.0000,11075.2355,0.0025,0.0027,0.0030
milky,0,,269.9236,-37.9463,-0.7886,0.5265,-0.3176,0.0000,0.0000,0.0000,9100.0083,0.0066,0.0070,0.0077
milky,0,,248.7107,-54.5718,-0.5401,0.5901,-0.6001,0.0000,0.0000,0.0000,9420.3962,0.0111,0.0118,0.0131
milky,0,,279.9588,-12.9823,-0.9598,0.2794,0.0287,0.0000,0.0000,0.0000,14165.8581,0.0049,0.0052,0.0058
milky,0,,101.0074,3.6639,0.9796,-0.1529,-0.1304,0.0000,0.0000,0.0000,11731.5693,0.0039,0.0041,0.0046
milky,0,,253.7130,-36.8299,-0.7683,0.3982,-0.5011,0.0000,0.0000,0.0000,13241.3791,0.0047,0.0050,0.0055
milky,0,,268.5105,-17.9222,-0.9512,0.2510,-0.1797,0.0000,0.0000,0.0000,12160.3287,0.0072,0.0076,0.0084
milky,0,,244.6710,-34.8743,-0.7415,0.3093,-0.5953,0.0000,0.0000,0.0000,10247.7985,0.0049,0.0052,0.0058
milky,0,,254.6040,-46.9755,-0.6578,0.5333,-0.5318,0.0000,0.0000,0.0000,10818.2733,0.0065,0.0069,0.0077
milky,0,,342.6450,57.3184,-0.1611,-0.4560,0.8753,0.0000,0.0000,0.0000,13503.3389,0.0044,0.0046,0.0051
milky,0,,295.0673,13.7011,-0.8800,0.0090,0.4748,0.0000,0.0000,0.0000,14262.1189,0.0073,0.0078,0.0086
milky,0,,152.5933,-55.5860,0.2601,0.4487,-0.8550,0.0000,0.0000,0.0000,12799.7014,0.0034,0.0036,0.0040
milky,0,,67.1449,44.4829,0.6574,-0.4579,0.5984,0.0000,0.0000,0.0000,9520.5679,0.0032,0.0034,0.0037
milky,0,,119.3950,-36.9414,0.6964,0.3131,-0.6458,0.0000,0.0000,0.0000,10051.1120,0.0048,0.0051,0.0057
milky,0,,318.6903,51.9405,-0.4070,-0.4364,0.8025,0.0000,0.0000,0.0000,14041.3731,0.0014,0.0015,0.0016
milky,0,,345.6699,59.5474,-0.1254,-0.4860,0.8649,0.0000,0.0000,0.0000,14304.0816,0.0047,0.0050,0.0056
milky,0,,236.2677,-55.1922,-0.4747,0.5405,-0.6946,0.0000,0.0000,0.0000,15269.8448,0.0122,0.0130,0.0144
milky,0,,276.6663,-41.7958,-0.7405,0.6159,-0.2691,0.0000,0.0000,0.0000,15063.7886,0.0061,0.0065,0.0072
milky,0,,73.8950,31.7246,0.8172,-0.3292,0.4731,0.0000,0.0000,0.0000,10701.8071,0.0023,0.0024,0.0027
milky,0,,270.3459,5.1092,-0.9960,-0.0732,0.0510,0.0000,0.0000,0.0000,10577.6241,0.0101,0.0107,0.0119
milky,0,,166.3920,-64.2728,0.1021,0.5549,-0.8256,0.0000,0.0000,0.0000,12336.2662,0.0066,0.0070,0.0077
milky,0,,313.2966,41.8192,-0.5424,-0.3083,0.7815,0.0000,0.0000,0.0000,10418.0987,0.0035,0.0037,0.0041
milky,0,,109.9056,-9.9845,0.9260,-0.0241,-0.3767,0.0000,0.0000,0.0000,14280.2020,0.0055,0.0058,0.0064
milky,0,,140.3357,-40.2540,0.4871,0.2513,-0.8364,0.0000,0.0000,0.0000,11796.3190,0.0025,0.0026,0.0029
milky,0,,272.5431,-37.7348,-0.7901,0.5427,-0.2851,0.0000,0.0000,0.0000,9615.1666,0.0071,0.0075,0.0083
milky,0,,118.4041,-19.9206,0.8270,0.0617,-0.5588,0.0000,0.0000,0.0000,15117.1646,0.0034,0.0036,0.0040
milky,0,,75.8055,37.5998,0.7681,-0.4229,0.4808,0.0000,0.0000,0.0000,10240.9824,0.0019,0.0021,0.0023
milky,0,,289.9872,39.7011,-0.7230,-0.4121,0.5544,0.0000,0.0000,0.0000,12915.4367,0.0062,0.0065,0.0072
milky,0,,180.8163,-66.5462,-0.0057,0.5814,-0.8136,0.0000,0.0000,0.0000,13165.2619,0.0066,0.0069,0.0077
milky,0,,108.6253,-17.3084,0.9047,0.0980,-0.4146,0.0000,0.0000,0.0000,10653.5200,0.0042,0.0045,0.0050
milky,0,,49.1068,60.2448,0.3752,-0.5768,0.7256,0.0000,0.0000,0.0000,15849.4976,0.0054,0.0057,0.0063
milky,0,,244.8842,-51.4470,-0.5643,0.5341,-0.6295,0.0000,0.0000,0.0000,9031.6197,0.0108,0.0115,0.0128
milky,0,,260.5092,-43.1584,-0.7195,0.5244,-0.4554,0.0000,0.0000,0.0000,13633.3884,0.0047,0.0050,0.0055
milky,0,,42.3696,56.9498,0.3675,-0.5109,0.7771,0.0000,0.0000,0.0000,11867.3266,0.0051,0.0054,0.0060
milky,0,,245.7680,-20.2355,-0.8556,0.0981,-0.5082,0.0000,0.0000,0.0000,12999.3046,0.0075,0.0079,0.0088
milky,0,,285.0292,5.6685,-0.9611,0.0482,0.2721,0.0000,0.0000,0.0000,11690.6320,0.0035,0.0037,0.0042
milky,0,,74.2611,39.9912,0.7374,-0.4438,0.5091,0.0000,0.0000,0.0000,12849.0421,0.0020,0.0021,0.0023
milky,0,,249.1962,-43.4617,-0.6785,0.4568,-0.5753,0.0000,0.0000,0.0000,12180.0209,0.0064,0.0068,0.0075
milky,0,,106.8625,-6.4254,0.9510,-0.0525,-0.3047,0.0000,0.0000,0.0000,15391.3123,0.0060,0.0063,0.0070
milky,0,,270.0155,-12.9065,-0.9747,0.1916,-0.1148,0.0000,0.0000,0.0000,12890.4631,0.0053,0.0056,0.0062
milky,0,,100.6601,0.2159,0.9827,-0.0985,-0.1566,0.0000,0.0000,0.0000,9927.7252,0.0047,0.0050,0.0056
milky,0,,78.6727,31.6225,0.8349,-0.3633,0.4134,0.0000,0.0000,0.0000,15656.9679,0.0027,0.0029,0.0032
milky,0,,51.6017,53.4492,0.4667,-0.4981,0.7308,0.0000,0.0000,0.0000,10026.3687,0.0059,0.0062,0.0069
milky,0,,57.3288,48.6639,0.5560,-0.4600,0.6923,0.0000,0.0000,0.0000,10036.5789,0.0053,0.0056,0.0063
milky,0,,281.4336,-23.6909,-0.8976,0.4379,-0.0513,0.0000,0.0000,0.0000,15608.0488,0.0069,0.0073,0.0082
milky,0,,272.5249,-31.3068,-0.8536,0.4648,-0.2354,0.0000,0.0000,0.0000,10021.3420,0.0090,0.0095,0.0106
milky,0,,349.0226,54.9719,-0.1093,-0.4117,0.9047,0.0000,0.0000,0.0000,13646.6114,0.0047,0.0050,0.0055
milky,0,,30.6895,62.4121,0.2364,-0.5546,0.7978,0.0000,0.0000,0.0000,9903.8047,0.0037,0.0040,0.0044
milky,0,,269.3933,-13.1608,-0.9737,0.1899,-0.1261,0.0000,0.0000,0.0000,15274.5160,0.0054,0.0058,0.0064
milky,0,,114.0763,-35.3065,0.7451,0.3239,-0.5830,0.0000,0.0000,0.0000,13756.7672,0.0046,0.0049,0.0054
milky,0,,251.5738,-34.5281,-0.7816,0.3517,-0.5151,0.0000,0.0000,0.0000,15890.9466,0.0048,0.0051,0.0056
milky,0,,270.7056,-4.7499,-0.9965,0.0773,-0.0321,0.0000,0.0000,0.0000,15850.3302,0.0056,0.0060,0.0066
milky,0,,258.4521,-22.3835,-0.9059,0.2311,-0.3548,0.0000,0.0000,0.0000,13415.5368,0.0091,0.0097,0.0107
milky,0,,282.8092,-11.9137,-0.9541,0.2887,0.0796,0.0000,0.0000,0.0000,14862.1265,0.0054,0.0057,0.0063
milky,0,,298.3844,36.2446,-0.7095,-0.3093,0.6331,0.0000,0.0000,0.0000,14614.4187,0.0062,0.0065,0.0072
milky,0,,164.0949,-61.5002,0.1308,0.5169,-0.8460,0.0000,0.0000,0.0000,14929.5501,0.0062,0.0066,0.0073
milky,0,,209.6503,-62.4399,-0.2289,0.5528,-0.8013,0.0000,0.0000,0.0000,14063.3385,0.0064,0.0068,0.0075
milky,0,,285.8414,-24.0339,-0.8786,0.4775,0.0039,0.0000,0.0000,0.0000,13264.7550,0.0064,0.0067,0.0075
milky,0,,98.1847,9.9917,0.9748,-0.2209,-0.0308,0.0000,0.0000,0.0000,10224.0115,0.0023,0.0024,0.0027
milky,0,,21.9324,59.9616,0.1870,-0.5029,0.8439,0.0000,0.0000,0.0000,9490.2744,0.0035,0.0037,0.0041
milky,0,,13.2833,62.6810,0.1055,-0.5315,0.8405,0.0000,0.0000,0.0000,15110.7253,0.0038,0.0040,0.0044
milky,0,,352.6579,60.6658,-0.0626,-0.4970,0.8655,0.0000,0.0000,0.0000,12540.7007,0.0049,0.0052,0.0058
milky,0,,129.7453,-35.9835,0.6222,0.2372,-0.7461,0.0000,0.0000,0.0000,11755.5640,0.0045,0.0048,0.0053
milky,0,,98.8517,10.5315,0.9714,-0.2346,-0.0355,0.0000,0.0000,0.0000,13822.7328,0.0023,0.0024,0.0027
milky,0,,126.6513,-44.7133,0.5701,0.3846,-0.7260,0.0000,0.0000,0.0000,12645.7019,0.0033,0.0035,0.0039
milky,0,,281.1296,-13.8315,-0.9527,0.3015,0.0375,0.0000,0.0000,0.0000,11586.1141,0.0049,0.0052,0.0058
milky,0,,256.0397,-35.3423,-0.7916,0.3945,-0.4666,0.0000,0.0000,0.0000,14261.8893,0.0051,0.0054,0.0060
milky,0,,212.9190,-63.8258,-0.2397,0.5786,-0.7796,0.0000,0.0000,0.0000,12060.2747,0.0067,0.0071,0.0079
milky,0,,93.0425,-1.7380,0.9981,-0.0013,-0.0611,0.0000,0.0000,0.0000,9564.3685,0.0042,0.0045,0.0050
milky,0,,246.4414,-53.1968,-0.5491,0.5630,-0.6176,0.0000,0.0000,0.0000,9797.4788,0.0111,0.0118,0.0131
milky,0,,260.2641,-43.6449,-0.7132,0.5286,-0.4604,0.0000,0.0000,0.0000,12841.7715,0.0047,0.0050,0.0056
milky,0,,87.7827,17.1807,0.9547,-0.2342,0.1838,0.0000,0.0000,0.0000,12404.9771,0.0029,0.0030,0.0034
milky,0,,43.5446,58.0532,0.3645,-0.5298,0.7658,0.0000,0.0000,0.0000,13813.9664,0.0051,0.0054,0.0060
milky,0,,38.1070,58.4324,0.3231,-0.5182,0.7919,0.0000,0.0000,0.0000,11760.1351,0.0046,0.0048,0.0054
milky,0,,92.9761,17.8899,0.9504,-0.2888,0.1159,0.0000,0.0000,0.0000,12524.6300,0.0026,0.0027,0.0030
milky,0,,284.1686,-39.6057,-0.7470,0.6436,-0.1667,0.0000,0.0000,0.0000,13575.0050,0.0079,0.0084,0.0093
milky,0,,263.9152,-36.4201,-0.8002,0.4650,-0.3789,0.0000,0.0000,0.0000,15857.4121,0.0061,0.0064,0.0072
milky,0,,327.2245,51.4770,-0.3372,-0.4009,0.8518,0.0000,0.0000,0.0000,10707.3785,0.0017,0.0018,0.0020
milky,0,,117.9778,-36.8923,0.7063,0.3213,-0.6308,0.0000,0.0000,0.0000,10611.4003,0.0048,0.0051,0.0056
milky,0,,257.4302,-16.6892,-0.9349,0.1388,-0.3266,0.0000,0.0000,0.0000,9650.6999,0.0088,0.0093,0.0104
milky,0,,270.6305,-8.7920,-0.9882,0.1366,-0.0694,0.0000,0.0000,0.0000,11390.8309,0.0049,0.0052,0.0057
milky,0,,226.9540,-54.3783,-0.4256,0.4920,-0.7594,0.0000,0.0000,0.0000,13407.5042,0.0113,0.0120,0.0133
milky,0,,280.4745,1.5777,-0.9830,0.0700,0.1700,0.0000,0.0000,0.0000,9747.6155,0.0108,0.0114,0.0127
milky,0,,256.3077,-42.8772,-0.7120,0.4939,-0.4991,0.0000,0.0000,0.0000,15547.4755,0.0049,0.0052,0.0058
milky,0,,93.9279,18.8658,0.9441,-0.3106,0.1110,0.0000,0.0000,0.0000,12783.5830,0.0027,0.0028,0.0031
milky,0,,213.3898,-56.0539,-0.3073,0.4709,-0.8269,0.0000,0.0000,0.0000,13189.7382,0.0077,0.0082,0.0091
milky,0,,236.3823,-49.7025,-0.5386,0.4693,-0.6997,0.0000,0.0000,0.0000,14244.8578,0.0119,0.0126,0.0140
milky,0,,283.1780,-5.3453,-0.9694,0.1968,0.1466,0.0000,0.0000,0.0000,15708.4103,0.0082,0.0087,0.0097
milky,0,,1.0959,65.1193,0.0080,-0.5610,0.8278,0.0000,0.0000,0.0000,10419.1623,0.0045,0.0047,0.0053
milky,0,,280.2843,-30.2940,-0.8496,0.5118,-0.1277,0.0000,0.0000,0.0000,15388.7136,0.0090,0.0096,0.0106
milky,0,,101.5678,1.1891,0.9795,-0.1210,-0.1612,0.0000,0.0000,0.0000,11034.5853,0.0046,0.0049,0.0054
milky,0,,306.7604,37.7172,-0.6337,-0.2806,0.7209,0.0000,0.0000,0.0000,15658.0447,0.0055,0.0058,0.0064
milky,0,,270.6866,-29.0536,-0.8741,0.4217,-0.2411,0.0000,0.0000,0.0000,13948.1720,0.0091,0.0097,0.0108
milky,0,,275.6721,-30.7918,-0.8548,0.4825,-0.1909,0.0000,0.0000,0.0000,11343.1654,0.0092,0.0097,0.0108
milky,0,,34.2111,58.7450,0.2917,-0.5118,0.8081,0.0000,0.0000,0.0000,11731.6915,0.0042,0.0044,0.0049
milky,0,,124.9875,-41.5144,0.6135,0.3470,-0.7094,0.0000,0.0000,0.0000,9110.4232,0.0041,0.0044,0.0049
milky,0,,344.2891,66.1375,-0.1095,-0.5833,0.8048,0.0000,0.0000,0.0000,14875.5106,0.0049,0.0052,0.0057
milky,0,,255.6126,-24.8063,-0.8793,0.2435,-0.4094,0.0000,0.0000,0.0000,11260.4461,0.0083,0.0088,0.0098
milky,0,,291.8591,16.7243,-0.8888,-0.0630,0.4539,0.0000,0.0000,0.0000,15501.4540,0.0021,0.0022,0.0024
milky,0,,322.7453,50.7862,-0.3827,-0.4050,0.8304,0.0000,0.0000,0.0000,11134.0849,0.0014,0.0015,0.0017
milky,0,,101.1649,2.4084,0.9802,-0.1357,-0.1442,0.0000,0.0000,0.0000,12081.2410,0.0042,0.0045,0.0050
milky,0,,130.7376,-37.9925,0.5971,0.2628,-0.7579,0.0000,0.0000,0.0000,13623.5735,0.0042,0.0044,0.0049
milky,0,,291.7233,25.1733,-0.8408,-0.1921,0.5062,0.0000,0.0000,0.0000,12656.6685,0.0053,0.0056,0.0062
milky,0,,286.6982,-30.1463,-0.8283,0.5584,-0.0457,0.0000,0.0000,0.0000,12076.5448,0.0085,0.0090,0.0100
milky,0,,281.8661,-3.2758,-0.9770,0.1547,0.1465,0.0000,0.0000,0.0000,9779.8292,0.0027,0.0028,0.0032
milky,0,,267.4226,-33.7784,-0.8304,0.4573,-0.3184,0.0000,0.0000,0.0000,11054.3547,0.0077,0.0081,0.0090
milky,0,,133.7192,-47.2083,0.4910,0.3872,-0.7804,0.0000,0.0000,0.0000,15966.1851,0.0020,0.0022,0.0024
milky,0,,281.9178,-12.8781,-0.9538,0.2947,0.0578,0.0000,0.0000,0.0000,11955.5368,0.0051,0.0054,0.0060
milky,0,,186.3683,-55.0499,-0.0635,0.4094,-0.9102,0.0000,0.0000,0.0000,11424.5677,0.0064,0.0068,0.0076
milky,0,,270.0953,-13.5736,-0.9721,0.2020,-0.1195,0.0000,0.0000,0.0000,11920.9720,0.0054,0.0058,0.0064
milky,0,,295.9093,22.8867,-0.8287,-0.1260,0.5454,0.0000,0.0000,0.0000,13077.6337,0.0016,0.0017,0.0019
milky,0,,256.2247,-43.4764,-0.7048,0.5008,-0.5025,0.0000,0.0000,0.0000,14882.5663,0.0051,0.0054,0.0060
milky,0,,235.8912,-57.5911,-0.4438,0.5689,-0.6924,0.0000,0.0000,0.0000,10639.2827,0.0120,0.0127,0.0142
milky,0,,10.3920,60.8804,0.0878,-0.5023,0.8602,0.0000,0.0000,0.0000,11033.1244,0.0039,0.0042,0.0046
milky,0,,240.0845,-43.8982,-0.6246,0.4093,-0.6652,0.0000,0.0000,0.0000,9553.4005,0.0093,0.0099,0.0110
milky,0,,255.4943,-41.2474,-0.7279,0.4681,-0.5010,0.0000,0.0000,0.0000,12006.7242,0.0048,0.0050,0.0056
milky,0,,280.5531,-8.0716,-0.9733,0.2137,0.0831,0.0000,0.0000,0.0000,15612.0479,0.0019,0.0020,0.0022
milky,0,,258.6291,-42.4695,-0.7232,0.5039,-0.4724,0.0000,0.0000,0.0000,9234.7585,0.0047,0.0050,0.0055
milky,0,,274.2604,-31.3400,-0.8517,0.4785,-0.2135,0.0000,0.0000,0.0000,13196.8217,0.0091,0.0096,0.0107
milky,0,,275.3705,-9.3825,-0.9823,0.1873,-0.0048,0.0000,0.0000,0.0000,14100.4187,0.0015,0.0016,0.0018
milky,0,,63.3633,50.1627,0.5726,-0.5103,0.6417,0.0000,0.0000,0.0000,12056.5677,0.0049,0.0051,0.0057
milky,0,,113.3669,-20.5875,0.8594,0.1102,-0.4994,0.0000,0.0000,0.0000,10753.3662,0.0035,0.0037,0.0041
milky,0,,197.6582,-57.1943,-0.1643,0.4546,-0.8754,0.0000,0.0000,0.0000,11320.0007,0.0058,0.0061,0.0068
milky,0,,297.1282,30.9485,-0.7633,-0.2394,0.6001,0.0000,0.0000,0.0000,12806.1145,0.0059,0.0062,0.0069
milky,0,,208.9144,-67.3691,-0.1860,0.6177,-0.7641,0.0000,0.0000,0.0000,13822.6497,0.0061,0.0064,0.0071
milky,0,,255.9018,-49.7286,-0.6269,0.5729,-0.5279,0.0000,0.0000,0.0000,12681.8782,0.0074,0.0079,0.0087
milky,0,,301.9143,31.3585,-0.7248,-0.2136,0.6550,0.0000,0.0000,0.0000,13411.3444,0.0061,0.0065,0.0072
milky,0,,242.7533,-52.2595,-0.5442,0.5335,-0.6475,0.0000,0.0000,0.0000,10340.9315,0.0115,0.0122,0.0135
milky,0,,277.7109,-21.9002,-0.9194,0.3838,-0.0854,0.0000,0.0000,0.0000,9143.6504,0.0069,0.0073,0.0081
milky,0,,138.7563,-43.7626,0.4761,0.3132,-0.8217,0.0000,0.0000,0.0000,10529.9821,0.0021,0.0022,0.0024
milky,0,,100.0775,-1.5247,0.9842,-0.0673,-0.1636,0.0000,0.0000,0.0000,15912.2046,0.0051,0.0054,0.0060
milky,0,,219.2828,-60.5008,-0.3118,0.5497,-0.7750,0.0000,0.0000,0.0000,14974.5508,0.0083,0.0088,0.0098
milky,0,,121.0775,-27.8685,0.7571,0.1657,-0.6319,0.0000,0.0000,0.0000,15357.4555,0.0042,0.0044,0.0049
milky,0,,308.4141,30.8561,-0.6726,-0.1649,0.7214,0.0000,0.0000,0.0000,13129.4131,0.0061,0.0065,0.0072
milky,0,,284.3679,7.6089,-0.9602,0.0132,0.2790,0.0000,0.0000,0.0000,9694.9799,0.0035,0.0037,0.0041
milky,0,,187.4071,-61.7459,-0.0610,0.5133,-0.8561,0.0000,0.0000,0.0000,9211.6924,0.0063,0.0066,0.0074
milky,0,,165.3558,-61.7973,0.1195,0.5199,-0.8458,0.0000,0.0000,0.0000,11298.6919,0.0063,0.0067,0.0075
milky,0,,184.7002,-65.2940,-0.0342,0.5642,-0.8250,0.0000,0.0000,0.0000,9917.0659,0.0064,0.0068,0.0075
milky,0,,255.8506,-36.0884,-0.7836,0.4032,-0.4727,0.0000,0.0000,0.0000,15514.9960,0.0049,0.0052,0.0058
milky,0,,185.7375,-61.1699,-0.0482,0.5038,-0.8625,0.0000,0.0000,0.0000,14246.5708,0.0064,0.0068,0.0075
milky,0,,228.4342,-57.7172,-0.3996,0.5422,-0.7392,0.0000,0.0000,0.0000,13339.4327,0.0110,0.0116,0.0129
milky,0,,204.4362,-58.1941,-0.2180,0.4813,-0.8490,0.0000,0.0000,0.0000,12565.8649,0.0061,0.0064,0.0071
milky,0,,308.1325,26.7330,-0.7025,-0.1015,0.7044,0.0000,0.0000,0.0000,11344.8797,0.0061,0.0064,0.0071
milky,0,,289.9661,23.0649,-0.8648,-0.1740,0.4711,0.0000,0.0000,0.0000,11172.9321,0.0055,0.0058,0.0064
milky,0,,296.4276,-49.7462,-0.5786,0.8023,-0.1466,0.0000,0.0000,0.0000,14709.9187,0.0049,0.0052,0.0057
milky,0,,270.0887,-28.3348,-0.8802,0.4075,-0.2433,0.0000,0.0000,0.0000,14294.2217,0.0092,0.0097,0.0108
milky,0,,220.2688,-57.0932,-0.3512,0.5061,-0.7877,0.0000,0.0000,0.0000,12253.1976,0.0092,0.0098,0.0109
milky,0,,347.6886,64.2684,-0.0926,-0.5537,0.8276,0.0000,0.0000,0.0000,11185.6981,0.0049,0.0052,0.0058
milky,0,,104.5844,-1.8638,0.9673,-0.1017,-0.2325,0.0000,0.0000,0.0000,13629.0453,0.0056,0.0059,0.0066
milky,0,,343.7277,61.9278,-0.1319,-0.5237,0.8417,0.0000,0.0000,0.0000,15084.4348,0.0047,0.0050,0.0056
milky,0,,253.4702,-37.7635,-0.7579,0.4091,-0.5082,0.0000,0.0000,0.0000,10606.3025,0.0046,0.0049,0.0055
milky,0,,168.3846,-52.9454,0.1213,0.3801,-0.9170,0.0000,0.0000,0.0000,11556.6325,0.0059,0.0062,0.0069
milky,0,,178.2772,-61.9447,0.0141,0.5143,-0.8575,0.0000,0.0000,0.0000,14239.8233,0.0067,0.0071,0.0079
milky,0,,216.9392,-64.6038,-0.2577,0.5978,-0.7591,0.0000,0.0000,0.0000,14915.8358,0.0072,0.0076,0.0085
milky,0,,341.5800,53.8550,-0.1864,-0.4040,0.8956,0.0000,0.0000,0.0000,9036.6329,0.0039,0.0041,0.0046
milky,0,,264.2950,-22.0349,-0.9224,0.2741,-0.2722,0.0000,0.0000,0.0000,12763.6906,0.0090,0.0095,0.0106
milky,0,,289.5615,10.8169,-0.9255,0.0085,0.3786,0.0000,0.0000,0.0000,12519.0338,0.0029,0.0031,0.0035
milky,0,,116.4196,-28.5469,0.7867,0.2083,-0.5811,0.0000,0.0000,0.0000,15581.4490,0.0039,0.0042,0.0046
milky,0,,260.0473,-43.7465,-0.7115,0.5284,-0.4632,0.0000,0.0000,0.0000,14137.1094,0.0048,0.0051,0.0056
milky,0,,291.5423,13.6779,-0.9038,-0.0189,0.4276,0.0000,0.0000,0.0000,12299.5049,0.0024,0.0026,0.0029
milky,0,,324.3181,50.5362,-0.3707,-0.3959,0.8402,0.0000,0.0000,0.0000,9339.8261,0.0015,0.0016,0.0017
milky,0,,318.4688,42.6215,-0.4879,-0.2967,0.8209,0.0000,0.0000,0.0000,15530.8848,0.0024,0.0026,0.0029
milky,0,,131.4640,-34.4405,0.6180,0.2035,-0.7594,0.0000,0.0000,0.0000,12982.3946,0.0046,0.0049,0.0054
milky,0,,266.3558,-27.6892,-0.8837,0.3693,-0.2876,0.0000,0.0000,0.0000,9352.2500,0.0091,0.0096,0.0107
milky,0,,72.5501,39.9169,0.7317,-0.4316,0.5276,0.0000,0.0000,0.0000,9102.1633,0.0020,0.0021,0.0024
milky,0,,250.8881,-40.0562,-0.7232,0.4225,-0.5463,0.0000,0.0000,0.0000,10055.6543,0.0050,0.0053,0.0059
milky,0,,281.7708,2.0177,-0.9784,0.0748,0.1929,0.0000,0.0000,0.0000,9598.6725,0.0033,0.0035,0.0039
milky,0,,110.9620,-10.6205,0.9178,-0.0231,-0.3963,0.0000,0.0000,0.0000,14970.0406,0.0053,0.0056,0.0062
milky,0,,268.8485,-29.3147,-0.8718,0.4107,-0.2672,0.0000,0.0000,0.0000,15030.5005,0.0090,0.0096,0.0106
milky,0,,128.3787,-45.3667,0.5508,0.3853,-0.7404,0.0000,0.0000,0.0000,14836.5295,0.0030,0.0031,0.0035
milky,0,,224.3429,-49.8899,-0.4503,0.4183,-0.7888,0.0000,0.0000,0.0000,11748.2777,0.0116,0.0123,0.0137
milky,0,,261.6664,-34.9367,-0.8111,0.4297,-0.3968,0.0000,0.0000,0.0000,10950.3874,0.0062,0.0065,0.0073
milky,0,,295.2880,24.8837,-0.8202,-0.1611,0.5489,0.0000,0.0000,0.0000,15908.9850,0.0053,0.0056,0.0062
milky,0,,265.4215,-24.9791,-0.9036,0.3247,-0.2795,0.0000,0.0000,0.0000,14943.0372,0.0092,0.0097,0.0108
milky,0,,309.2575,50.8178,-0.4892,-0.4585,0.7419,0.0000,0.0000,0.0000,10111.4206,0.0019,0.0020,0.0022
milky,0,,6.4315,57.1041,0.0608,-0.4418,0.8951,0.0000,0.0000,0.0000,10325.2914,0.0043,0.0045,0.0050
milky,0,,115.5966,-31.5233,0.7688,0.2585,-0.5850,0.0000,0.0000,0.0000,15927.0703,0.0043,0.0045,0.0050
milky,0,,252.2071,-52.5010,-0.5796,0.5842,-0.5681,0.0000,0.0000,0.0000,9190.4673,0.0096,0.0102,0.0113
milky,0,,270.6905,-17.0862,-0.9558,0.2578,-0.1414,0.0000,0.0000,0.0000,12767.4494,0.0064,0.0068,0.0076
milky,0,,285.3736,6.4499,-0.9581,0.0394,0.2837,0.0000,0.0000,0.0000,13765.6705,0.0035,0.0037,0.0041
milky,0,,324.6721,54.5339,-0.3355,-0.4543,0.8252,0.0000,0.0000,0.0000,14985.3705,0.0019,0.0020,0.0022
milky,0,,243.5064,-53.7745,-0.5289,0.5557,-0.6415,0.0000,0.0000,0.0000,13225.5724,0.0117,0.0124,0.0138
milky,0,,180.4751,-51.7172,-0.0051,0.3538,-0.9353,0.0000,0.0000,0.0000,13811.0301,0.0068,0.0072,0.0080
milky,0,,278.1913,-0.4081,-0.9898,0.0795,0.1185,0.0000,0.0000,0.0000,11095.5853,0.0094,0.0100,0.0111
milky,0,,273.7990,-5.3281,-0.9935,0.1136,0.0087,0.0000,0.0000,0.0000,10749.0369,0.0060,0.0064,0.0071
milky,0,,135.2233,-48.1862,0.4696,0.3951,-0.7895,0.0000,0.0000,0.0000,13421.8360,0.0018,0.0019,0.0021
milky,0,,269.8455,-43.1942,-0.7290,0.5857,-0.3542,0.0000,0.0000,0.0000,11376.5221,0.0049,0.0052,0.0058
milky,0,,238.4924,-67.5013,-0.3262,0.6889,-0.6473,0.0000,0.0000,0.0000,9233.4679,0.0101,0.0107,0.0118
milky,0,,42.9811,54.0356,0.4004,-0.4725,0.7851,0.0000,0.0000,0.0000,12952.7522,0.0054,0.0057,0.0064
milky,0,,286.7616,0.7616,-0.9574,0.1371,0.2540,0.0000,0.0000,0.0000,14459.5496,0.0115,0.0121,0.0135
milky,0,,220.7021,-61.1180,-0.3150,0.5620,-0.7648,0.0000,0.0000,0.0000,15047.0312,0.0085,0.0090,0.0100
milky,0,,275.9900,-32.2511,-0.8411,0.5029,-0.1992,0.0000,0.0000,0.0000,15964.3241,0.0091,0.0096,0.0107
milky,0,,271.1859,-41.0500,-0.7540,0.5710,-0.3249,0.0000,0.0000,0.0000,12721.2804,0.0056,0.0060,0.0066
milky,0,,288.0486,-14.5752,-0.9202,0.3701,0.1274,0.0000,0.0000,0.0000,15689.5219,0.0053,0.0056,0.0063
milky,0,,241.6160,-51.3692,-0.5492,0.5168,-0.6567,0.0000,0.0000,0.0000,14592.7736,0.0115,0.0121,0.0135
milky,0,,316.7063,49.9703,-0.4411,-0.4152,0.7956,0.0000,0.0000,0.0000,12174.4349,0.0015,0.0016,0.0018
milky,0,,81.9745,34.2007,0.8190,-0.4223,0.3885,0.0000,0.0000,0.0000,11186.2791,0.0026,0.0028,0.0031
milky,0,,343.5841,61.4143,-0.1352,-0.5163,0.8457,0.0000,0.0000,0.0000,11012.2401,0.0047,0.0050,0.0055
milky,0,,165.2754,-56.3222,0.1409,0.4371,-0.8883,0.0000,0.0000,0.0000,10905.6787,0.0058,0.0061,0.0068
milky,0,,88.4767,29.4591,0.8704,-0.4096,0.2731,0.0000,0.0000,0.0000,13651.0012,0.0036,0.0038,0.0042
milky,0,,271.3421,-30.7253,-0.8594,0.4483,-0.2459,0.0000,0.0000,0.0000,12680.5915,0.0090,0.0095,0.0106
milky,0,,190.0822,-60.9497,-0.0850,0.5031,-0.8600,0.0000,0.0000,0.0000,11878.5278,0.0061,0.0065,0.0072
milky,0,,106.8302,2.6597,0.9561,-0.1887,-0.2240,0.0000,0.0000,0.0000,10170.0154,0.0049,0.0052,0.0058
milky,0,,291.0746,18.7916,-0.8834,-0.1008,0.4577,0.0000,0.0000,0.0000,10662.0642,0.0019,0.0020,0.0022
milky,0,,287.5887,10.2887,-0.9379,0.0000,0.3468,0.0000,0.0000,0.0000,10462.5614,0.0031,0.0033,0.0037
milky,0,,253.8883,-48.5467,-0.6360,0.5478,-0.5435,0.0000,0.0000,0.0000,9883.4429,0.0074,0.0078,0.0087
milky,0,,264.5561,-22.8849,-0.9171,0.2883,-0.2752,0.0000,0.0000,0.0000,14180.0896,0.0091,0.0096,0.0107
milky,0,,143.2566,-57.0458,0.3254,0.4948,-0.8058,0.0000,0.0000,0.0000,11251.5792,0.0024,0.0025,0.0028
milky,0,,282.4554,-1.2964,-0.9762,0.1304,0.1732,0.0000,0.0000,0.0000,12293.1614,0.0030,0.0032,0.0035
milky,0,,107.1742,-21.7323,0.8875,0.1761,-0.4258,0.0000,0.0000,0.0000,13746.2309,0.0037,0.0039,0.0043
milky,0,,110.2705,-13.9646,0.9103,0.0337,-0.4125,0.0000,0.0000,0.0000,11841.9505,0.0047,0.0050,0.0055
milky,0,,36.4233,56.0200,0.3318,-0.4792,0.8126,0.0000,0.0000,0.0000,12639.5013,0.0046,0.0048,0.0054
milky,0,,269.0041,-28.6645,-0.8773,0.4033,-0.2601,0.0000,0.0000,0.0000,10930.2134,0.0091,0.0096,0.0107
milky,0,,134.6508,-49.3642,0.4633,0.4147,-0.7832,0.0000,0.0000,0.0000,12811.2740,0.0017,0.0018,0.0020
milky,0,,290.1884,1.4966,-0.9382,0.1553,0.3092,0.0000,0.0000,0.0000,13657.3510,0.0118,0.0125,0.0139
milky,0,,259.7540,-29.4052,-0.8573,0.3410,-0.3857,0.0000,0.0000,0.0000,15294.3261,0.0077,0.0082,0.0091
milky,0,,76.5963,34.2649,0.8039,-0.3839,0.4542,0.0000,0.0000,0.0000,15056.9603,0.0022,0.0023,0.0026
milky,0,,220.5963,-56.6973,-0.3573,0.5017,-0.7878,0.0000,0.0000,0.0000,10542.3977,0.0094,0.0100,0.0111
milky,0,,266.1437,-22.7678,-0.9200,0.2998,-0.2525,0.0000,0.0000,0.0000,15578.7900,0.0089,0.0095,0.0105
milky,0,,4.2505,62.5294,0.0342,-0.5236,0.8513,0.0000,0.0000,0.0000,13203.0610,0.0043,0.0046,0.0051
milky,0,,282.1036,-10.2704,-0.9621,0.2591,0.0850,0.0000,0.0000,0.0000,11160.2790,0.0058,0.0061,0.0068
milky,0,,251.5677,-53.7686,-0.5607,0.5952,-0.5756,0.0000,0.0000,0.0000,9054.9074,0.0103,0.0109,0.0121
milky,0,,111.5851,-16.0990,0.8934,0.0556,-0.4458,0.0000,0.0000,0.0000,9637.9897,0.0042,0.0044,0.0049
milky,0,,122.4059,-24.9444,0.7655,0.1112,-0.6337,0.0000,0.0000,0.0000,10823.5037,0.0039,0.0041,0.0046
milky,0,,310.8448,41.2441,-0.5688,-0.3118,0.7611,0.0000,0.0000,0.0000,9990.1846,0.0040,0.0042,0.0047
milky,0,,329.9353,57.9687,-0.2657,-0.4903,0.8301,0.0000,0.0000,0.0000,14608.4003,0.0030,0.0032,0.0035
milky,0,,286.8396,11.5350,-0.9378,-0.0252,0.3463,0.0000,0.0000,0.0000,9789.8741,0.0030,0.0032,0.0036
milky,0,,296.8063,25.3456,-0.8066,-0.1570,0.5698,0.0000,0.0000,0.0000,14519.7863,0.0053,0.0056,0.0063
milky,0,,283.2535,0.5441,-0.9733,0.1099,0.2014,0.0000,0.0000,0.0000,14177.5940,0.0033,0.0035,0.0038
milky,0,,187.4193,-61.9606,-0.0607,0.5165,-0.8541,0.0000,0.0000,0.0000,14541.1778,0.0063,0.0066,0.0074
milky,0,,129.2727,-30.7367,0.6654,0.1579,-0.7296,0.0000,0.0000,0.0000,13265.8967,0.0048,0.0051,0.0056
milky,0,,286.7191,16.2086,-0.9197,-0.0970,0.3806,0.0000,0.0000,0.0000,11516.9458,0.0081,0.0086,0.0095
milky,0,,134.3735,-34.0273,0.5924,0.1812,-0.7850,0.0000,0.0000,0.0000,15150.9467,0.0044,0.0047,0.0052
milky,0,,292.6439,24.7790,-0.8379,-0.1792,0.5155,0.0000,0.0000,0.0000,15748.1038,0.0053,0.0056,0.0062
milky,0,,274.2251,-5.1618,-0.9932,0.1149,0.0166,0.0000,0.0000,0.0000,11642.3744,0.0062,0.0065,0.0072
milky,0,,133.2382,-44.1517,0.5227,0.3439,-0.7801,0.0000,0.0000,0.0000,13332.7225,0.0027,0.0028,0.0031
milky,0,,255.9568,-49.5398,-0.6295,0.5711,-0.5268,0.0000,0.0000,0.0000,14433.3525,0.0073,0.0078,0.0086
milky,0,,37.1855,62.2022,0.2819,-0.5669,0.7741,0.0000,0.0000,0.0000,15030.3555,0.0042,0.0044,0.0049
milky,0,,271.5466,-49.4929,-0.6493,0.6608,-0.3766,0.0000,0.0000,0.0000,13088.4206,0.0050,0.0053,0.0058
milky,0,,133.7261,-46.1618,0.5005,0.3717,-0.7819,0.0000,0.0000,0.0000,11816.1197,0.0022,0.0023,0.0026
milky,0,,208.1469,-59.6291,-0.2385,0.5099,-0.8265,0.0000,0.0000,0.0000,13801.9680,0.0064,0.0068,0.0075
milky,0,,135.9948,-42.9737,0.5083,0.3132,-0.8022,0.0000,0.0000,0.0000,14836.2281,0.0025,0.0027,0.0030
milky,0,,72.4100,40.9344,0.7201,-0.4440,0.5331,0.0000,0.0000,0.0000,11250.3425,0.0021,0.0022,0.0025
milky,0,,269.8784,-15.1938,-0.9650,0.2236,-0.1367,0.0000,0.0000,0.0000,13427.5748,0.0060,0.0063,0.0070
milky,0,,358.3421,59.7903,-0.0146,-0.4817,0.8762,0.0000,0.0000,0.0000,12709.3012,0.0047,0.0050,0.0056
milky,0,,273.0085,-23.3989,-0.9165,0.3652,-0.1632,0.0000,0.0000,0.0000,10615.7134,0.0082,0.0087,0.0097
milky,0,,306.8028,40.5795,-0.6081,-0.3233,0.7250,0.0000,0.0000,0.0000,14136.6447,0.0048,0.0051,0.0057
milky,0,,317.3890,38.2402,-0.5317,-0.2328,0.8143,0.0000,0.0000,0.0000,9037.7499,0.0037,0.0039,0.0043
milky,0,,275.2127,-7.9425,-0.9863,0.1648,0.0060,0.0000,0.0000,0.0000,14051.2786,0.0054,0.0057,0.0064
milky,0,,275.6150,-34.0887,-0.8242,0.5222,-0.2192,0.0000,0.0000,0.0000,10487.5331,0.0087,0.0092,0.0103
milky,0,,225.4640,-55.1826,-0.4070,0.4975,-0.7661,0.0000,0.0000,0.0000,15387.6579,0.0109,0.0115,0.0128
milky,0,,311.1622,38.0422,-0.5929,-0.2612,0.7617,0.0000,0.0000,0.0000,11205.8491,0.0048,0.0051,0.0057
milky,0,,238.2969,-62.1619,-0.3973,0.6316,-0.6658,0.0000,0.0000,0.0000,9039.7379,0.0115,0.0122,0.0135
milky,0,,302.9363,31.8460,-0.7129,-0.2144,0.6676,0.0000,0.0000,0.0000,13576.9856,0.0062,0.0065,0.0072
milky,0,,289.4183,16.7562,-0.9031,-0.0832,0.4214,0.0000,0.0000,0.0000,12071.1490,0.0022,0.0023,0.0026
milky,0,,256.5387,-46.7946,-0.6658,0.5427,-0.5120,0.0000,0.0000,0.0000,15732.3267,0.0060,0.0064,0.0071
milky,0,,253.3028,-56.9358,-0.5226,0.6376,-0.5660,0.0000,0.0000,0.0000,9830.5116,0.0112,0.0119,0.0132
milky,0,,225.9089,-60.6441,-0.3521,0.5714,-0.7413,0.0000,0.0000,0.0000,15890.7011,0.0098,0.0103,0.0115
milky,0,,188.3916,-58.1536,-0.0770,0.4593,-0.8849,0.0000,0.0000,0.0000,12241.2545,0.0063,0.0066,0.0074
milky,0,,216.3913,-58.2561,-0.3121,0.5108,-0.8010,0.0000,0.0000,0.0000,13864.0747,0.0081,0.0086,0.0095
milky,0,,258.2950,-51.1582,-0.6141,0.6021,-0.5102,0.0000,0.0000,0.0000,10112.5916,0.0076,0.0080,0.0089
milky,0,,282.3875,-4.1012,-0.9742,0.1715,0.1466,0.0000,0.0000,0.0000,9445.7311,0.0026,0.0027,0.0031
milky,0,,279.1480,-0.8728,-0.9872,0.0949,0.1284,0.0000,0.0000,0.0000,13832.4837,0.0094,0.0100,0.0111
milky,0,,256.7590,-16.0828,-0.9353,0.1241,-0.3313,0.0000,0.0000,0.0000,9570.5775,0.0088,0.0093,0.0103
milky,0,,210.3424,-67.5660,-0.1928,0.6227,-0.7584,0.0000,0.0000,0.0000,15618.6288,0.0062,0.0065,0.0072
milky,0,,88.2282,22.8496,0.9211,-0.3182,0.2244,0.0000,0.0000,0.0000,10124.5825,0.0035,0.0037,0.0041
milky,0,,91.8772,26.5830,0.8938,-0.3987,0.2054,0.0000,0.0000,0.0000,9946.8766,0.0036,0.0038,0.0043
milky,0,,108.6994,-12.4464,0.9250,0.0235,-0.3794,0.0000,0.0000,0.0000,13502.1430,0.0052,0.0055,0.0061
milky,0,,248.0344,-57.4381,-0.4991,0.6187,-0.6066,0.0000,0.0000,0.0000,9130.9693,0.0119,0.0126,0.0141
milky,0,,285.9895,13.3387,-0.9354,-0.0597,0.3486,0.0000,0.0000,0.0000,15563.3971,0.0095,0.0101,0.0112
milky,0,,279.0551,0.2389,-0.9875,0.0775,0.1371,0.0000,0.0000,0.0000,13721.1317,0.0099,0.0105,0.0117
milky,0,,6.8063,57.5411,0.0636,-0.4488,0.8914,0.0000,0.0000,0.0000,10838.7700,0.0042,0.0045,0.0050
milky,0,,96.6427,10.7240,0.9759,-0.2180,-0.0016,0.0000,0.0000,0.0000,10126.5193,0.0021,0.0023,0.0025
milky,0,,281.1468,-31.5646,-0.8360,0.5335,-0.1284,0.0000,0.0000,0.0000,11946.6678,0.0091,0.0097,0.0108
milky,0,,257.2526,-39.2276,-0.7555,0.4540,-0.4722,0.0000,0.0000,0.0000,14490.3623,0.0047,0.0049,0.0055
milky,0,,258.4471,-36.4578,-0.7880,0.4264,-0.4441,0.0000,0.0000,0.0000,13550.9409,0.0052,0.0055,0.0061
milky,0,,194.4221,-61.2128,-0.1199,0.5110,-0.8512,0.0000,0.0000,0.0000,12755.6966,0.0059,0.0062,0.0069
milky,0,,271.8218,-8.4169,-0.9887,0.1417,-0.0484,0.0000,0.0000,0.0000,10045.1394,0.0050,0.0053,0.0058
milky,0,,301.5045,29.4152,-0.7427,-0.1865,0.6431,0.0000,0.0000,0.0000,15269.4959,0.0060,0.0063,0.0070
milky,0,,281.3254,-28.2700,-0.8636,0.4951,-0.0957,0.0000,0.0000,0.0000,14750.7898,0.0085,0.0090,0.0100
milky,0,,182.1252,-60.0921,-0.0185,0.4864,-0.8735,0.0000,0.0000,0.0000,14642.2119,0.0066,0.0070,0.0078
milky,0,,260.2324,-8.4436,-0.9748,0.0394,-0.2195,0.0000,0.0000,0.0000,14959.0370,0.0056,0.0059,0.0066
milky,0,,282.7921,-17.8852,-0.9281,0.3718,0.0224,0.0000,0.0000,0.0000,12078.3746,0.0050,0.0053,0.0059
milky,0,,288.6739,7.7591,-0.9387,0.0477,0.3415,0.0000,0.0000,0.0000,14735.3422,0.0033,0.0035,0.0039
milky,0,,124.4285,-35.0399,0.6753,0.2537,-0.6925,0.0000,0.0000,0.0000,11115.7449,0.0048,0.0051,0.0057
milky,0,,198.1519,-60.9413,-0.1513,0.5116,-0.8458,0.0000,0.0000,0.0000,12780.8876,0.0058,0.0061,0.0068
milky,0,,84.7114,33.7073,0.8283,-0.4362,0.3515,0.0000,0.0000,0.0000,11622.1892,0.0029,0.0031,0.0034
milky,0,,229.5145,-55.5204,-0.4306,0.5173,-0.7396,0.0000,0.0000,0.0000,15124.7074,0.0116,0.0123,0.0136
milky,0,,262.4982,-53.1425,-0.5947,0.6455,-0.4792,0.0000,0.0000,0.0000,9901.3075,0.0077,0.0082,0.0091
milky,0,,290.8118,21.4867,-0.8698,-0.1437,0.4720,0.0000,0.0000,0.0000,13856.6031,0.0057,0.0060,0.0067
milky,0,,290.8351,0.3357,-0.9346,0.1782,0.3079,0.0000,0.0000,0.0000,14282.5605,0.0117,0.0124,0.0138
milky,0,,349.6664,58.2542,-0.0944,-0.4623,0.8817,0.0000,0.0000,0.0000,12539.1873,0.0048,0.0051,0.0057
milky,0,,48.8560,57.7197,0.4022,-0.5437,0.7366,0.0000,0.0000,0.0000,10626.5032,0.0056,0.0059,0.0066
milky,0,,253.4230,-26.1280,-0.8605,0.2456,-0.4464,0.0000,0.0000,0.0000,11901.9335,0.0075,0.0079,0.0088
milky,0,,254.9407,-39.6235,-0.7438,0.4436,-0.5000,0.0000,0.0000,0.0000,14264.9900,0.0047,0.0049,0.0055
milky,0,,311.0407,40.6886,-0.5719,-0.3024,0.7625,0.0000,0.0000,0.0000,15354.0084,0.0041,0.0044,0.0049
milky,0,,279.8123,-22.5367,-0.9101,0.4096,-0.0625,0.0000,0.0000,0.0000,15983.0647,0.0068,0.0072,0.0080
milky,0,,297.2916,37.4185,-0.7058,-0.3333,0.6251,0.0000,0.0000,0.0000,15590.8123,0.0061,0.0065,0.0072
milky,0,,10.8497,63.2369,0.0848,-0.5376,0.8390,0.0000,0.0000,0.0000,9300.5059,0.0039,0.0041,0.0046
milky,0,,93.6208,18.0101,0.9491,-0.2960,0.1078,0.0000,0.0000,0.0000,10619.2647,0.0026,0.0027,0.0030
milky,0,,290.2980,-16.0982,-0.9011,0.4093,0.1429,0.0000,0.0000,0.0000,14793.6484,0.0052,0.0055,0.0061
milky,0,,314.7650,35.3118,-0.5794,-0.1995,0.7903,0.0000,0.0000,0.0000,9351.3603,0.0049,0.0052,0.0058
milky,0,,113.8510,-9.3604,0.9024,-0.0661,-0.4258,0.0000,0.0000,0.0000,10815.0957,0.0052,0.0055,0.0062
milky,0,,274.4218,-17.4764,-0.9510,0.2953,-0.0916,0.0000,0.0000,0.0000,10324.5265,0.0018,0.0019,0.0021
milky,0,,265.6348,-32.5516,-0.8405,0.4282,-0.3321,0.0000,0.0000,0.0000,11594.7080,0.0078,0.0083,0.0092
milky,0,,295.3053,27.8770,-0.7991,-0.2062,0.5647,0.0000,0.0000,0.0000,13636.8909,0.0055,0.0058,0.0064
milky,0,,300.1511,39.2943,-0.6692,-0.3426,0.6594,0.0000,0.0000,0.0000,10274.8781,0.0058,0.0061,0.0068
milky,0,,292.6658,10.5318,-0.9072,0.0385,0.4189,0.0000,0.0000,0.0000,15163.1732,0.0092,0.0098,0.0109
milky,0,,78.3550,44.0462,0.7040,-0.5212,0.4824,0.0000,0.0000,0.0000,12154.5810,0.0021,0.0022,0.0024
milky,0,,155.6181,-54.8497,0.2377,0.4308,-0.8706,0.0000,0.0000,0.0000,10021.9202,0.0038,0.0040,0.0045
milky,0,,259.1171,-30.5102,-0.8460,0.3514,-0.4009,0.0000,0.0000,0.0000,15451.5870,0.0072,0.0077,0.0085
milky,0,,75.4213,30.6551,0.8326,-0.3255,0.4482,0.0000,0.0000,0.0000,13407.3019,0.0026,0.0027,0.0030
milky,0,,263.5923,-41.3367,-0.7462,0.5230,-0.4120,0.0000,0.0000,0.0000,10537.5449,0.0048,0.0051,0.0056
milky,0,,258.2870,-40.9253,-0.7398,0.4825,-0.4689,0.0000,0.0000,0.0000,14087.8524,0.0046,0.0049,0.0055
milky,0,,293.3857,19.1828,-0.8669,-0.0886,0.4906,0.0000,0.0000,0.0000,11392.4455,0.0018,0.0019,0.0021
milky,0,,320.9112,56.1717,-0.3510,-0.4895,0.7982,0.0000,0.0000,0.0000,15156.8892,0.0018,0.0019,0.0021
milky,0,,321.2711,53.2783,-0.3741,-0.4468,0.8127,0.0000,0.0000,0.0000,14705.4763,0.0015,0.0016,0.0018
milky,0,,210.5887,-64.0350,-0.2228,0.5765,-0.7861,0.0000,0.0000,0.0000,15421.6883,0.0064,0.0068,0.0075
milky,0,,125.3418,-32.1721,0.6905,0.2042,-0.6939,0.0000,0.0000,0.0000,14258.4375,0.0048,0.0051,0.0056
milky,0,,274.8180,-25.8772,-0.8966,0.4130,-0.1600,0.0000,0.0000,0.0000,15619.1047,0.0087,0.0092,0.0102
milky,0,,24.7638,66.2819,0.1685,-0.5967,0.7846,0.0000,0.0000,0.0000,9181.6689,0.0035,0.0037,0.0041
milky,0,,110.9009,-18.3482,0.8867,0.0954,-0.4524,0.0000,0.0000,0.0000,14676.4683,0.0039,0.0041,0.0046
milky,0,,255.0751,-42.6342,-0.7109,0.4830,-0.5113,0.0000,0.0000,0.0000,10698.0220,0.0050,0.0053,0.0059
milky,0,,277.2337,-8.0882,-0.9822,0.1848,0.0344,0.0000,0.0000,0.0000,11736.6855,0.0017,0.0018,0.0020
milky,0,,259.4266,-57.6502,-0.5260,0.6736,-0.5193,0.0000,0.0000,0.0000,14677.5542,0.0105,0.0112,0.0124
milky,0,,300.3372,29.3693,-0.7521,-0.1937,0.6299,0.0000,0.0000,0.0000,10353.8632,0.0059,0.0062,0.0069
milky,0,,328.7458,52.2200,-0.3179,-0.4077,0.8560,0.0000,0.0000,0.0000,9935.3172,0.0020,0.0021,0.0023
milky,0,,277.9765,-9.2682,-0.9774,0.2086,0.0344,0.0000,0.0000,0.0000,12529.7734,0.0016,0.0017,0.0019
milky,0,,124.7962,-34.1004,0.6800,0.2372,-0.6938,0.0000,0.0000,0.0000,12454.3220,0.0048,0.0051,0.0057
milky,0,,293.2374,13.0388,-0.8952,0.0046,0.4457,0.0000,0.0000,0.0000,15439.9250,0.0080,0.0085,0.0094
milky,0,,70.5206,48.6346,0.6230,-0.5298,0.5754,0.0000,0.0000,0.0000,11566.0893,0.0036,0.0038,0.0042
milky,0,,272.6339,-30.3225,-0.8623,0.4532,-0.2260,0.0000,0.0000,0.0000,11694.6204,0.0091,0.0097,0.0107
milky,0,,116.6073,-21.1778,0.8337,0.0946,-0.5440,0.0000,0.0000,0.0000,15175.4489,0.0034,0.0036,0.0040
milky,0,,295.6965,20.3931,-0.8446,-0.0894,0.5278,0.0000,0.0000,0.0000,10145.2449,0.0016,0.0017,0.0019
milky,0,,283.5196,-3.8583,-0.9701,0.1778,0.1653,0.0000,0.0000,0.0000,11751.0868,0.0027,0.0029,0.0032
milky,0,,90.0444,9.4170,0.9865,-0.1406,0.0836,0.0000,0.0000,0.0000,12620.1018,0.0021,0.0022,0.0024
milky,0,,118.7386,-30.4223,0.7561,0.2205,-0.6162,0.0000,0.0000,0.0000,15661.5878,0.0043,0.0046,0.0051
milky,0,,269.2049,-13.4412,-0.9725,0.1923,-0.1313,0.0000,0.0000,0.0000,11192.1395,0.0055,0.0059,0.0065
milky,0,,137.0652,-42.3140,0.5037,0.2982,-0.8108,0.0000,0.0000,0.0000,12162.0596,0.0025,0.0027,0.0030
milky,0,,51.6760,59.7912,0.3947,-0.5801,0.7125,0.0000,0.0000,0.0000,10934.5292,0.0056,0.0059,0.0066
milky,0,,80.0478,45.5413,0.6899,-0.5495,0.4714,0.0000,0.0000,0.0000,10279.6039,0.0021,0.0023,0.0025
milky,0,,285.1078,9.0261,-0.9535,-0.0019,0.3014,0.0000,0.0000,0.0000,9714.5256,0.0034,0.0036,0.0040
milky,0,,78.0504,42.0980,0.7259,-0.4955,0.4770,0.0000,0.0000,0.0000,10342.4929,0.0020,0.0021,0.0023
milky,0,,319.5064,49.5834,-0.4210,-0.3987,0.8147,0.0000,0.0000,0.0000,10851.8284,0.0014,0.0015,0.0017
milky,0,,247.7714,-21.0021,-0.8642,0.1253,-0.4873,0.0000,0.0000,0.0000,12491.8672,0.0078,0.0082,0.0091
milky,0,,314.8936,35.6551,-0.5756,-0.2043,0.7918,0.0000,0.0000,0.0000,12238.2978,0.0048,0.0051,0.0056
milky,0,,92.5046,27.9877,0.8822,-0.4221,0.2086,0.0000,0.0000,0.0000,10491.3165,0.0037,0.0039,0.0043
milky,0,,322.8384,49.3584,-0.3934,-0.3831,0.8357,0.0000,0.0000,0.0000,14909.2338,0.0014,0.0015,0.0016
milky,0,,298.5997,35.9599,-0.7107,-0.3038,0.6346,0.0000,0.0000,0.0000,14224.2494,0.0062,0.0065,0.0072
milky,0,,111.0170,-11.4696,0.9148,-0.0106,-0.4037,0.0000,0.0000,0.0000,14024.7404,0.0051,0.0054,0.0060
milky,0,,150.0335,-57.3183,0.2697,0.4805,-0.8345,0.0000,0.0000,0.0000,15626.6881,0.0034,0.0036,0.0040
milky,0,,124.3603,-34.7481,0.6783,0.2497,-0.6911,0.0000,0.0000,0.0000,15202.2752,0.0048,0.0051,0.0057
milky,0,,156.8705,-54.7611,0.2266,0.4268,-0.8755,0.0000,0.0000,0.0000,10985.3377,0.0040,0.0043,0.0047
milky,0,,268.1495,-28.5630,-0.8778,0.3952,-0.2706,0.0000,0.0000,0.0000,14313.1764,0.0091,0.0096,0.0107
milky,0,,333.6593,61.0752,-0.2146,-0.5270,0.8223,0.0000,0.0000,0.0000,13062.6296,0.0039,0.0041,0.0046
milky,0,,307.4991,34.1018,-0.6569,-0.2210,0.7208,0.0000,0.0000,0.0000,11153.3543,0.0060,0.0063,0.0070
milky,0,,278.9016,-41.6800,-0.7379,0.6295,-0.2434,0.0000,0.0000,0.0000,14188.9875,0.0064,0.0068,0.0076
milky,0,,239.6364,-54.0689,-0.5063,0.5413,-0.6713,0.0000,0.0000,0.0000,14999.9613,0.0122,0.0129,0.0143
milky,0,,283.2822,1.6078,-0.9729,0.0942,0.2113,0.0000,0.0000,0.0000,13488.5672,0.0034,0.0036,0.0040
milky,0,,245.3412,-29.3607,-0.7921,0.2330,-0.5642,0.0000,0.0000,0.0000,13607.7448,0.0048,0.0051,0.0057
milky,0,,145.2623,-59.2784,0.2911,0.5207,-0.8026,0.0000,0.0000,0.0000,9619.1438,0.0031,0.0033,0.0037
milky,0,,126.0029,-38.5098,0.6330,0.2968,-0.7150,0.0000,0.0000,0.0000,11278.0486,0.0045,0.0048,0.0053
milky,0,,68.1550,46.4907,0.6390,-0.4897,0.5931,0.0000,0.0000,0.0000,15828.5641,0.0035,0.0037,0.0041
milky,0,,236.7858,-49.5626,-0.5427,0.4694,-0.6965,0.0000,0.0000,0.0000,11633.4492,0.0118,0.0125,0.0139
milky,0,,164.3029,-53.5066,0.1609,0.3942,-0.9048,0.0000,0.0000,0.0000,12826.6999,0.0052,0.0055,0.0062
milky,0,,95.2852,24.2747,0.9077,-0.3956,0.1398,0.0000,0.0000,0.0000,12906.1241,0.0033,0.0035,0.0039
milky,0,,264.1807,-30.5916,-0.8564,0.3913,-0.3369,0.0000,0.0000,0.0000,9939.1978,0.0082,0.0087,0.0096
milky,0,,203.2018,-62.1784,-0.1839,0.5371,-0.8232,0.0000,0.0000,0.0000,12165.4489,0.0059,0.0062,0.0069
milky,0,,80.4233,35.3838,0.8039,-0.4265,0.4145,0.0000,0.0000,0.0000,15141.2504,0.0023,0.0025,0.0028
milky,0,,265.7462,-12.4771,-0.9737,0.1479,-0.1734,0.0000,0.0000,0.0000,9325.8073,0.0058,0.0062,0.0069
milky,0,,279.2831,-4.9709,-0.9832,0.1570,0.0931,0.0000,0.0000,0.0000,11857.9151,0.0022,0.0024,0.0026
milky,0,,225.0787,-56.5605,-0.3902,0.5149,-0.7633,0.0000,0.0000,0.0000,14972.8535,0.0105,0.0111,0.0124
milky,0,,247.9013,-32.7625,-0.7791,0.3009,-0.5499,0.0000,0.0000,0.0000,12723.9148,0.0047,0.0050,0.0055
milky,0,,181.4210,-62.7055,-0.0114,0.5256,-0.8506,0.0000,0.0000,0.0000,9776.6518,0.0066,0.0070,0.0078
milky,0,,68.3394,50.3416,0.5931,-0.5386,0.5984,0.0000,0.0000,0.0000,13165.8754,0.0043,0.0045,0.0050
milky,0,,288.4841,15.9504,-0.9119,-0.0786,0.4028,0.0000,0.0000,0.0000,15675.6644,0.0023,0.0025,0.0028
milky,0,,236.0265,-50.1792,-0.5311,0.4740,-0.7023,0.0000,0.0000,0.0000,15645.4892,0.0120,0.0127,0.0141
milky,0,,127.6708,-35.8752,0.6414,0.2473,-0.7263,0.0000,0.0000,0.0000,11563.3400,0.0047,0.0049,0.0055
milky,0,,219.2153,-60.5859,-0.3105,0.5507,-0.7748,0.0000,0.0000,0.0000,14872.8007,0.0083,0.0088,0.0098
milky,0,,276.8198,-23.1321,-0.9131,0.3930,-0.1087,0.0000,0.0000,0.0000,9772.5273,0.0075,0.0080,0.0088
milky,0,,281.1483,-10.2247,-0.9655,0.2502,0.0717,0.0000,0.0000,0.0000,9071.4264,0.0056,0.0060,0.0066
milky,0,,109.5043,-6.7931,0.9360,-0.0694,-0.3451,0.0000,0.0000,0.0000,9901.9495,0.0059,0.0062,0.0069
milky,0,,111.2172,-6.0616,0.9270,-0.0948,-0.3629,0.0000,0.0000,0.0000,13730.8773,0.0059,0.0062,0.0069
milky,0,,306.8982,37.9277,-0.6308,-0.2830,0.7225,0.0000,0.0000,0.0000,13653.3417,0.0054,0.0057,0.0064
milky,0,,134.6153,-38.2788,0.5588,0.2470,-0.7917,0.0000,0.0000,0.0000,11794.7810,0.0037,0.0039,0.0043
milky,0,,177.5065,-57.8388,0.0232,0.4517,-0.8918,0.0000,0.0000,0.0000,13952.6226,0.0068,0.0072,0.0080
milky,0,,243.1439,-41.8611,-0.6644,0.3987,-0.6321,0.0000,0.0000,0.0000,12942.3277,0.0075,0.0079,0.0088
milky,0,,96.4632,27.7306,0.8795,-0.4502,0.1542,0.0000,0.0000,0.0000,14920.9528,0.0036,0.0038,0.0042
milky,0,,174.4799,-65.7725,0.0395,0.5713,-0.8198,0.0000,0.0000,0.0000,9494.2989,0.0068,0.0072,0.0080
milky,0,,128.9814,-44.1731,0.5575,0.3649,-0.7456,0.0000,0.0000,0.0000,12752.1452,0.0032,0.0034,0.0037
milky,0,,82.2917,32.9334,0.8317,-0.4080,0.3765,0.0000,0.0000,0.0000,11622.1403,0.0028,0.0030,0.0033
milky,0,,154.3655,-51.7662,0.2677,0.3859,-0.8828,0.0000,0.0000,0.0000,9964.7821,0.0030,0.0031,0.0035
milky,0,,172.9301,-65.8747,0.0503,0.5734,-0.8177,0.0000,0.0000,0.0000,12799.5249,0.0068,0.0072,0.0080
milky,0,,329.3511,47.7297,-0.3429,-0.3362,0.8771,0.0000,0.0000,0.0000,14384.4542,0.0015,0.0016,0.0018
milky,0,,130.3345,-50.1782,0.4882,0.4449,-0.7509,0.0000,0.0000,0.0000,11476.4756,0.0019,0.0020,0.0022
milky,0,,245.8331,-54.7671,-0.5263,0.5785,-0.6231,0.0000,0.0000,0.0000,14507.0883,0.0116,0.0123,0.0137
milky,0,,254.0384,-51.3196,-0.6009,0.5806,-0.5494,0.0000,0.0000,0.0000,10755.6940,0.0086,0.0092,0.0102
milky,0,,25.2154,67.8407,0.1607,-0.6181,0.7695,0.0000,0.0000,0.0000,12931.7419,0.0035,0.0037,0.0041
milky,0,,261.5865,-43.3858,-0.7189,0.5340,-0.4449,0.0000,0.0000,0.0000,13534.2164,0.0047,0.0049,0.0055
milky,0,,286.4412,0.3961,-0.9591,0.1398,0.2462,0.0000,0.0000,0.0000,9620.1536,0.0113,0.0120,0.0133
milky,0,,261.4041,-48.2628,-0.6582,0.5884,-0.4696,0.0000,0.0000,0.0000,11395.6420,0.0057,0.0061,0.0067
milky,0,,325.9301,40.2669,-0.4275,-0.2285,0.8747,0.0000,0.0000,0.0000,10928.5639,0.0018,0.0019,0.0022
milky,0,,287.4614,15.5168,-0.9192,-0.0804,0.3856,0.0000,0.0000,0.0000,12757.4349,0.0082,0.0087,0.0097
milky,0,,275.0502,-25.5651,-0.8986,0.4108,-0.1542,0.0000,0.0000,0.0000,13046.5885,0.0086,0.0091,0.0101
milky,0,,277.5973,-35.4337,-0.8076,0.5524,-0.2063,0.0000,0.0000,0.0000,10561.4180,0.0086,0.0091,0.0101
milky,0,,201.6465,-61.2419,-0.1775,0.5211,-0.8348,0.0000,0.0000,0.0000,15283.2967,0.0058,0.0062,0.0069
milky,0,,287.6400,5.2182,-0.9490,0.0775,0.3055,0.0000,0.0000,0.0000,9494.0682,0.0035,0.0037,0.0041
milky,0,,78.7308,36.8637,0.7846,-0.4337,0.4430,0.0000,0.0000,0.0000,9598.3747,0.0021,0.0022,0.0025
milky,0,,188.9141,-72.3395,-0.0470,0.6624,-0.7477,0.0000,0.0000,0.0000,14293.3388,0.0061,0.0065,0.0072
milky,0,,277.2590,-38.7169,-0.7740,0.5869,-0.2376,0.0000,0.0000,0.0000,15142.5217,0.0074,0.0078,0.0087
milky,0,,264.2436,-43.6752,-0.7196,0.5546,-0.4179,0.0000,0.0000,0.0000,15169.1436,0.0046,0.0049,0.0055
milky,0,,299.3308,19.9243,-0.8196,-0.0549,0.5703,0.0000,0.0000,0.0000,11426.0150,0.0053,0.0056,0.0062
milky,0,,196.3105,-62.4584,-0.1299,0.5315,-0.8371,0.0000,0.0000,0.0000,10921.2094,0.0058,0.0062,0.0069
milky,0,,105.3005,-2.8172,0.9634,-0.0936,-0.2512,0.0000,0.0000,0.0000,14478.5902,0.0058,0.0061,0.0068
milky,0,,93.8343,18.4059,0.9467,-0.3033,0.1082,0.0000,0.0000,0.0000,13115.4825,0.0026,0.0027,0.0031
milky,0,,37.6402,58.9113,0.3153,-0.5235,0.7915,0.0000,0.0000,0.0000,14793.2233,0.0045,0.0047,0.0053
milky,0,,312.2590,41.8524,-0.5513,-0.3139,0.7730,0.0000,0.0000,0.0000,12367.1045,0.0036,0.0038,0.0043
milky,0,,161.9713,-56.5538,0.1706,0.4453,-0.8790,0.0000,0.0000,0.0000,11971.9421,0.0053,0.0056,0.0062
milky,0,,128.6093,-38.3034,0.6132,0.2791,-0.7390,0.0000,0.0000,0.0000,13744.1120,0.0043,0.0046,0.0051
milky,0,,272.1953,-12.1889,-0.9767,0.2003,-0.0766,0.0000,0.0000,0.0000,11410.3835,0.0050,0.0053,0.0058
milky,0,,285.4703,7.1087,-0.9564,0.0302,0.2906,0.0000,0.0000,0.0000,14793.6974,0.0035,0.0037,0.0041
milky,0,,88.7220,17.5598,0.9532,-0.2477,0.1736,0.0000,0.0000,0.0000,11309.7461,0.0029,0.0030,0.0034
milky,0,,247.1771,-27.8378,-0.8150,0.2236,-0.5345,0.0000,0.0000,0.0000,13897.8098,0.0054,0.0057,0.0064
milky,0,,290.9722,0.5627,-0.9337,0.1759,0.3118,0.0000,0.0000,0.0000,13807.0057,0.0118,0.0125,0.0138
milky,0,,125.2259,-42.3375,0.6038,0.3577,-0.7123,0.0000,0.0000,0.0000,13220.2752,0.0040,0.0042,0.0047
milky,0,,246.3910,-49.5537,-0.5944,0.5185,-0.6147,0.0000,0.0000,0.0000,15103.5029,0.0098,0.0104,0.0115
milky,0,,351.6761,61.9747,-0.0680,-0.5172,0.8532,0.0000,0.0000,0.0000,12591.1071,0.0049,0.0052,0.0058
milky,0,,154.3905,-56.9312,0.2358,0.4649,-0.8534,0.0000,0.0000,0.0000,14155.1350,0.0040,0.0043,0.0047
milky,0,,297.8424,23.8808,-0.8085,-0.1271,0.5746,0.0000,0.0000,0.0000,15889.7117,0.0053,0.0056,0.0062
milky,0,,265.8165,-37.6935,-0.7892,0.4944,-0.3644,0.0000,0.0000,0.0000,9733.8744,0.0060,0.0063,0.0070
milky,0,,278.1353,-11.7796,-0.9691,0.2463,0.0136,0.0000,0.0000,0.0000,12301.3453,0.0015,0.0016,0.0017
milky,0,,277.8978,-0.7839,-0.9904,0.0825,0.1107,0.0000,0.0000,0.0000,14629.7666,0.0092,0.0097,0.0108
milky,0,,297.1626,30.1388,-0.7694,-0.2270,0.5970,0.0000,0.0000,0.0000,12099.3720,0.0058,0.0062,0.0068
milky,0,,341.1559,54.8970,-0.1857,-0.4210,0.8879,0.0000,0.0000,0.0000,9350.5518,0.0039,0.0042,0.0046
milky,0,,242.6752,-56.9927,-0.4840,0.5900,-0.6463,0.0000,0.0000,0.0000,14866.2880,0.0122,0.0129,0.0144
milky,0,,109.5932,-8.3647,0.9321,-0.0462,-0.3593,0.0000,0.0000,0.0000,10550.1544,0.0057,0.0061,0.0067
milky,0,,137.9385,-48.3872,0.4449,0.3869,-0.8077,0.0000,0.0000,0.0000,15240.4075,0.0016,0.0017,0.0019
milky,0,,106.6639,-12.2322,0.9363,0.0373,-0.3493,0.0000,0.0000,0.0000,15719.0149,0.0054,0.0057,0.0063
milky,0,,247.3236,-41.9908,-0.6858,0.4259,-0.5902,0.0000,0.0000,0.0000,13727.6428,0.0063,0.0067,0.0074
milky,0,,128.8262,-40.5912,0.5916,0.3125,-0.7432,0.0000,0.0000,0.0000,15281.5917,0.0039,0.0042,0.0046
milky,0,,183.4221,-60.0315,-0.0298,0.4857,-0.8736,0.0000,0.0000,0.0000,13269.6448,0.0066,0.0069,0.0077
milky,0,,231.0379,-63.5784,-0.3460,0.6235,-0.7011,0.0000,0.0000,0.0000,9487.6440,0.0100,0.0106,0.0118
milky,0,,104.2487,6.6364,0.9627,-0.2250,-0.1500,0.0000,0.0000,0.0000,13053.8857,0.0036,0.0038,0.0042
milky,0,,265.7700,-54.9482,-0.5728,0.6799,-0.4579,0.0000,0.0000,0.0000,9530.6888,0.0081,0.0086,0.0095
milky,0,,324.6345,47.8741,-0.3882,-0.3540,0.8509,0.0000,0.0000,0.0000,13795.4612,0.0014,0.0015,0.0016
milky,0,,355.2496,62.1612,-0.0387,-0.5183,0.8543,0.0000,0.0000,0.0000,10851.3168,0.0048,0.0051,0.0057
milky,0,,245.2431,-55.2382,-0.5178,0.5812,-0.6278,0.0000,0.0000,0.0000,14390.5375,0.0118,0.0125,0.0139
milky,0,,285.5883,24.0589,-0.8795,-0.2231,0.4203,0.0000,0.0000,0.0000,14494.1485,0.0056,0.0060,0.0066
milky,0,,159.1348,-62.1131,0.1666,0.5325,-0.8299,0.0000,0.0000,0.0000,14893.7404,0.0057,0.0061,0.0067
milky,0,,79.3928,43.0765,0.7180,-0.5162,0.4670,0.0000,0.0000,0.0000,9217.8290,0.0020,0.0021,0.0023
milky,0,,82.8338,36.7347,0.7952,-0.4612,0.3937,0.0000,0.0000,0.0000,13821.1270,0.0023,0.0025,0.0028
milky,0,,269.3385,-22.9177,-0.9210,0.3283,-0.2097,0.0000,0.0000,0.0000,14058.6596,0.0086,0.0091,0.0101
milky,0,,78.5833,30.0045,0.8489,-0.3404,0.4045,0.0000,0.0000,0.0000,11873.3710,0.0029,0.0031,0.0034
milky,0,,267.7974,-25.5076,-0.9019,0.3513,-0.2515,0.0000,0.0000,0.0000,13961.8478,0.0091,0.0097,0.0108
milky,0,,98.4646,7.3215,0.9810,-0.1844,-0.0595,0.0000,0.0000,0.0000,11669.3603,0.0027,0.0029,0.0032
milky,0,,48.5886,53.7797,0.4432,-0.4902,0.7505,0.0000,0.0000,0.0000,11842.2485,0.0058,0.0061,0.0068
milky,0,,321.6220,45.4907,-0.4352,-0.3282,0.8384,0.0000,0.0000,0.0000,11450.0940,0.0016,0.0017,0.0019
milky,0,,223.0488,-54.2730,-0.3986,0.4761,-0.7839,0.0000,0.0000,0.0000,13403.8134,0.0105,0.0111,0.0124
milky,0,,240.1113,-47.0690,-0.5905,0.4528,-0.6680,0.0000,0.0000,0.0000,9872.4510,0.0105,0.0111,0.0124
milky,0,,217.2725,-62.2447,-0.2820,0.5677,-0.7734,0.0000,0.0000,0.0000,12233.8222,0.0076,0.0081,0.0090
milky,0,,252.5290,-49.9201,-0.6142,0.5563,-0.5598,0.0000,0.0000,0.0000,10797.5339,0.0083,0.0088,0.0098
milky,0,,260.1523,-39.4005,-0.7613,0.4760,-0.4402,0.0000,0.0000,0.0000,10332.5155,0.0048,0.0051,0.0057
milky,0,,288.9684,10.9860,-0.9284,0.0010,0.3717,0.0000,0.0000,0.0000,13615.2879,0.0030,0.0031,0.0035
milky,0,,285.5132,4.6896,-0.9603,0.0672,0.2706,0.0000,0.0000,0.0000,13891.4328,0.0035,0.0038,0.0042
milky,0,,88.4801,24.1678,0.9120,-0.3385,0.2316,0.0000,0.0000,0.0000,14887.4422,0.0036,0.0038,0.0042
milky,0,,302.1486,38.0660,-0.6666,-0.3127,0.6767,0.0000,0.0000,0.0000,15940.9670,0.0058,0.0062,0.0069
milky,0,,263.2782,-29.0767,-0.8680,0.3639,-0.3380,0.0000,0.0000,0.0000,15799.5346,0.0085,0.0090,0.0100
milky,0,,90.1653,32.0502,0.8476,-0.4561,0.2712,0.0000,0.0000,0.0000,13518.8721,0.0035,0.0037,0.0041
milky,0,,153.6141,-51.1793,0.2786,0.3786,-0.8826,0.0000,0.0000,0.0000,14712.0691,0.0027,0.0029,0.0032
milky,0,,33.9365,63.2037,0.2517,-0.5725,0.7803,0.0000,0.0000,0.0000,13034.2942,0.0039,0.0041,0.0046
milky,0,,243.8434,-45.7016,-0.6269,0.4549,-0.6325,0.0000,0.0000,0.0000,11637.0890,0.0089,0.0094,0.0105
milky,0,,281.9732,0.6538,-0.9782,0.0971,0.1837,0.0000,0.0000,0.0000,13725.1159,0.0032,0.0034,0.0038
milky,0,,308.1313,43.4282,-0.5713,-0.3583,0.7384,0.0000,0.0000,0.0000,13238.2450,0.0038,0.0041,0.0045
milky,0,,105.7967,-6.9004,0.9553,-0.0362,-0.2935,0.0000,0.0000,0.0000,9683.1495,0.0060,0.0063,0.0070
milky,0,,169.2946,-59.5047,0.0943,0.4818,-0.8712,0.0000,0.0000,0.0000,10433.4845,0.0065,0.0069,0.0077
milky,0,,312.6755,42.0421,-0.5460,-0.3148,0.7764,0.0000,0.0000,0.0000,12225.1852,0.0035,0.0037,0.0041
milky,0,,296.2097,25.3732,-0.8106,-0.1618,0.5628,0.0000,0.0000,0.0000,12170.8941,0.0053,0.0056,0.0062
milky,0,,268.5341,-23.7558,-0.9150,0.3332,-0.2275,0.0000,0.0000,0.0000,12513.4480,0.0089,0.0094,0.0105
milky,0,,276.1424,-24.3934,-0.9055,0.4042,-0.1292,0.0000,0.0000,0.0000,15215.6011,0.0081,0.0085,0.0095
milky,0,,81.9267,42.0643,0.7350,-0.5206,0.4344,0.0000,0.0000,0.0000,9182.2092,0.0019,0.0020,0.0023
milky,0,,55.8272,47.2315,0.5618,-0.4328,0.7050,0.0000,0.0000,0.0000,14106.9281,0.0053,0.0056,0.0062
milky,0,,26.7773,58.8280,0.2332,-0.4954,0.8368,0.0000,0.0000,0.0000,11406.2793,0.0036,0.0038,0.0043
milky,0,,277.4823,-8.4047,-0.9808,0.1916,0.0351,0.0000,0.0000,0.0000,13338.5026,0.0017,0.0018,0.0020
milky,0,,352.8399,59.8338,-0.0626,-0.4843,0.8727,0.0000,0.0000,0.0000,11438.8371,0.0049,0.0052,0.0058
milky,0,,292.6156,13.5259,-0.8975,-0.0079,0.4409,0.0000,0.0000,0.0000,10095.9312,0.0024,0.0025,0.0028
milky,0,,261.0671,-40.7336,-0.7486,0.4987,-0.4369,0.0000,0.0000,0.0000,10672.1602,0.0047,0.0050,0.0056
milky,0,,90.9725,14.2011,0.9693,-0.2188,0.1122,0.0000,0.0000,0.0000,14066.4826,0.0023,0.0024,0.0027
milky,0,,107.5000,-9.1701,0.9415,-0.0163,-0.3365,0.0000,0.0000,0.0000,14451.6415,0.0058,0.0061,0.0068
milky,0,,289.6010,14.5712,-0.9118,-0.0484,0.4079,0.0000,0.0000,0.0000,15733.7395,0.0024,0.0026,0.0029
milky,0,,294.7554,12.3772,-0.8870,0.0269,0.4610,0.0000,0.0000,0.0000,15827.9476,0.0079,0.0084,0.0093
milky,0,,247.5178,-22.1844,-0.8556,0.1413,-0.4980,0.0000,0.0000,0.0000,10809.0996,0.0073,0.0077,0.0086
milky,0,,129.1601,-40.0204,0.5938,0.3021,-0.7457,0.0000,0.0000,0.0000,15647.4231,0.0040,0.0042,0.0047
milky,0,,146.2412,-50.4195,0.3541,0.3878,-0.8510,0.0000,0.0000,0.0000,14718.1921,0.0017,0.0018,0.0020
milky,0,,85.1765,27.2699,0.8857,-0.3542,0.3000,0.0000,0.0000,0.0000,15598.1916,0.0036,0.0038,0.0043
milky,0,,252.9640,-57.6738,-0.5113,0.6436,-0.5695,0.0000,0.0000,0.0000,15424.6188,0.0115,0.0121,0.0135
milky,0,,68.6675,52.0997,0.5722,-0.5613,0.5980,0.0000,0.0000,0.0000,10628.9980,0.0046,0.0049,0.0054
milky,0,,253.1001,-41.4469,-0.7172,0.4552,-0.5277,0.0000,0.0000,0.0000,15078.7614,0.0050,0.0053,0.0059
milky,0,,256.6774,-24.3900,-0.8862,0.2459,-0.3926,0.0000,0.0000,0.0000,9108.2171,0.0086,0.0091,0.0101
milky,0,,272.2769,-12.4653,-0.9757,0.2050,-0.0779,0.0000,0.0000,0.0000,13489.6104,0.0050,0.0053,0.0059
milky,0,,296.4046,17.5680,-0.8539,-0.0404,0.5189,0.0000,0.0000,0.0000,13214.3944,0.0059,0.0062,0.0069
milky,0,,253.7014,-42.1358,-0.7118,0.4679,-0.5239,0.0000,0.0000,0.0000,12838.5308,0.0051,0.0054,0.0060
milky,0,,259.9668,-24.4168,-0.8966,0.2726,-0.3489,0.0000,0.0000,0.0000,13644.9586,0.0090,0.0095,0.0106
milky,0,,279.5672,-30.6241,-0.8486,0.5103,-0.1398,0.0000,0.0000,0.0000,14227.6318,0.0091,0.0097,0.0107
milky,0,,156.0649,-58.8153,0.2101,0.4896,-0.8463,0.0000,0.0000,0.0000,9988.7263,0.0047,0.0050,0.0055
milky,0,,224.8028,-62.9066,-0.3209,0.5967,-0.7355,0.0000,0.0000,0.0000,9028.0718,0.0090,0.0095,0.0106
milky,0,,171.3331,-55.7522,0.0848,0.4220,-0.9026,0.0000,0.0000,0.0000,15065.6903,0.0065,0.0068,0.0076
milky,0,,223.7180,-60.0847,-0.3447,0.5573,-0.7554,0.0000,0.0000,0.0000,9177.6092,0.0094,0.0100,0.0111
milky,0,,20.6175,60.1954,0.1750,-0.5042,0.8457,0.0000,0.0000,0.0000,12317.9484,0.0035,0.0037,0.0041
milky,0,,261.6383,-34.0059,-0.8202,0.4173,-0.3914,0.0000,0.0000,0.0000,13411.9131,0.0065,0.0069,0.0077
milky,0,,311.4649,36.5459,-0.6020,-0.2364,0.7627,0.0000,0.0000,0.0000,15484.6915,0.0051,0.0054,0.0060
milky,0,,74.2912,39.5691,0.7421,-0.4385,0.5070,0.0000,0.0000,0.0000,11536.8839,0.0019,0.0021,0.0023
milky,0,,232.8632,-50.1012,-0.5113,0.4582,-0.7271,0.0000,0.0000,0.0000,10038.8968,0.0122,0.0130,0.0144
milky,0,,300.1764,29.6880,-0.7510,-0.1996,0.6294,0.0000,0.0000,0.0000,11283.6473,0.0059,0.0063,0.0070
milky,0,,226.9135,-61.3433,-0.3502,0.5835,-0.7327,0.0000,0.0000,0.0000,10338.3873,0.0098,0.0104,0.0115
milky,0,,263.8060,-45.2747,-0.6996,0.5699,-0.4310,0.0000,0.0000,0.0000,10469.8867,0.0047,0.0050,0.0056
milky,0,,242.9837,-49.4701,-0.5789,0.4995,-0.6445,0.0000,0.0000,0.0000,13463.0814,0.0106,0.0112,0.0125
milky,0,,302.4510,33.8717,-0.7006,-0.2483,0.6689,0.0000,0.0000,0.0000,11568.1770,0.0062,0.0065,0.0072
milky,0,,271.3060,-2.5859,-0.9987,0.0504,-0.0037,0.0000,0.0000,0.0000,10806.8380,0.0066,0.0070,0.0077
milky,0,,290.4086,-25.7783,-0.8440,0.5345,0.0452,0.0000,0.0000,0.0000,15063.4456,0.0063,0.0067,0.0075
milky,0,,124.5929,-37.8834,0.6497,0.2956,-0.7004,0.0000,0.0000,0.0000,10988.5308,0.0046,0.0049,0.0055
milky,0,,279.5989,-33.0560,-0.8264,0.5395,-0.1611,0.0000,0.0000,0.0000,9445.1259,0.0091,0.0097,0.0107
milky,0,,142.4623,-55.8977,0.3416,0.4808,-0.8076,0.0000,0.0000,0.0000,14839.0625,0.0021,0.0022,0.0024
milky,0,,65.9366,51.9099,0.5633,-0.5451,0.6210,0.0000,0.0000,0.0000,12533.1723,0.0049,0.0052,0.0057
milky,0,,240.5642,-49.2750,-0.5682,0.4845,-0.6652,0.0000,0.0000,0.0000,13371.1462,0.0111,0.0117,0.0130
milky,0,,260.4690,-41.8991,-0.7340,0.5090,-0.4496,0.0000,0.0000,0.0000,10091.5357,0.0046,0.0049,0.0055
milky,0,,95.7854,25.9397,0.8947,-0.4216,0.1476,0.0000,0.0000,0.0000,9583.0369,0.0035,0.0037,0.0041
milky,0,,271.3749,-21.3207,-0.9313,0.3232,-0.1681,0.0000,0.0000,0.0000,15961.4903,0.0078,0.0083,0.0092
milky,0,,330.0341,59.2237,-0.2556,-0.5081,0.8225,0.0000,0.0000,0.0000,12427.0442,0.0032,0.0034,0.0038
milky,0,,145.1346,-56.2825,0.3173,0.4784,-0.8188,0.0000,0.0000,0.0000,11847.2541,0.0025,0.0026,0.0029
milky,0,,280.8272,-33.4558,-0.8195,0.5533,-0.1496,0.0000,0.0000,0.0000,10151.0326,0.0091,0.0097,0.0108
milky,0,,152.5053,-51.3191,0.2885,0.3836,-0.8773,0.0000,0.0000,0.0000,13676.0605,0.0026,0.0027,0.0030
milky,0,,131.8964,-44.3592,0.5322,0.3534,-0.7693,0.0000,0.0000,0.0000,11253.2586,0.0028,0.0029,0.0033
milky,0,,26.7377,61.0179,0.2180,-0.5270,0.8215,0.0000,0.0000,0.0000,11317.7123,0.0036,0.0038,0.0042
milky,0,,345.6281,60.1357,-0.1236,-0.4949,0.8601,0.0000,0.0000,0.0000,15578.6474,0.0047,0.0050,0.0056
milky,0,,258.2305,-42.6429,-0.7201,0.5034,-0.4775,0.0000,0.0000,0.0000,15541.2863,0.0048,0.0050,0.0056
milky,0,,77.1033,35.4500,0.7941,-0.4035,0.4546,0.0000,0.0000,0.0000,11939.8043,0.0021,0.0023,0.0025
milky,0,,277.7492,-0.3653,-0.9908,0.0749,0.1123,0.0000,0.0000,0.0000,10308.0650,0.0093,0.0099,0.0110
milky,0,,226.2946,-54.4329,-0.4205,0.4903,-0.7634,0.0000,0.0000,0.0000,9186.4427,0.0112,0.0119,0.0132
milky,0,,90.5975,25.3432,0.9037,-0.3718,0.2124,0.0000,0.0000,0.0000,13698.7394,0.0036,0.0038,0.0042
milky,0,,209.1809,-65.6958,-0.2007,0.5961,-0.7774,0.0000,0.0000,0.0000,11112.5154,0.0062,0.0065,0.0072
milky,0,,108.7927,-23.0583,0.8711,0.1831,-0.4558,0.0000,0.0000,0.0000,11716.0604,0.0035,0.0037,0.0041
milky,0,,202.9579,-60.8011,-0.1903,0.5169,-0.8346,0.0000,0.0000,0.0000,12460.2555,0.0059,0.0062,0.0069
milky,0,,218.8923,-62.2343,-0.2925,0.5717,-0.7665,0.0000,0.0000,0.0000,12390.8345,0.0079,0.0084,0.0093
milky,0,,277.3009,3.8449,-0.9897,0.0078,0.1432,0.0000,0.0000,0.0000,15124.0036,0.0110,0.0116,0.0129
milky,0,,269.8965,-29.5883,-0.8696,0.4224,-0.2557,0.0000,0.0000,0.0000,12061.4043,0.0091,0.0096,0.0107
milky,0,,328.5811,49.3654,-0.3395,-0.3643,0.8672,0.0000,0.0000,0.0000,12880.4222,0.0016,0.0017,0.0019
milky,0,,277.6821,2.4186,-0.9901,0.0326,0.1362,0.0000,0.0000,0.0000,15103.8931,0.0105,0.0112,0.0124
milky,0,,291.4002,17.9411,-0.8858,-0.0853,0.4562,0.0000,0.0000,0.0000,9932.6464,0.0020,0.0021,0.0023
milky,0,,275.6648,-31.8244,-0.8455,0.4952,-0.1997,0.0000,0.0000,0.0000,9997.1555,0.0091,0.0096,0.0107
milky,0,,255.9394,-26.2235,-0.8702,0.2665,-0.4144,0.0000,0.0000,0.0000,13252.3320,0.0080,0.0085,0.0094
milky,0,,120.3766,-23.4604,0.7914,0.1023,-0.6027,0.0000,0.0000,0.0000,9400.2100,0.0036,0.0038,0.0043
milky,0,,282.0873,-8.2753,-0.9676,0.2301,0.1035,0.0000,0.0000,0.0000,13251.2855,0.0065,0.0069,0.0077
milky,0,,259.6698,-37.7933,-0.7774,0.4523,-0.4371,0.0000,0.0000,0.0000,15507.0408,0.0051,0.0053,0.0059
milky,0,,285.7071,6.9943,-0.9555,0.0340,0.2930,0.0000,0.0000,0.0000,10024.4805,0.0035,0.0037,0.0041
milky,0,,292.7019,27.8321,-0.8158,-0.2244,0.5330,0.0000,0.0000,0.0000,9093.8939,0.0054,0.0057,0.0063
milky,0,,52.5469,50.6316,0.5035,-0.4640,0.7288,0.0000,0.0000,0.0000,12054.7877,0.0058,0.0062,0.0069
milky,0,,174.0149,-59.1444,0.0535,0.4731,-0.8794,0.0000,0.0000,0.0000,13735.9366,0.0067,0.0071,0.0079
milky,0,,251.8950,-12.6961,-0.9272,0.0322,-0.3731,0.0000,0.0000,0.0000,13507.7575,0.0087,0.0093,0.0103
milky,0,,263.4659,-33.3273,-0.8301,0.4220,-0.3645,0.0000,0.0000,0.0000,14856.2888,0.0071,0.0075,0.0084
milky,0,,256.0546,-34.8866,-0.7961,0.3884,-0.4640,0.0000,0.0000,0.0000,12174.1295,0.0052,0.0055,0.0061
milky,0,,212.5391,-59.8440,-0.2702,0.5230,-0.8083,0.0000,0.0000,0.0000,12912.9964,0.0071,0.0075,0.0083
milky,0,,250.7147,-40.6429,-0.7162,0.4292,-0.5503,0.0000,0.0000,0.0000,12545.0647,0.0052,0.0055,0.0061
milky,0,,128.7308,-36.1236,0.6301,0.2450,-0.7368,0.0000,0.0000,0.0000,13969.7543,0.0046,0.0049,0.0054
milky,0,,174.4036,-63.2348,0.0439,0.5345,-0.8440,0.0000,0.0000,0.0000,13478.9289,0.0068,0.0072,0.0080
milky,0,,295.4937,29.5404,-0.7853,-0.2298,0.5749,0.0000,0.0000,0.0000,13154.5942,0.0057,0.0060,0.0067
milky,0,,338.2882,60.0105,-0.1849,-0.5032,0.8441,0.0000,0.0000,0.0000,12327.5964,0.0042,0.0045,0.0049
milky,0,,218.8332,-53.8928,-0.3695,0.4561,-0.8096,0.0000,0.0000,0.0000,12943.3448,0.0095,0.0101,0.0112
milky,0,,302.4614,38.2555,-0.6626,-0.3137,0.6802,0.0000,0.0000,0.0000,11967.1618,0.0058,0.0061,0.0068
milky,0,,143.7920,-47.8329,0.3965,0.3564,-0.8460,0.0000,0.0000,0.0000,14433.4052,0.0014,0.0015,0.0017
milky,0,,206.6888,-54.5680,-0.2604,0.4316,-0.8636,0.0000,0.0000,0.0000,10590.9952,0.0065,0.0069,0.0076
milky,0,,213.5633,-60.0526,-0.2760,0.5285,-0.8028,0.0000,0.0000,0.0000,15721.1994,0.0072,0.0077,0.0085
milky,0,,299.4991,25.9951,-0.7823,-0.1477,0.6051,0.0000,0.0000,0.0000,15086.4256,0.0055,0.0058,0.0065
milky,0,,115.8170,-22.3201,0.8327,0.1180,-0.5409,0.0000,0.0000,0.0000,10027.2686,0.0034,0.0036,0.0040
milky,0,,212.3241,-56.8441,-0.2924,0.4796,-0.8273,0.0000,0.0000,0.0000,11186.3186,0.0074,0.0078,0.0087
milky,0,,107.9793,-16.9262,0.9100,0.0975,-0.4031,0.0000,0.0000,0.0000,10344.8188,0.0044,0.0046,0.0051
milky,0,,286.8646,-24.0362,-0.8740,0.4856,0.0173,0.0000,0.0000,0.0000,14743.3376,0.0062,0.0066,0.0073
milky,0,,348.1596,56.3898,-0.1136,-0.4348,0.8933,0.0000,0.0000,0.0000,15218.1110,0.0047,0.0050,0.0056
milky,0,,283.7826,2.7618,-0.9701,0.0813,0.2288,0.0000,0.0000,0.0000,14821.7973,0.0035,0.0037,0.0041
milky,0,,92.5104,32.5432,0.8422,-0.4801,0.2454,0.0000,0.0000,0.0000,12942.0776,0.0035,0.0037,0.0041
milky,0,,99.6002,5.3055,0.9818,-0.1648,-0.0947,0.0000,0.0000,0.0000,9035.3101,0.0033,0.0035,0.0039
milky,0,,263.2848,-50.7468,-0.6284,0.6256,-0.4622,0.0000,0.0000,0.0000,11163.2094,0.0064,0.0068,0.0075
milky,0,,291.0655,5.6820,-0.9286,0.0993,0.3576,0.0000,0.0000,0.0000,11692.1072,0.0113,0.0120,0.0133
milky,0,,268.9503,-20.8950,-0.9341,0.2969,-0.1984,0.0000,0.0000,0.0000,9550.1099,0.0081,0.0086,0.0095
milky,0,,184.4253,-71.1879,-0.0249,0.6458,-0.7631,0.0000,0.0000,0.0000,15700.9887,0.0063,0.0067,0.0074
milky,0,,271.2052,-8.1827,-0.9896,0.1327,-0.0555,0.0000,0.0000,0.0000,12007.7459,0.0050,0.0052,0.0058
milky,0,,168.6702,-61.2200,0.0946,0.5082,-0.8561,0.0000,0.0000,0.0000,10169.8302,0.0066,0.0069,0.0077
milky,0,,251.4580,-26.2746,-0.8501,0.2326,-0.4724,0.0000,0.0000,0.0000,10162.4711,0.0069,0.0073,0.0081
milky,0,,120.0100,-38.1967,0.6805,0.3276,-0.6554,0.0000,0.0000,0.0000,10802.3726,0.0048,0.0051,0.0056
milky,0,,121.7062,-32.1510,0.7203,0.2270,-0.6555,0.0000,0.0000,0.0000,11989.6680,0.0047,0.0049,0.0055
milky,0,,247.2957,-40.3069,-0.7035,0.4029,-0.5855,0.0000,0.0000,0.0000,9359.3460,0.0058,0.0061,0.0068
milky,0,,256.0723,-31.6009,-0.8267,0.3436,-0.4456,0.0000,0.0000,0.0000,15039.8656,0.0062,0.0065,0.0073
milky,0,,232.8441,-56.1858,-0.4435,0.5391,-0.7160,0.0000,0.0000,0.0000,11998.6037,0.0119,0.0126,0.0140
milky,0,,294.3236,14.6368,-0.8817,-0.0113,0.4717,0.0000,0.0000,0.0000,14599.4506,0.0071,0.0075,0.0084
milky,0,,156.2522,-60.1601,0.2004,0.5090,-0.8371,0.0000,0.0000,0.0000,15855.1060,0.0050,0.0053,0.0059
milky,0,,271.0783,-18.4710,-0.9483,0.2808,-0.1479,0.0000,0.0000,0.0000,11046.7972,0.0021,0.0022,0.0024
milky,0,,285.3413,8.1661,-0.9546,0.0131,0.2976,0.0000,0.0000,0.0000,14177.6637,0.0034,0.0036,0.0040
milky,0,,195.6539,-60.9307,-0.1311,0.5082,-0.8512,0.0000,0.0000,0.0000,15456.6363,0.0058,0.0062,0.0069
milky,0,,94.2507,15.7960,0.9596,-0.2701,0.0791,0.0000,0.0000,0.0000,10208.5097,0.0023,0.0024,0.0027
milky,0,,210.8105,-60.0469,-0.2557,0.5218,-0.8138,0.0000,0.0000,0.0000,15540.5292,0.0068,0.0071,0.0079
milky,0,,102.2192,-7.4063,0.9692,0.0024,-0.2463,0.0000,0.0000,0.0000,13461.6224,0.0060,0.0063,0.0070
milky,0,,274.9871,-32.8796,-0.8366,0.5029,-0.2170,0.0000,0.0000,0.0000,10816.3809,0.0089,0.0094,0.0105
milky,0,,248.1744,-47.6376,-0.6255,0.5043,-0.5953,0.0000,0.0000,0.0000,15563.2700,0.0085,0.0090,0.0100
milky,0,,119.2847,-22.8963,0.8035,0.1014,-0.5866,0.0000,0.0000,0.0000,12788.4456,0.0035,0.0037,0.0041
milky,0,,108.8168,-18.5311,0.8975,0.1149,-0.4258,0.0000,0.0000,0.0000,15909.2727,0.0040,0.0043,0.0047
milky,0,,124.9352,-40.4871,0.6235,0.3322,-0.7077,0.0000,0.0000,0.0000,15029.8827,0.0043,0.0046,0.0051
milky,0,,204.8800,-63.8569,-0.1854,0.5636,-0.8050,0.0000,0.0000,0.0000,15183.3306,0.0059,0.0063,0.0070
milky,0,,279.4614,-18.4050,-0.9359,0.3510,-0.0289,0.0000,0.0000,0.0000,14988.3830,0.0055,0.0058,0.0064
milky,0,,239.0769,-49.1842,-0.5607,0.4757,-0.6777,0.0000,0.0000,0.0000,10057.7330,0.0114,0.0120,0.0134
milky,0,,269.3829,-16.8454,-0.9570,0.2431,-0.1581,0.0000,0.0000,0.0000,12672.3825,0.0066,0.0070,0.0078
milky,0,,188.5932,-57.5357,-0.0802,0.4499,-0.8895,0.0000,0.0000,0.0000,11403.1870,0.0062,0.0066,0.0073
milky,0,,261.2714,-30.9932,-0.8473,0.3744,-0.3767,0.0000,0.0000,0.0000,12107.8202,0.0075,0.0079,0.0088
milky,0,,93.5253,17.8351,0.9501,-0.2927,0.1076,0.0000,0.0000,0.0000,9686.6117,0.0025,0.0027,0.0030
milky,0,,291.6483,13.4440,-0.9040,-0.0145,0.4273,0.0000,0.0000,0.0000,9774.6989,0.0025,0.0026,0.0029
milky,0,,139.2916,-49.0769,0.4272,0.3919,-0.8148,0.0000,0.0000,0.0000,11357.5519,0.0015,0.0016,0.0017
milky,0,,352.3251,62.2457,-0.0622,-0.5209,0.8514,0.0000,0.0000,0.0000,13980.7987,0.0049,0.0052,0.0057
milky,0,,174.8777,-62.1283,0.0417,0.5179,-0.8544,0.0000,0.0000,0.0000,12724.1873,0.0068,0.0072,0.0080
milky,0,,292.2477,13.7251,-0.8991,-0.0139,0.4375,0.0000,0.0000,0.0000,9802.1389,0.0024,0.0025,0.0028
milky,0,,293.3419,19.0897,-0.8677,-0.0875,0.4894,0.0000,0.0000,0.0000,11189.2552,0.0018,0.0019,0.0021
milky,0,,292.8760,19.0271,-0.8710,-0.0902,0.4829,0.0000,0.0000,0.0000,13836.7096,0.0018,0.0019,0.0021
milky,0,,127.2738,-33.1884,0.6659,0.2082,-0.7164,0.0000,0.0000,0.0000,14795.9034,0.0048,0.0051,0.0057
milky,0,,209.9579,-67.6309,-0.1900,0.6228,-0.7589,0.0000,0.0000,0.0000,12047.4510,0.0061,0.0065,0.0072
milky,0,,279.2323,7.6295,-0.9783,-0.0319,0.2047,0.0000,0.0000,0.0000,9141.2783,0.0118,0.0125,0.0139
milky,0,,327.5262,46.7089,-0.3682,-0.3260,0.8707,0.0000,0.0000,0.0000,15895.4679,0.0014,0.0015,0.0017
milky,0,,259.4798,-31.6638,-0.8368,0.3699,-0.4036,0.0000,0.0000,0.0000,14077.1584,0.0069,0.0073,0.0081
milky,0,,153.9941,-48.1444,0.2926,0.3296,-0.8977,0.0000,0.0000,0.0000,10644.6472,0.0023,0.0024,0.0027
milky,0,,85.2287,29.3601,0.8685,-0.3829,0.3147,0.0000,0.0000,0.0000,11090.3922,0.0035,0.0037,0.0041
milky,0,,224.9650,-52.8593,-0.4267,0.4633,-0.7767,0.0000,0.0000,0.0000,12409.7043,0.0112,0.0119,0.0132
milky,0,,78.7181,36.9163,0.7841,-0.4343,0.4434,0.0000,0.0000,0.0000,15209.8679,0.0021,0.0022,0.0025
milky,0,,50.6670,49.1232,0.5062,-0.4345,0.7450,0.0000,0.0000,0.0000,9485.0399,0.0059,0.0062,0.0069
milky,0,,25.4212,68.3552,0.1583,-0.6251,0.7643,0.0000,0.0000,0.0000,10847.7527,0.0035,0.0037,0.0041
milky,0,,138.0529,-48.7493,0.4407,0.3919,-0.8076,0.0000,0.0000,0.0000,14015.7367,0.0015,0.0016,0.0018
milky,0,,158.5517,-51.7522,0.2264,0.3764,-0.8984,0.0000,0.0000,0.0000,13874.5501,0.0038,0.0040,0.0044
milky,0,,306.2783,37.4392,-0.6401,-0.2791,0.7158,0.0000,0.0000,0.0000,10181.9787,0.0056,0.0059,0.0065
milky,0,,86.7672,28.1719,0.8801,-0.3791,0.2858,0.0000,0.0000,0.0000,9862.8015,0.0036,0.0038,0.0043
milky,0,,122.7507,-29.8865,0.7292,0.1855,-0.6587,0.0000,0.0000,0.0000,11397.3282,0.0045,0.0048,0.0053
milky,0,,273.8080,-2.0942,-0.9971,0.0655,0.0381,0.0000,0.0000,0.0000,9215.4860,0.0074,0.0079,0.0087
milky,0,,300.0894,23.9213,-0.7909,-0.1115,0.6017,0.0000,0.0000,0.0000,15510.0941,0.0054,0.0057,0.0063
milky,0,,283.1921,-18.8728,-0.9213,0.3885,0.0185,0.0000,0.0000,0.0000,14129.0517,0.0052,0.0055,0.0061
milky,0,,105.9248,6.7669,0.9549,-0.2413,-0.1729,0.0000,0.0000,0.0000,10196.2520,0.0037,0.0040,0.0044
milky,0,,280.4364,10.3160,-0.9676,-0.0617,0.2450,0.0000,0.0000,0.0000,9981.0885,0.0115,0.0122,0.0135
milky,0,,249.7680,-37.9181,-0.7402,0.3862,-0.5504,0.0000,0.0000,0.0000,12999.9175,0.0048,0.0051,0.0057
milky,0,,261.9825,-35.1744,-0.8094,0.4351,-0.3944,0.0000,0.0000,0.0000,14189.3674,0.0062,0.0065,0.0072
milky,0,,60.3111,51.8582,0.5365,-0.5166,0.6673,0.0000,0.0000,0.0000,14347.6767,0.0054,0.0058,0.0064
milky,0,,40.6302,55.3587,0.3702,-0.4830,0.7935,0.0000,0.0000,0.0000,10401.4772,0.0051,0.0054,0.0060
milky,0,,282.1665,-1.4937,-0.9772,0.1309,0.1672,0.0000,0.0000,0.0000,15599.0144,0.0030,0.0031,0.0035
milky,0,,132.2174,-37.5772,0.5870,0.2484,-0.7706,0.0000,0.0000,0.0000,9507.7983,0.0041,0.0043,0.0048
milky,0,,288.9757,-5.8950,-0.9407,0.2546,0.2244,0.0000,0.0000,0.0000,14027.1886,0.0094,0.0100,0.0111
milky,0,,111.4646,-13.5252,0.9048,0.0172,-0.4254,0.0000,0.0000,0.0000,10960.5058,0.0047,0.0050,0.0055
milky,0,,72.9693,48.3687,0.6352,-0.5405,0.5517,0.0000,0.0000,0.0000,11708.7210,0.0033,0.0034,0.0038
milky,0,,119.1865,-24.1522,0.7966,0.1215,-0.5921,0.0000,0.0000,0.0000,13280.5821,0.0036,0.0038,0.0043
milky,0,,111.6583,-4.2656,0.9268,-0.1258,-0.3538,0.0000,0.0000,0.0000,12535.5037,0.0060,0.0063,0.0070
milky,0,,331.1278,43.3387,-0.3512,-0.2603,0.8994,0.0000,0.0000,0.0000,15901.9962,0.0014,0.0015,0.0017
milky,0,,193.7024,-68.5265,-0.0867,0.6145,-0.7841,0.0000,0.0000,0.0000,14413.7300,0.0059,0.0063,0.0070
milky,0,,248.5300,-43.2417,-0.6779,0.4499,-0.5814,0.0000,0.0000,0.0000,12440.5919,0.0065,0.0069,0.0076
milky,0,,257.2384,-36.4817,-0.7842,0.4182,-0.4585,0.0000,0.0000,0.0000,15879.0283,0.0050,0.0053,0.0059
milky,0,,159.2899,-57.4560,0.1902,0.4634,-0.8655,0.0000,0.0000,0.0000,10931.8859,0.0050,0.0053,0.0059
milky,0,,67.8956,42.8220,0.6796,-0.4405,0.5867,0.0000,0.0000,0.0000,13643.2763,0.0028,0.0029,0.0033
milky,0,,277.6792,-7.1452,-0.9833,0.1749,0.0496,0.0000,0.0000,0.0000,14691.9455,0.0018,0.0019,0.0021
milky,0,,257.8791,-27.3927,-0.8681,0.2984,-0.3968,0.0000,0.0000,0.0000,14469.9473,0.0080,0.0085,0.0094
milky,0,,145.1213,-56.5134,0.3155,0.4818,-0.8175,0.0000,0.0000,0.0000,10869.2935,0.0025,0.0026,0.0029
milky,0,,283.9067,-1.9924,-0.9701,0.1535,0.1880,0.0000,0.0000,0.0000,9110.7936,0.0030,0.0032,0.0035
milky,0,,135.8922,-45.9591,0.4838,0.3591,-0.7981,0.0000,0.0000,0.0000,9939.6768,0.0020,0.0021,0.0024
milky,0,,234.9325,-59.0556,-0.4209,0.5830,-0.6950,0.0000,0.0000,0.0000,12203.1611,0.0117,0.0124,0.0138
milky,0,,161.8049,-59.6070,0.1580,0.4918,-0.8562,0.0000,0.0000,0.0000,9146.8356,0.0057,0.0060,0.0067
milky,0,,271.2265,-12.2625,-0.9770,0.1928,-0.0915,0.0000,0.0000,0.0000,12384.1743,0.0051,0.0053,0.0059
milky,0,,272.2496,-25.7722,-0.8998,0.3909,-0.1936,0.0000,0.0000,0.0000,13517.2293,0.0089,0.0094,0.0105
milky,0,,265.3054,-39.1558,-0.7728,0.5086,-0.3796,0.0000,0.0000,0.0000,15586.2748,0.0054,0.0058,0.0064
milky,0,,282.4135,-9.6063,-0.9629,0.2522,0.0957,0.0000,0.0000,0.0000,9490.2368,0.0061,0.0064,0.0071
milky,0,,356.2536,64.1195,-0.0285,-0.5469,0.8367,0.0000,0.0000,0.0000,14574.7212,0.0047,0.0050,0.0056
milky,0,,144.6734,-57.4637,0.3110,0.4966,-0.8103,0.0000,0.0000,0.0000,11380.9169,0.0026,0.0028,0.0031
milky,0,,178.9696,-68.7966,0.0065,0.6129,-0.7901,0.0000,0.0000,0.0000,14416.1851,0.0066,0.0070,0.0077
milky,0,,169.8686,-65.5782,0.0727,0.5709,-0.8178,0.0000,0.0000,0.0000,9336.5782,0.0067,0.0071,0.0079
milky,0,,278.1455,-11.6442,-0.9695,0.2445,0.0150,0.0000,0.0000,0.0000,9666.5986,0.0015,0.0016,0.0018
milky,0,,105.9801,-11.4781,0.9421,0.0316,-0.3338,0.0000,0.0000,0.0000,9059.3895,0.0056,0.0059,0.0065
milky,0,,77.8804,51.0529,0.6146,-0.5987,0.5137,0.0000,0.0000,0.0000,10022.4753,0.0033,0.0035,0.0039
milky,0,,279.8548,-22.2716,-0.9117,0.4064,-0.0594,0.0000,0.0000,0.0000,10256.6453,0.0067,0.0071,0.0078
milky,0,,297.3279,36.0863,-0.7179,-0.3138,0.6214,0.0000,0.0000,0.0000,13631.8047,0.0062,0.0065,0.0073
milky,0,,300.3591,27.1482,-0.7678,-0.1595,0.6205,0.0000,0.0000,0.0000,10931.7370,0.0057,0.0060,0.0067
milky,0,,264.4590,-10.3240,-0.9792,0.1047,-0.1737,0.0000,0.0000,0.0000,9824.4714,0.0054,0.0058,0.0064
milky,0,,288.6623,-30.9219,-0.8128,0.5819,-0.0294,0.0000,0.0000,0.0000,15412.5514,0.0085,0.0090,0.0100
milky,0,,254.5660,-39.9823,-0.7386,0.4457,-0.5057,0.0000,0.0000,0.0000,14590.1266,0.0047,0.0050,0.0055
milky,0,,230.1292,-49.0768,-0.5027,0.4314,-0.7491,0.0000,0.0000,0.0000,15919.3027,0.0123,0.0130,0.0144
milky,0,,286.5512,-3.7390,-0.9565,0.2023,0.2101,0.0000,0.0000,0.0000,15893.9764,0.0098,0.0104,0.0116
milky,0,,213.5180,-63.9870,-0.2422,0.5820,-0.7763,0.0000,0.0000,0.0000,14694.5691,0.0068,0.0072,0.0080
milky,0,,78.7036,26.4644,0.8779,-0.2917,0.3798,0.0000,0.0000,0.0000,9761.4069,0.0034,0.0036,0.0040
milky,0,,299.4673,20.3101,-0.8165,-0.0599,0.5742,0.0000,0.0000,0.0000,10025.6057,0.0053,0.0056,0.0062
milky,0,,259.5618,-37.6687,-0.7785,0.4499,-0.4377,0.0000,0.0000,0.0000,13797.8758,0.0051,0.0054,0.0060
milky,0,,195.1173,-56.8444,-0.1426,0.4457,-0.8838,0.0000,0.0000,0.0000,9804.4430,0.0059,0.0062,0.0069
milky,0,,60.7396,52.0101,0.5370,-0.5206,0.6638,0.0000,0.0000,0.0000,11735.6832,0.0054,0.0057,0.0064
milky,0,,91.0045,11.0006,0.9815,-0.1724,0.0835,0.0000,0.0000,0.0000,13824.2496,0.0021,0.0022,0.0024
milky,0,,281.1380,3.8560,-0.9789,0.0416,0.1998,0.0000,0.0000,0.0000,14265.0337,0.0115,0.0122,0.0135
milky,0,,285.7275,14.4387,-0.9322,-0.0785,0.3534,0.0000,0.0000,0.0000,14118.3934,0.0091,0.0096,0.0107
milky,0,,276.7390,-23.1404,-0.9132,0.3924,-0.1099,0.0000,0.0000,0.0000,15266.3147,0.0075,0.0080,0.0089
milky,0,,267.9066,1.5173,-0.9990,-0.0415,-0.0177,0.0000,0.0000,0.0000,10160.2026,0.0077,0.0081,0.0090
milky,0,,95.3899,7.4089,0.9873,-0.1585,-0.0134,0.0000,0.0000,0.0000,11882.3747,0.0024,0.0026,0.0029
milky,0,,58.8875,55.8777,0.4803,-0.5603,0.6748,0.0000,0.0000,0.0000,12092.0689,0.0059,0.0062,0.0069
milky,0,,35.1149,56.4025,0.3183,-0.4808,0.8170,0.0000,0.0000,0.0000,11895.9883,0.0044,0.0047,0.0052
milky,0,,299.9616,38.7348,-0.6758,-0.3357,0.6562,0.0000,0.0000,0.0000,14884.3651,0.0059,0.0062,0.0069
milky,0,,88.2988,22.4950,0.9235,-0.3138,0.2206,0.0000,0.0000,0.0000,14158.4363,0.0035,0.0037,0.0041
milky,0,,265.3144,-30.4870,-0.8589,0.3986,-0.3216,0.0000,0.0000,0.0000,9993.5259,0.0084,0.0089,0.0099
milky,0,,263.8554,-37.7727,-0.7859,0.4815,-0.3880,0.0000,0.0000,0.0000,13742.3309,0.0056,0.0060,0.0066
milky,0,,278.5626,-37.4407,-0.7851,0.5820,-0.2118,0.0000,0.0000,0.0000,9602.4011,0.0081,0.0085,0.0095
milky,0,,127.7037,-40.6618,0.6002,0.3196,-0.7333,0.0000,0.0000,0.0000,12032.8014,0.0040,0.0043,0.0047
milky,0,,80.7714,34.7267,0.8112,-0.4204,0.4064,0.0000,0.0000,0.0000,13232.3694,0.0025,0.0026,0.0029
milky,0,,297.8972,31.7895,-0.7512,-0.2467,0.6122,0.0000,0.0000,0.0000,12165.2506,0.0060,0.0064,0.0071
milky,0,,242.0417,-39.5111,-0.6815,0.3591,-0.6377,0.0000,0.0000,0.0000,15661.6853,0.0069,0.0073,0.0081
milky,0,,340.8720,61.3389,-0.1572,-0.5188,0.8404,0.0000,0.0000,0.0000,14387.9702,0.0045,0.0048,0.0053
milky,0,,115.9945,-22.8017,0.8286,0.1241,-0.5459,0.0000,0.0000,0.0000,12111.5495,0.0034,0.0036,0.0040
milky,0,,266.1965,-13.8576,-0.9688,0.1721,-0.1786,0.0000,0.0000,0.0000,10122.4103,0.0062,0.0066,0.0073
milky,0,,287.9635,11.4983,-0.9322,-0.0152,0.3617,0.0000,0.0000,0.0000,12960.6029,0.0030,0.0031,0.0035
milky,0,,307.7163,35.2027,-0.6464,-0.2367,0.7254,0.0000,0.0000,0.0000,14477.4334,0.0058,0.0061,0.0068
milky,0,,104.2827,0.3896,0.9691,-0.1329,-0.2080,0.0000,0.0000,0.0000,9430.1647,0.0051,0.0054,0.0060
milky,0,,129.8591,-43.7949,0.5541,0.3550,-0.7530,0.0000,0.0000,0.0000,12964.2565,0.0031,0.0033,0.0037
milky,0,,257.7101,-19.0955,-0.9233,0.1768,-0.3409,0.0000,0.0000,0.0000,15326.5029,0.0091,0.0097,0.0107
milky,0,,211.6394,-59.9499,-0.2627,0.5224,-0.8112,0.0000,0.0000,0.0000,12970.1019,0.0069,0.0073,0.0081
milky,0,,287.2114,19.1085,-0.9026,-0.1366,0.4083,0.0000,0.0000,0.0000,9484.6202,0.0068,0.0072,0.0080
milky,0,,229.5670,-60.0994,-0.3794,0.5766,-0.7236,0.0000,0.0000,0.0000,13591.6162,0.0106,0.0113,0.0125
milky,0,,172.8624,-59.7802,0.0625,0.4835,-0.8731,0.0000,0.0000,0.0000,12702.3393,0.0067,0.0071,0.0079
milky,0,,170.7596,-58.6555,0.0835,0.4676,-0.8800,0.0000,0.0000,0.0000,14722.7209,0.0066,0.0070,0.0077
milky,0,,266.5463,-43.0906,-0.7289,0.5629,-0.3896,0.0000,0.0000,0.0000,14981.0288,0.0047,0.0050,0.0056
milky,0,,135.0454,-55.6005,0.3992,0.5014,-0.7677,0.0000,0.0000,0.0000,12333.9489,0.0015,0.0016,0.0018
milky,0,,290.7629,8.0296,-0.9259,0.0611,0.3728,0.0000,0.0000,0.0000,11700.2970,0.0106,0.0113,0.0125
milky,0,,123.0542,-35.6050,0.6815,0.2706,-0.6800,0.0000,0.0000,0.0000,12805.1601,0.0048,0.0051,0.0057
milky,0,,275.9998,-19.9940,-0.9346,0.3437,-0.0919,0.0000,0.0000,0.0000,12359.8799,0.0065,0.0069,0.0076
milky,0,,257.7503,-28.7302,-0.8569,0.3162,-0.4070,0.0000,0.0000,0.0000,13556.8857,0.0076,0.0080,0.0089
milky,0,,283.4376,-4.2870,-0.9699,0.1834,0.1601,0.0000,0.0000,0.0000,9167.3297,0.0026,0.0028,0.0031
milky,0,,316.1732,41.8308,-0.5160,-0.2948,0.8043,0.0000,0.0000,0.0000,15995.9288,0.0030,0.0031,0.0035
milky,0,,185.1773,-66.8635,-0.0355,0.5867,-0.8090,0.0000,0.0000,0.0000,10449.2799,0.0063,0.0067,0.0075
milky,0,,346.2028,59.5422,-0.1209,-0.4853,0.8659,0.0000,0.0000,0.0000,12856.7413,0.0047,0.0050,0.0056
milky,0,,278.7328,-7.9830,-0.9788,0.1965,0.0574,0.0000,0.0000,0.0000,14414.7702,0.0018,0.0019,0.0021
milky,0,,134.1807,-49.1134,0.4694,0.4131,-0.7804,0.0000,0.0000,0.0000,11585.4621,0.0017,0.0018,0.0020
milky,0,,274.4092,-18.6080,-0.9449,0.3110,-0.1019,0.0000,0.0000,0.0000,11769.7173,0.0019,0.0020,0.0022
milky,0,,103.3702,-1.8585,0.9724,-0.0912,-0.2148,0.0000,0.0000,0.0000,9811.0547,0.0055,0.0058,0.0064
milky,0,,284.2402,-2.8059,-0.9681,0.1685,0.1854,0.0000,0.0000,0.0000,15013.2287,0.0097,0.0103,0.0115
milky,0,,257.1917,-34.9136,-0.7996,0.3970,-0.4506,0.0000,0.0000,0.0000,11806.7266,0.0054,0.0057,0.0063
milky,0,,294.9271,12.0411,-0.8869,0.0335,0.4608,0.0000,0.0000,0.0000,12264.3343,0.0080,0.0085,0.0095
milky,0,,263.5598,-28.5217,-0.8731,0.3585,-0.3304,0.0000,0.0000,0.0000,11995.0243,0.0086,0.0091,0.0102
milky,0,,117.8813,-23.6987,0.8094,0.1240,-0.5741,0.0000,0.0000,0.0000,13813.5549,0.0035,0.0037,0.0041
milky,0,,322.8384,50.0540,-0.3878,-0.3936,0.8335,0.0000,0.0000,0.0000,13607.3967,0.0014,0.0015,0.0017
milky,0,,259.7422,-16.3800,-0.9441,0.1537,-0.2917,0.0000,0.0000,0.0000,13338.6562,0.0084,0.0089,0.0098
milky,0,,311.2782,31.9057,-0.6380,-0.1646,0.7523,0.0000,0.0000,0.0000,10571.5616,0.0059,0.0063,0.0070
milky,0,,94.9642,-1.4663,0.9959,-0.0226,-0.0873,0.0000,0.0000,0.0000,12040.1524,0.0044,0.0047,0.0052
milky,0,,290.1780,9.4633,-0.9259,0.0343,0.3763,0.0000,0.0000,0.0000,12620.7426,0.0031,0.0032,0.0036
milky,0,,254.1438,-48.1219,-0.6421,0.5443,-0.5398,0.0000,0.0000,0.0000,13457.9536,0.0071,0.0075,0.0084
milky,0,,283.4189,-14.5822,-0.9414,0.3315,0.0628,0.0000,0.0000,0.0000,13660.0187,0.0049,0.0052,0.0058
milky,0,,259.6912,-20.0616,-0.9242,0.2075,-0.3208,0.0000,0.0000,0.0000,11676.1874,0.0091,0.0096,0.0107
milky,0,,232.1046,-58.5386,-0.4119,0.5660,-0.7141,0.0000,0.0000,0.0000,13458.4445,0.0114,0.0121,0.0134
milky,0,,277.1214,-4.1322,-0.9897,0.1255,0.0689,0.0000,0.0000,0.0000,15780.3509,0.0073,0.0077,0.0086
milky,0,,140.6661,-51.5216,0.3944,0.4232,-0.8157,0.0000,0.0000,0.0000,14960.7043,0.0015,0.0016,0.0017
milky,0,,239.7950,-43.7682,-0.6241,0.4058,-0.6677,0.0000,0.0000,0.0000,11751.9342,0.0094,0.0099,0.0110
milky,0,,22.9960,65.3825,0.1627,-0.5818,0.7969,0.0000,0.0000,0.0000,13201.7521,0.0035,0.0037,0.0041
milky,0,,276.5086,-24.6128,-0.9033,0.4101,-0.1262,0.0000,0.0000,0.0000,10637.1509,0.0081,0.0086,0.0095
milky,0,,98.0901,11.4446,0.9704,-0.2411,-0.0160,0.0000,0.0000,0.0000,14609.0200,0.0021,0.0023,0.0025
milky,0,,50.9825,54.7307,0.4486,-0.5126,0.7321,0.0000,0.0000,0.0000,9449.4645,0.0059,0.0062,0.0069
milky,0,,275.7299,-15.7275,-0.9578,0.2818,-0.0572,0.0000,0.0000,0.0000,10825.6687,0.0016,0.0017,0.0019
milky,0,,260.6133,-26.3651,-0.8840,0.3054,-0.3540,0.0000,0.0000,0.0000,15614.9809,0.0087,0.0093,0.0103
milky,0,,286.9879,16.1257,-0.9187,-0.0935,0.3836,0.0000,0.0000,0.0000,13695.4068,0.0081,0.0085,0.0095
milky,0,,115.5032,-14.5140,0.8738,0.0001,-0.4864,0.0000,0.0000,0.0000,14696.0910,0.0041,0.0043,0.0048
milky,0,,305.2521,33.0804,-0.6843,-0.2188,0.6957,0.0000,0.0000,0.0000,10611.9127,0.0061,0.0065,0.0072
milky,0,,116.5564,-30.6134,0.7698,0.2383,-0.5921,0.0000,0.0000,0.0000,11107.1000,0.0042,0.0044,0.0049
milky,0,,286.7961,11.9160,-0.9367,-0.0314,0.3487,0.0000,0.0000,0.0000,14225.9267,0.0030,0.0032,0.0035
milky,0,,272.8794,-43.7297,-0.7217,0.6112,-0.3249,0.0000,0.0000,0.0000,12275.7536,0.0051,0.0054,0.0060
milky,0,,245.4563,-24.1245,-0.8302,0.1551,-0.5355,0.0000,0.0000,0.0000,14651.0309,0.0061,0.0064,0.0072
milky,0,,103.7521,-1.9478,0.9708,-0.0932,-0.2212,0.0000,0.0000,0.0000,12910.6546,0.0055,0.0059,0.0065
milky,0,,280.3652,-3.2182,-0.9821,0.1406,0.1251,0.0000,0.0000,0.0000,10206.3773,0.0026,0.0027,0.0030
milky,0,,282.8846,-6.4885,-0.9686,0.2110,0.1317,0.0000,0.0000,0.0000,12096.4070,0.0076,0.0080,0.0089
milky,0,,259.0948,-43.4951,-0.7123,0.5193,-0.4721,0.0000,0.0000,0.0000,9134.2716,0.0048,0.0051,0.0057
milky,0,,285.2046,-8.0708,-0.9554,0.2541,0.1503,0.0000,0.0000,0.0000,9731.0076,0.0074,0.0078,0.0087
milky,0,,210.3978,-62.6114,-0.2328,0.5567,-0.7974,0.0000,0.0000,0.0000,12284.4100,0.0065,0.0069,0.0076
milky,0,,270.8821,-22.6429,-0.9228,0.3373,-0.1861,0.0000,0.0000,0.0000,13649.4119,0.0083,0.0088,0.0098
milky,0,,347.5294,55.5158,-0.1223,-0.4218,0.8984,0.0000,0.0000,0.0000,13069.0560,0.0046,0.0049,0.0055
milky,0,,265.9611,-35.3069,-0.8140,0.4658,-0.3469,0.0000,0.0000,0.0000,14728.2060,0.0069,0.0073,0.0081
milky,0,,234.3484,-49.3704,-0.5291,0.4551,-0.7162,0.0000,0.0000,0.0000,10804.4362,0.0121,0.0128,0.0142
milky,0,,198.7787,-65.2994,-0.1345,0.5750,-0.8070,0.0000,0.0000,0.0000,9592.2051,0.0058,0.0061,0.0068
milky,0,,284.7568,0.9216,-0.9669,0.1174,0.2266,0.0000,0.0000,0.0000,14670.2036,0.0034,0.0036,0.0040
milky,0,,121.6344,-35.1919,0.6958,0.2732,-0.6642,0.0000,0.0000,0.0000,14939.2297,0.0048,0.0051,0.0056
milky,0,,243.7874,-49.4021,-0.5838,0.5028,-0.6374,0.0000,0.0000,0.0000,10969.6043,0.0104,0.0110,0.0122
milky,0,,265.6897,-21.6869,-0.9266,0.2808,-0.2502,0.0000,0.0000,0.0000,13664.8207,0.0088,0.0093,0.0103
milky,0,,115.4504,-23.3369,0.8291,0.1363,-0.5422,0.0000,0.0000,0.0000,13497.7028,0.0034,0.0036,0.0041
milky,0,,276.8137,-27.2258,-0.8829,0.4465,-0.1452,0.0000,0.0000,0.0000,12360.5705,0.0088,0.0093,0.0103
milky,0,,281.9313,1.9233,-0.9778,0.0777,0.1944,0.0000,0.0000,0.0000,12342.9076,0.0033,0.0035,0.0039
milky,0,,129.4493,-37.2577,0.6146,0.2585,-0.7453,0.0000,0.0000,0.0000,9715.6629,0.0044,0.0047,0.0052
milky,0,,103.6886,-8.3477,0.9613,0.0039,-0.2755,0.0000,0.0000,0.0000,10449.8678,0.0060,0.0063,0.0070
milky,0,,253.7621,-34.7546,-0.7888,0.3703,-0.4905,0.0000,0.0000,0.0000,12610.4275,0.0049,0.0052,0.0058
milky,0,,251.0838,-33.6716,-0.7873,0.3363,-0.5168,0.0000,0.0000,0.0000,10066.5380,0.0048,0.0051,0.0057
milky,0,,106.1572,8.4150,0.9502,-0.2672,-0.1606,0.0000,0.0000,0.0000,9414.3240,0.0033,0.0035,0.0039
milky,0,,263.9334,-16.3816,-0.9540,0.1895,-0.2322,0.0000,0.0000,0.0000,12738.5757,0.0076,0.0080,0.0089
milky,0,,89.7327,24.5590,0.9095,-0.3541,0.2177,0.0000,0.0000,0.0000,10855.5881,0.0036,0.0038,0.0042
milky,0,,96.3743,21.2229,0.9264,-0.3636,0.0977,0.0000,0.0000,0.0000,15935.1459,0.0028,0.0030,0.0033
milky,0,,1.3256,63.8763,0.0102,-0.5429,0.8397,0.0000,0.0000,0.0000,15680.7679,0.0045,0.0048,0.0053
milky,0,,137.2985,-42.5446,0.4996,0.3007,-0.8124,0.0000,0.0000,0.0000,14364.4610,0.0025,0.0026,0.0029
milky,0,,105.0679,-24.6462,0.8777,0.2358,-0.4173,0.0000,0.0000,0.0000,11552.5052,0.0035,0.0037,0.0041
milky,0,,283.8157,3.3811,-0.9694,0.0722,0.2347,0.0000,0.0000,0.0000,11785.7063,0.0035,0.0037,0.0041
milky,0,,265.2890,-16.0989,-0.9575,0.1970,-0.2105,0.0000,0.0000,0.0000,9741.8641,0.0072,0.0076,0.0084
milky,0,,171.1634,-62.0125,0.0721,0.5181,-0.8523,0.0000,0.0000,0.0000,9101.6555,0.0067,0.0071,0.0079
milky,0,,291.9185,21.4446,-0.8635,-0.1344,0.4861,0.0000,0.0000,0.0000,11097.4612,0.0017,0.0018,0.0020
milky,0,,298.8709,39.7405,-0.6734,-0.3568,0.6475,0.0000,0.0000,0.0000,11430.9015,0.0058,0.0062,0.0068
milky,0,,112.5168,-10.6180,0.9079,-0.0359,-0.4175,0.0000,0.0000,0.0000,13959.9922,0.0051,0.0054,0.0060
milky,0,,285.5844,-1.6156,-0.9629,0.1625,0.2157,0.0000,0.0000,0.0000,9917.5504,0.0105,0.0112,0.0124
milky,0,,32.3821,62.4309,0.2479,-0.5585,0.7916,0.0000,0.0000,0.0000,12915.5023,0.0038,0.0041,0.0045
milky,0,,101.6915,-8.1270,0.9694,0.0179,-0.2448,0.0000,0.0000,0.0000,12100.0555,0.0060,0.0063,0.0071
milky,0,,284.7182,-7.4784,-0.9590,0.2413,0.1489,0.0000,0.0000,0.0000,15632.5217,0.0075,0.0080,0.0089
milky,0,,122.1046,-36.9277,0.6772,0.2962,-0.6736,0.0000,0.0000,0.0000,9236.0626,0.0048,0.0051,0.0056
milky,0,,282.1227,2.8867,-0.9765,0.0649,0.2057,0.0000,0.0000,0.0000,15889.8988,0.0034,0.0036,0.0040
milky,0,,281.0886,3.5811,-0.9794,0.0453,0.1967,0.0000,0.0000,0.0000,11844.5781,0.0114,0.0121,0.0135
milky,0,,272.8705,-17.2546,-0.9538,0.2789,-0.1118,0.0000,0.0000,0.0000,9093.1258,0.0018,0.0019,0.0022
milky,0,,301.9704,29.3529,-0.7394,-0.1825,0.6481,0.0000,0.0000,0.0000,9337.7032,0.0060,0.0063,0.0070
milky,0,,287.0327,-2.2667,-0.9554,0.1846,0.2305,0.0000,0.0000,0.0000,10259.5128,0.0106,0.0112,0.0124
milky,0,,288.8600,-1.9540,-0.9458,0.1956,0.2594,0.0000,0.0000,0.0000,9069.0986,0.0110,0.0117,0.0130
milky,0,,323.7203,50.8943,-0.3732,-0.4033,0.8355,0.0000,0.0000,0.0000,12356.9151,0.0015,0.0016,0.0017
milky,0,,213.0042,-64.0118,-0.2387,0.5812,-0.7779,0.0000,0.0000,0.0000,12864.7121,0.0067,0.0071,0.0079
milky,0,,259.9486,-45.4338,-0.6910,0.5476,-0.4719,0.0000,0.0000,0.0000,13248.8392,0.0051,0.0054,0.0060
milky,0,,50.0918,49.5145,0.4980,-0.4374,0.7488,0.0000,0.0000,0.0000,15890.2531,0.0059,0.0062,0.0069
milky,0,,323.2509,60.9831,-0.2902,-0.5494,0.7835,0.0000,0.0000,0.0000,13018.9448,0.0028,0.0030,0.0033
milky,0,,240.2818,-62.6753,-0.3987,0.6443,-0.6526,0.0000,0.0000,0.0000,11687.1070,0.0116,0.0123,0.0137
milky,0,,250.5609,-56.1356,-0.5255,0.6162,-0.5866,0.0000,0.0000,0.0000,11313.8927,0.0113,0.0120,0.0133
milky,0,,95.2255,5.7014,0.9909,-0.1318,-0.0265,0.0000,0.0000,0.0000,15485.4928,0.0027,0.0029,0.0032
milky,0,,317.3943,38.3479,-0.5309,-0.2345,0.8143,0.0000,0.0000,0.0000,12303.7699,0.0036,0.0039,0.0043
milky,0,,264.5226,-29.5309,-0.8661,0.3797,-0.3250,0.0000,0.0000,0.0000,12033.6567,0.0085,0.0090,0.0100
milky,0,,335.5399,59.8623,-0.2079,-0.5059,0.8372,0.0000,0.0000,0.0000,13098.3015,0.0039,0.0041,0.0046
milky,0,,246.2669,-50.2327,-0.5856,0.5263,-0.6166,0.0000,0.0000,0.0000,14683.7698,0.0101,0.0107,0.0119
milky,0,,341.5114,60.1184,-0.1580,-0.4999,0.8516,0.0000,0.0000,0.0000,14917.8892,0.0045,0.0048,0.0053
milky,0,,115.3378,-22.7079,0.8337,0.1276,-0.5372,0.0000,0.0000,0.0000,11613.5880,0.0034,0.0036,0.0040
milky,0,,179.5566,-64.2435,0.0034,0.5482,-0.8363,0.0000,0.0000,0.0000,14731.3859,0.0067,0.0070,0.0078
milky,0,,248.3494,-51.5497,-0.5780,0.5531,-0.6000,0.0000,0.0000,0.0000,11239.2140,0.0101,0.0107,0.0119
milky,0,,273.7585,-7.3986,-0.9895,0.1439,-0.0106,0.0000,0.0000,0.0000,13782.9213,0.0053,0.0057,0.0063
milky,0,,274.2509,-25.4463,-0.9005,0.4028,-0.1639,0.0000,0.0000,0.0000,9694.4323,0.0086,0.0091,0.0101
milky,0,,153.1989,-53.1624,0.2703,0.4104,-0.8709,0.0000,0.0000,0.0000,14837.2450,0.0030,0.0032,0.0036
milky,0,,147.3374,-43.7241,0.3900,0.2791,-0.8775,0.0000,0.0000,0.0000,11337.2485,0.0015,0.0015,0.0017
milky,0,,131.5341,-51.4075,0.4669,0.4569,-0.7571,0.0000,0.0000,0.0000,11118.8552,0.0016,0.0017,0.0019
milky,0,,167.0892,-59.2156,0.1144,0.4795,-0.8701,0.0000,0.0000,0.0000,14456.2772,0.0063,0.0067,0.0074
milky,0,,83.2584,31.0251,0.8510,-0.3900,0.3517,0.0000,0.0000,0.0000,10789.5056,0.0032,0.0033,0.0037
milky,0,,117.4637,-21.0837,0.8279,0.0867,-0.5541,0.0000,0.0000,0.0000,15597.1165,0.0034,0.0036,0.0040
milky,0,,303.0453,41.8604,-0.6243,-0.3628,0.6918,0.0000,0.0000,0.0000,13670.1310,0.0050,0.0053,0.0058
milky,0,,130.0298,-36.5944,0.6148,0.2450,-0.7497,0.0000,0.0000,0.0000,14169.7462,0.0044,0.0047,0.0052
milky,0,,233.7980,-51.4239,-0.5032,0.4804,-0.7183,0.0000,0.0000,0.0000,13081.4882,0.0123,0.0130,0.0144
milky,0,,63.2079,48.8503,0.5874,-0.4927,0.6421,0.0000,0.0000,0.0000,11858.7705,0.0046,0.0049,0.0055
milky,0,,263.4489,-11.9190,-0.9721,0.1195,-0.2021,0.0000,0.0000,0.0000,9861.8571,0.0061,0.0064,0.0072
milky,0,,257.3798,-25.1608,-0.8833,0.2626,-0.3885,0.0000,0.0000,0.0000,15006.2772,0.0085,0.0091,0.0101
milky,0,,290.8262,28.8156,-0.8189,-0.2527,0.5153,0.0000,0.0000,0.0000,13171.2679,0.0054,0.0057,0.0063
milky,0,,342.9487,60.4128,-0.1448,-0.5023,0.8525,0.0000,0.0000,0.0000,10695.0721,0.0046,0.0049,0.0054
milky,0,,294.8117,33.7739,-0.7545,-0.2969,0.5853,0.0000,0.0000,0.0000,9106.9972,0.0060,0.0064,0.0071
milky,0,,262.9284,-17.9420,-0.9441,0.2037,-0.2591,0.0000,0.0000,0.0000,10330.6540,0.0083,0.0087,0.0097
milky,0,,111.9170,-17.4020,0.8853,0.0729,-0.4593,0.0000,0.0000,0.0000,14515.0854,0.0039,0.0042,0.0046
milky,0,,116.3026,-28.8286,0.7854,0.2134,-0.5811,0.0000,0.0000,0.0000,10740.6921,0.0040,0.0042,0.0047
milky,0,,297.1935,30.4863,-0.7665,-0.2320,0.5989,0.0000,0.0000,0.0000,14005.4964,0.0058,0.0062,0.0069
milky,0,,321.4747,56.9123,-0.3400,-0.4982,0.7976,0.0000,0.0000,0.0000,15189.5367,0.0019,0.0021,0.0023
milky,0,,128.5623,-55.9352,0.4380,0.5302,-0.7260,0.0000,0.0000,0.0000,12719.6378,0.0014,0.0015,0.0017
milky,0,,255.7342,-40.2101,-0.7401,0.4565,-0.4938,0.0000,0.0000,0.0000,12670.4706,0.0047,0.0049,0.0055
milky,0,,283.9343,-14.3358,-0.9403,0.3324,0.0725,0.0000,0.0000,0.0000,10151.8266,0.0050,0.0053,0.0059
milky,0,,102.2880,-0.2848,0.9771,-0.1054,-0.1850,0.0000,0.0000,0.0000,9276.9157,0.0051,0.0054,0.0059
milky,0,,307.2408,39.2778,-0.6162,-0.3014,0.7276,0.0000,0.0000,0.0000,13348.2015,0.0051,0.0054,0.0060
milky,0,,251.5176,-38.6181,-0.7410,0.4074,-0.5338,0.0000,0.0000,0.0000,11461.5067,0.0048,0.0050,0.0056
milky,0,,325.2297,54.4656,-0.3314,-0.4516,0.8283,0.0000,0.0000,0.0000,9601.5885,0.0019,0.0020,0.0023
milky,0,,189.8311,-56.2377,-0.0949,0.4306,-0.8976,0.0000,0.0000,0.0000,10667.9905,0.0062,0.0065,0.0072
milky,0,,231.9578,-50.6810,-0.4990,0.4620,-0.7332,0.0000,0.0000,0.0000,14522.2078,0.0123,0.0130,0.0144
milky,0,,112.1729,-14.6986,0.8957,0.0295,-0.4436,0.0000,0.0000,0.0000,13082.4462,0.0044,0.0046,0.0052
milky,0,,252.8648,-30.0970,-0.8268,0.2986,-0.4768,0.0000,0.0000,0.0000,10308.3383,0.0060,0.0063,0.0070
milky,0,,275.7593,1.1760,-0.9947,0.0341,0.0966,0.0000,0.0000,0.0000,14850.4457,0.0096,0.0101,0.0113
milky,0,,288.1265,18.0051,-0.9038,-0.1126,0.4128,0.0000,0.0000,0.0000,13885.9479,0.0071,0.0075,0.0083
milky,0,,321.9262,55.6075,-0.3483,-0.4783,0.8062,0.0000,0.0000,0.0000,12202.4936,0.0018,0.0019,0.0021
milky,0,,264.0266,-19.8539,-0.9355,0.2407,-0.2588,0.0000,0.0000,0.0000,13782.8302,0.0086,0.0091,0.0101
milky,0,,278.5753,-38.3901,-0.7750,0.5925,-0.2197,0.0000,0.0000,0.0000,12097.3514,0.0077,0.0082,0.0091
milky,0,,204.5356,-56.2361,-0.2308,0.4522,-0.8615,0.0000,0.0000,0.0000,12740.2619,0.0061,0.0065,0.0072
milky,0,,290.4592,2.4440,-0.9361,0.1433,0.3213,0.0000,0.0000,0.0000,14599.2562,0.0118,0.0125,0.0139
milky,0,,248.6359,-55.8815,-0.5224,0.6044,-0.6015,0.0000,0.0000,0.0000,9629.4250,0.0115,0.0122,0.0136
milky,0,,145.3514,-55.8274,0.3193,0.4712,-0.8222,0.0000,0.0000,0.0000,10784.2579,0.0024,0.0025,0.0028
milky,0,,207.1627,-65.0849,-0.1923,0.5844,-0.7884,0.0000,0.0000,0.0000,13915.0251,0.0060,0.0064,0.0071
milky,0,,216.0526,-56.7534,-0.3227,0.4886,-0.8107,0.0000,0.0000,0.0000,9013.6435,0.0083,0.0087,0.0097
milky,0,,247.9461,-51.4541,-0.5775,0.5499,-0.6034,0.0000,0.0000,0.0000,15241.2438,0.0102,0.0108,0.0120
milky,0,,71.2952,50.1742,0.6066,-0.5525,0.5716,0.0000,0.0000,0.0000,9566.1810,0.0039,0.0041,0.0045
milky,0,,299.1561,29.6841,-0.7587,-0.2065,0.6179,0.0000,0.0000,0.0000,14856.5856,0.0059,0.0062,0.0069
milky,0,,266.2596,-10.2671,-0.9819,0.1197,-0.1468,0.0000,0.0000,0.0000,12468.3014,0.0052,0.0055,0.0061
milky,0,,232.4542,-59.1698,-0.4063,0.5752,-0.7100,0.0000,0.0000,0.0000,13025.0363,0.0113,0.0120,0.0133
milky,0,,284.0202,5.7483,-0.9653,0.0383,0.2582,0.0000,0.0000,0.0000,10737.6377,0.0035,0.0038,0.0042
milky,0,,133.9592,-49.0350,0.4719,0.4129,-0.7790,0.0000,0.0000,0.0000,15503.0019,0.0017,0.0019,0.0021
milky,0,,200.6991,-59.1511,-0.1812,0.4888,-0.8533,0.0000,0.0000,0.0000,15208.9335,0.0058,0.0062,0.0068
milky,0,,177.0849,-58.7556,0.0264,0.4660,-0.8844,0.0000,0.0000,0.0000,14678.4919,0.0068,0.0072,0.0080
milky,0,,108.7242,-12.2512,0.9255,0.0203,-0.3782,0.0000,0.0000,0.0000,13830.8397,0.0052,0.0055,0.0061
milky,0,,90.6566,33.3608,0.8352,-0.4763,0.2750,0.0000,0.0000,0.0000,15984.2950,0.0033,0.0035,0.0039
milky,0,,233.8026,-55.4884,-0.4572,0.5340,-0.7112,0.0000,0.0000,0.0000,11946.5423,0.0121,0.0128,0.0142
milky,0,,284.2769,-14.6350,-0.9377,0.3395,0.0744,0.0000,0.0000,0.0000,12761.6095,0.0050,0.0053,0.0059
milky,0,,156.5892,-58.0510,0.2102,0.4772,-0.8533,0.0000,0.0000,0.0000,14744.1462,0.0046,0.0049,0.0055
milky,0,,271.0086,-25.1956,-0.9047,0.3731,-0.2056,0.0000,0.0000,0.0000,15485.8185,0.0089,0.0094,0.0105
milky,0,,245.4290,-56.1103,-0.5071,0.5921,-0.6263,0.0000,0.0000,0.0000,12748.3665,0.0120,0.0127,0.0141
milky,0,,124.9215,-44.4692,0.5851,0.3901,-0.7110,0.0000,0.0000,0.0000,10340.6986,0.0036,0.0038,0.0042
milky,0,,106.9812,-2.7324,0.9553,-0.1094,-0.2746,0.0000,0.0000,0.0000,14742.3311,0.0059,0.0062,0.0069
milky,0,,66.8908,50.9166,0.5799,-0.5379,0.6119,0.0000,0.0000,0.0000,12939.3781,0.0046,0.0048,0.0054
milky,0,,165.4025,-64.9385,0.1068,0.5653,-0.8179,0.0000,0.0000,0.0000,10316.9572,0.0066,0.0070,0.0077
milky,0,,105.2943,-4.3532,0.9618,-0.0704,-0.2645,0.0000,0.0000,0.0000,15789.3873,0.0059,0.0063,0.0070
milky,0,,93.1554,41.6488,0.7461,-0.5908,0.3070,0.0000,0.0000,0.0000,10370.9330,0.0023,0.0024,0.0027
milky,0,,310.4069,47.9056,-0.5104,-0.4123,0.7546,0.0000,0.0000,0.0000,10644.3267,0.0023,0.0025,0.0028
milky,0,,356.9065,61.0853,-0.0261,-0.5017,0.8647,0.0000,0.0000,0.0000,9017.3718,0.0048,0.0051,0.0056
milky,0,,253.5750,-33.7388,-0.7976,0.3550,-0.4876,0.0000,0.0000,0.0000,14886.5242,0.0051,0.0054,0.0060
milky,0,,222.4523,-61.8068,-0.3189,0.5759,-0.7527,0.0000,0.0000,0.0000,13058.5799,0.0087,0.0093,0.0103
milky,0,,287.9247,4.1783,-0.9489,0.0956,0.3006,0.0000,0.0000,0.0000,10241.3372,0.0118,0.0125,0.0139
milky,0,,281.2006,-20.9870,-0.9159,0.4004,-0.0290,0.0000,0.0000,0.0000,13792.0542,0.0060,0.0063,0.0070
milky,0,,16.0002,58.1208,0.1456,-0.4664,0.8725,0.0000,0.0000,0.0000,12361.6366,0.0036,0.0038,0.0043
milky,0,,42.7651,57.7145,0.3627,-0.5227,0.7715,0.0000,0.0000,0.0000,14988.3474,0.0051,0.0054,0.0060
milky,0,,204.2467,-56.8590,-0.2245,0.4610,-0.8585,0.0000,0.0000,0.0000,14991.2478,0.0061,0.0064,0.0072
milky,0,,125.1120,-35.4277,0.6666,0.2555,-0.7003,0.0000,0.0000,0.0000,15414.4920,0.0048,0.0051,0.0056
milky,0,,246.8165,-43.2930,-0.6691,0.4402,-0.5988,0.0000,0.0000,0.0000,14306.1271,0.0070,0.0074,0.0082
milky,0,,281.5251,-25.2109,-0.8865,0.4582,-0.0644,0.0000,0.0000,0.0000,10886.3226,0.0075,0.0079,0.0088
milky,0,,119.6468,-29.6312,0.7554,0.2023,-0.6232,0.0000,0.0000,0.0000,10180.2959,0.0043,0.0045,0.0050
milky,0,,296.4457,11.2292,-0.8782,0.0581,0.4747,0.0000,0.0000,0.0000,11541.2026,0.0080,0.0085,0.0094
milky,0,,31.1118,65.4109,0.2150,-0.5960,0.7737,0.0000,0.0000,0.0000,11656.0594,0.0037,0.0039,0.0043
milky,0,,327.4814,53.3784,-0.3207,-0.4289,0.8445,0.0000,0.0000,0.0000,15825.5687,0.0020,0.0021,0.0023
milky,0,,278.3332,-23.5260,-0.9072,0.4106,-0.0917,0.0000,0.0000,0.0000,15731.8891,0.0074,0.0078,0.0087
milky,0,,301.3976,30.3548,-0.7366,-0.2016,0.6456,0.0000,0.0000,0.0000,15927.2128,0.0060,0.0064,0.0071
milky,0,,244.1164,-35.0071,-0.7369,0.3076,-0.6020,0.0000,0.0000,0.0000,11792.4632,0.0050,0.0053,0.0059
milky,0,,121.2986,-33.1832,0.7151,0.2452,-0.6546,0.0000,0.0000,0.0000,15061.3241,0.0047,0.0050,0.0055
milky,0,,80.7416,36.0538,0.7979,-0.4375,0.4146,0.0000,0.0000,0.0000,13865.8557,0.0023,0.0024,0.0027
milky,0,,269.9992,-29.1302,-0.8735,0.4173,-0.2507,0.0000,0.0000,0.0000,10720.6963,0.0091,0.0096,0.0107
milky,0,,191.8976,-63.4529,-0.0921,0.5416,-0.8356,0.0000,0.0000,0.0000,9137.6839,0.0060,0.0064,0.0071
milky,0,,241.3060,-48.8522,-0.5772,0.4827,-0.6586,0.0000,0.0000,0.0000,15342.6943,0.0108,0.0114,0.0127
milky,0,,357.9550,63.4688,-0.0159,-0.5370,0.8434,0.0000,0.0000,0.0000,13962.4986,0.0047,0.0050,0.0055
milky,0,,123.8635,-39.0083,0.6452,0.3165,-0.6953,0.0000,0.0000,0.0000,13125.4133,0.0046,0.0048,0.0054
milky,0,,291.0106,11.8701,-0.9136,0.0044,0.4067,0.0000,0.0000,0.0000,13534.6564,0.0027,0.0029,0.0032
milky,0,,245.9138,-35.8977,-0.7395,0.3323,-0.5854,0.0000,0.0000,0.0000,12424.3083,0.0049,0.0052,0.0058
milky,0,,312.9077,48.3475,-0.4868,-0.4074,0.7727,0.0000,0.0000,0.0000,9211.0370,0.0020,0.0021,0.0023
milky,0,,261.7272,-45.9236,-0.6884,0.5643,-0.4558,0.0000,0.0000,0.0000,13183.5226,0.0050,0.0053,0.0059
milky,0,,304.4004,32.8926,-0.6928,-0.2212,0.6863,0.0000,0.0000,0.0000,11124.2451,0.0062,0.0065,0.0072
milky,0,,124.7132,-26.9652,0.7326,0.1273,-0.6686,0.0000,0.0000,0.0000,13531.8098,0.0043,0.0045,0.0051
milky,0,,272.8702,-12.8629,-0.9737,0.2160,-0.0728,0.0000,0.0000,0.0000,12973.2373,0.0050,0.0053,0.0059
milky,0,,95.0727,23.0930,0.9163,-0.3781,0.1323,0.0000,0.0000,0.0000,9328.6396,0.0032,0.0033,0.0037
milky,0,,244.6158,-40.5745,-0.6862,0.3898,-0.6141,0.0000,0.0000,0.0000,13844.6509,0.0065,0.0069,0.0077
milky,0,,266.1796,-25.3810,-0.9015,0.3364,-0.2724,0.0000,0.0000,0.0000,10196.3438,0.0092,0.0097,0.0108
milky,0,,288.9571,12.9008,-0.9219,-0.0283,0.3864,0.0000,0.0000,0.0000,13568.7197,0.0027,0.0029,0.0032
milky,0,,56.4595,54.7054,0.4816,-0.5352,0.6940,0.0000,0.0000,0.0000,15981.7620,0.0059,0.0062,0.0069
milky,0,,273.1229,4.0587,-0.9960,-0.0327,0.0830,0.0000,0.0000,0.0000,14599.1813,0.0103,0.0109,0.0121
milky,0,,329.0042,47.0229,-0.3511,-0.3262,0.8777,0.0000,0.0000,0.0000,11478.3537,0.0015,0.0016,0.0017
milky,0,,96.3456,0.3711,0.9939,-0.0625,-0.0914,0.0000,0.0000,0.0000,11636.7909,0.0041,0.0044,0.0049
milky,0,,198.0586,-59.3681,-0.1579,0.4881,-0.8584,0.0000,0.0000,0.0000,14477.6131,0.0058,0.0061,0.0068
milky,0,,283.3920,3.7729,-0.9707,0.0626,0.2320,0.0000,0.0000,0.0000,9640.0365,0.0035,0.0037,0.0041
milky,0,,344.9574,64.1450,-0.1132,-0.5545,0.8245,0.0000,0.0000,0.0000,10575.1672,0.0049,0.0051,0.0057
milky,0,,71.4448,46.9113,0.6476,-0.5140,0.5625,0.0000,0.0000,0.0000,9934.5882,0.0031,0.0033,0.0037
milky,0,,321.6655,45.8390,-0.4321,-0.3335,0.8379,0.0000,0.0000,0.0000,15856.2554,0.0016,0.0017,0.0019
milky,0,,301.7261,36.6153,-0.6827,-0.2939,0.6690,0.0000,0.0000,0.0000,13484.7717,0.0060,0.0064,0.0071
milky,0,,111.2137,-27.5240,0.8267,0.2308,-0.5131,0.0000,0.0000,0.0000,11894.5927,0.0036,0.0038,0.0042
milky,0,,282.3833,-18.5329,-0.9261,0.3772,0.0106,0.0000,0.0000,0.0000,14943.3324,0.0052,0.0055,0.0061
milky,0,,287.5743,-0.4984,-0.9533,0.1630,0.2543,0.0000,0.0000,0.0000,13766.5674,0.0113,0.0119,0.0132
milky,0,,226.6560,-50.3984,-0.4636,0.4351,-0.7719,0.0000,0.0000,0.0000,12934.8113,0.0119,0.0126,0.0140
milky,0,,142.2859,-56.4637,0.3380,0.4894,-0.8039,0.0000,0.0000,0.0000,11225.7755,0.0022,0.0023,0.0025
milky,0,,294.3087,18.4223,-0.8646,-0.0697,0.4975,0.0000,0.0000,0.0000,13323.9759,0.0018,0.0019,0.0021
milky,0,,292.1522,17.5172,-0.8832,-0.0728,0.4632,0.0000,0.0000,0.0000,10712.2653,0.0020,0.0021,0.0023
milky,0,,178.6392,-68.3421,0.0088,0.6066,-0.7949,0.0000,0.0000,0.0000,13671.2064,0.0066,0.0070,0.0078
milky,0,,271.7929,-12.4353,-0.9761,0.2003,-0.0847,0.0000,0.0000,0.0000,9169.2667,0.0050,0.0053,0.0059
milky,0,,218.9568,-62.5246,-0.2901,0.5757,-0.7645,0.0000,0.0000,0.0000,15949.6305,0.0079,0.0084,0.0093
milky,0,,232.7850,-55.8767,-0.4467,0.5348,-0.7172,0.0000,0.0000,0.0000,14290.6268,0.0120,0.0127,0.0141
milky,0,,297.4623,25.4605,-0.8011,-0.1540,0.5783,0.0000,0.0000,0.0000,15824.2041,0.0054,0.0057,0.0063
milky,0,,44.6574,66.8518,0.2763,-0.6441,0.7133,0.0000,0.0000,0.0000,12974.9014,0.0044,0.0046,0.0052
milky,0,,304.5745,43.3644,-0.5986,-0.3761,0.7073,0.0000,0.0000,0.0000,10134.1574,0.0044,0.0046,0.0051
milky,0,,125.5040,-35.2797,0.6646,0.2509,-0.7039,0.0000,0.0000,0.0000,12367.8950,0.0048,0.0051,0.0056
milky,0,,272.4867,-23.1892,-0.9183,0.3581,-0.1686,0.0000,0.0000,0.0000,14148.2776,0.0082,0.0087,0.0097
milky,0,,217.1332,-58.4193,-0.3161,0.5152,-0.7966,0.0000,0.0000,0.0000,9931.8935,0.0082,0.0087,0.0097
milky,0,,73.4945,47.2704,0.6506,-0.5304,0.5436,0.0000,0.0000,0.0000,13065.4444,0.0030,0.0031,0.0035
milky,0,,91.4550,27.0057,0.8907,-0.4009,0.2145,0.0000,0.0000,0.0000,15294.5948,0.0037,0.0039,0.0043
milky,0,,141.8605,-53.2403,0.3696,0.4443,-0.8161,0.0000,0.0000,0.0000,9037.4008,0.0017,0.0018,0.0020
milky,0,,102.3150,2.8516,0.9758,-0.1524,-0.1570,0.0000,0.0000,0.0000,12199.9013,0.0043,0.0045,0.0050
milky,0,,243.4296,-53.4656,-0.5324,0.5516,-0.6421,0.0000,0.0000,0.0000,11720.3316,0.0117,0.0124,0.0137
milky,0,,257.4225,-20.9999,-0.9112,0.2025,-0.3588,0.0000,0.0000,0.0000,9121.8612,0.0092,0.0097,0.0108
milky,0,,17.0515,56.6383,0.1613,-0.4451,0.8808,0.0000,0.0000,0.0000,11125.9045,0.0036,0.0038,0.0042
milky,0,,356.3149,63.4683,-0.0287,-0.5373,0.8429,0.0000,0.0000,0.0000,10564.2249,0.0048,0.0050,0.0056
milky,0,,157.8071,-62.3296,0.1754,0.5377,-0.8247,0.0000,0.0000,0.0000,10740.7762,0.0056,0.0059,0.0066
milky,0,,151.9250,-64.5255,0.2024,0.5784,-0.7903,0.0000,0.0000,0.0000,10903.7635,0.0053,0.0056,0.0062
milky,0,,284.4725,11.9176,-0.9474,-0.0511,0.3160,0.0000,0.0000,0.0000,11416.7072,0.0104,0.0110,0.0122
milky,0,,178.5063,-56.8506,0.0143,0.4361,-0.8998,0.0000,0.0000,0.0000,10300.0584,0.0068,0.0072,0.0080
milky,0,,131.3851,-39.4879,0.5790,0.2823,-0.7649,0.0000,0.0000,0.0000,15090.7748,0.0038,0.0041,0.0045
milky,0,,115.8798,-17.1187,0.8599,0.0375,-0.5092,0.0000,0.0000,0.0000,15400.2663,0.0037,0.0039,0.0044
milky,0,,94.3681,20.0212,0.9368,-0.3303,0.1150,0.0000,0.0000,0.0000,11790.9251,0.0028,0.0029,0.0033
milky,0,,78.0452,36.5894,0.7855,-0.4253,0.4496,0.0000,0.0000,0.0000,9872.7586,0.0021,0.0022,0.0024
milky,0,,98.8767,14.5969,0.9561,-0.2929,0.0018,0.0000,0.0000,0.0000,13812.0586,0.0021,0.0022,0.0024
milky,0,,290.2799,12.0532,-0.9173,-0.0044,0.3981,0.0000,0.0000,0.0000,10790.2334,0.0027,0.0029,0.0032
milky,0,,262.2178,-14.6414,-0.9586,0.1492,-0.2425,0.0000,0.0000,0.0000,9249.0964,0.0073,0.0077,0.0086
milky,0,,268.3901,-22.1804,-0.9256,0.3102,-0.2167,0.0000,0.0000,0.0000,14571.7621,0.0086,0.0091,0.0101
milky,0,,295.9260,18.9484,-0.8506,-0.0654,0.5217,0.0000,0.0000,0.0000,11658.5409,0.0017,0.0018,0.0020
milky,0,,353.2269,58.4453,-0.0617,-0.4628,0.8843,0.0000,0.0000,0.0000,12518.4641,0.0049,0.0052,0.0058
milky,0,,271.5118,-15.5782,-0.9629,0.2433,-0.1165,0.0000,0.0000,0.0000,13765.5465,0.0058,0.0061,0.0068
milky,0,,239.9400,-48.3591,-0.5751,0.4692,-0.6702,0.0000,0.0000,0.0000,14088.5111,0.0110,0.0116,0.0129
milky,0,,238.4268,-54.1820,-0.4986,0.5372,-0.6803,0.0000,0.0000,0.0000,13366.4869,0.0122,0.0129,0.0144
milky,0,,288.1727,13.0959,-0.9254,-0.0378,0.3771,0.0000,0.0000,0.0000,14328.6361,0.0027,0.0029,0.0032
milky,0,,58.0859,48.9110,0.5579,-0.4671,0.6860,0.0000,0.0000,0.0000,10707.9476,0.0053,0.0056,0.0062
milky,0,,106.9088,3.1230,0.9553,-0.1963,-0.2209,0.0000,0.0000,0.0000,9755.6512,0.0048,0.0051,0.0057
milky,0,,253.3422,-48.0899,-0.6399,0.5393,-0.5474,0.0000,0.0000,0.0000,15083.6960,0.0073,0.0077,0.0086
milky,0,,95.8030,29.9189,0.8623,-0.4727,0.1818,0.0000,0.0000,0.0000,12384.9201,0.0037,0.0039,0.0043
milky,0,,303.2834,38.3587,-0.6555,-0.3103,0.6885,0.0000,0.0000,0.0000,11755.7313,0.0057,0.0060,0.0067
milky,0,,231.0775,-51.2960,-0.4865,0.4666,-0.7387,0.0000,0.0000,0.0000,13234.5163,0.0122,0.0129,0.0144
milky,0,,5.8204,67.3890,0.0390,-0.5943,0.8033,0.0000,0.0000,0.0000,13565.2960,0.0042,0.0044,0.0049
milky,0,,270.1785,-29.5789,-0.8697,0.4245,-0.2519,0.0000,0.0000,0.0000,12209.7745,0.0091,0.0096,0.0107
milky,0,,265.1492,-31.4877,-0.8497,0.4106,-0.3308,0.0000,0.0000,0.0000,15328.8612,0.0081,0.0085,0.0095
milky,0,,297.0278,20.1113,-0.8365,-0.0750,0.5429,0.0000,0.0000,0.0000,10823.9066,0.0054,0.0057,0.0063
milky,0,,292.4325,19.2147,-0.8728,-0.0965,0.4784,0.0000,0.0000,0.0000,15787.8495,0.0018,0.0019,0.0021
milky,0,,267.8396,-45.3668,-0.7021,0.5963,-0.3892,0.0000,0.0000,0.0000,15266.9854,0.0046,0.0049,0.0055
milky,0,,304.4362,34.2275,-0.6819,-0.2413,0.6905,0.0000,0.0000,0.0000,15442.9539,0.0061,0.0065,0.0072
milky,0,,90.2293,31.7173,0.8506,-0.4524,0.2679,0.0000,0.0000,0.0000,15885.2354,0.0035,0.0037,0.0041
milky,0,,333.3557,51.1424,-0.2814,-0.3787,0.8817,0.0000,0.0000,0.0000,15991.8295,0.0023,0.0025,0.0028
milky,0,,94.7708,6.7880,0.9895,-0.1438,-0.0099,0.0000,0.0000,0.0000,10926.4644,0.0025,0.0026,0.0029
milky,0,,47.9238,59.4328,0.3775,-0.5625,0.7356,0.0000,0.0000,0.0000,11506.6474,0.0054,0.0057,0.0063
milky,0,,315.2923,51.1700,-0.4411,-0.4382,0.7832,0.0000,0.0000,0.0000,13703.0758,0.0015,0.0016,0.0017
milky,0,,276.1011,-18.0693,-0.9453,0.3179,-0.0731,0.0000,0.0000,0.0000,15595.6534,0.0017,0.0019,0.0021
milky,0,,268.2737,-23.9178,-0.9137,0.3333,-0.2324,0.0000,0.0000,0.0000,10654.3457,0.0089,0.0095,0.0105
milky,0,,21.9167,54.1439,0.2186,-0.4148,0.8832,0.0000,0.0000,0.0000,13822.3046,0.0035,0.0037,0.0041
milky,0,,26.1393,61.9262,0.2073,-0.5387,0.8166,0.0000,0.0000,0.0000,10725.1046,0.0036,0.0038,0.0042
milky,0,,200.7627,-58.8304,-0.1835,0.4842,-0.8555,0.0000,0.0000,0.0000,10297.5740,0.0058,0.0062,0.0069
milky,0,,264.8644,-22.2636,-0.9217,0.2821,-0.2661,0.0000,0.0000,0.0000,14065.6468,0.0090,0.0095,0.0106
milky,0,,296.2435,30.6500,-0.7716,-0.2411,0.5886,0.0000,0.0000,0.0000,11482.5426,0.0058,0.0062,0.0068
milky,0,,24.4924,60.8822,0.2017,-0.5208,0.8295,0.0000,0.0000,0.0000,11104.9111,0.0035,0.0037,0.0042
milky,0,,224.7262,-49.8566,-0.4537,0.4193,-0.7863,0.0000,0.0000,0.0000,12229.5274,0.0117,0.0124,0.0137
milky,0,,284.0300,10.5828,-0.9537,-0.0347,0.2989,0.0000,0.0000,0.0000,12860.8616,0.0109,0.0116,0.0129
milky,0,,241.4834,-54.5484,-0.5096,0.5556,-0.6569,0.0000,0.0000,0.0000,9925.9708,0.0121,0.0128,0.0142
milky,0,,301.1443,29.3048,-0.7463,-0.1873,0.6387,0.0000,0.0000,0.0000,14695.3384,0.0059,0.0063,0.0070
milky,0,,306.0690,38.6501,-0.6313,-0.2985,0.7158,0.0000,0.0000,0.0000,12870.8934,0.0053,0.0057,0.0063
milky,0,,290.8902,10.5532,-0.9185,0.0236,0.3948,0.0000,0.0000,0.0000,13445.3546,0.0029,0.0031,0.0034
milky,0,,218.3126,-60.3928,-0.3063,0.5456,-0.7801,0.0000,0.0000,0.0000,9394.2975,0.0081,0.0086,0.0096
milky,0,,91.9561,3.4228,0.9976,-0.0687,0.0015,0.0000,0.0000,0.0000,12459.6571,0.0028,0.0030,0.0033
milky,0,,307.0220,42.8227,-0.5856,-0.3552,0.7286,0.0000,0.0000,0.0000,12175.7402,0.0042,0.0044,0.0049
milky,0,,290.9223,22.1147,-0.8653,-0.1523,0.4775,0.0000,0.0000,0.0000,15534.9833,0.0055,0.0059,0.0065
milky,0,,90.1557,31.8642,0.8493,-0.4537,0.2699,0.0000,0.0000,0.0000,13433.9295,0.0035,0.0037,0.0041
milky,0,,269.9036,-2.0025,-0.9994,0.0291,-0.0194,0.0000,0.0000,0.0000,14279.6559,0.0065,0.0069,0.0077
milky,0,,246.2165,-40.3896,-0.6970,0.3972,-0.5970,0.0000,0.0000,0.0000,12603.1553,0.0060,0.0064,0.0071
milky,0,,282.3227,-26.5958,-0.8736,0.4820,-0.0670,0.0000,0.0000,0.0000,11023.1912,0.0079,0.0083,0.0093
milky,0,,257.4699,-25.0343,-0.8845,0.2615,-0.3864,0.0000,0.0000,0.0000,10945.0892,0.0086,0.0091,0.0101
milky,0,,250.7219,-49.7121,-0.6104,0.5439,-0.5759,0.0000,0.0000,0.0000,12990.6563,0.0087,0.0092,0.0103
milky,0,,249.6270,-45.5871,-0.6560,0.4868,-0.5767,0.0000,0.0000,0.0000,12746.0486,0.0071,0.0076,0.0084
milky,0,,201.7127,-67.3549,-0.1424,0.6069,-0.7819,0.0000,0.0000,0.0000,12117.1582,0.0058,0.0061,0.0068
milky,0,,181.8449,-61.9037,-0.0152,0.5137,-0.8578,0.0000,0.0000,0.0000,15736.2243,0.0066,0.0070,0.0078
milky,0,,280.3542,-8.6925,-0.9724,0.2211,0.0745,0.0000,0.0000,0.0000,9174.2170,0.0018,0.0019,0.0021
milky,0,,193.4926,-62.4103,-0.1081,0.5277,-0.8425,0.0000,0.0000,0.0000,9195.9976,0.0059,0.0063,0.0070
milky,0,,220.4345,-58.4199,-0.3397,0.5249,-0.7804,0.0000,0.0000,0.0000,14939.8437,0.0090,0.0095,0.0106
milky,0,,266.2110,-14.1832,-0.9674,0.1770,-0.1811,0.0000,0.0000,0.0000,15275.5635,0.0063,0.0067,0.0074
milky,0,,354.0482,59.7741,-0.0522,-0.4828,0.8742,0.0000,0.0000,0.0000,14757.5978,0.0049,0.0052,0.0057
milky,0,,22.0075,61.1815,0.1806,-0.5208,0.8343,0.0000,0.0000,0.0000,13441.5114,0.0035,0.0037,0.0041
milky,0,,263.1723,-31.8566,-0.8433,0.4004,-0.3584,0.0000,0.0000,0.0000,9715.9765,0.0076,0.0080,0.0089
milky,0,,294.7144,-22.2532,-0.8407,0.5239,0.1366,0.0000,0.0000,0.0000,10366.6218,0.0049,0.0052,0.0058
milky,0,,345.2416,61.5282,-0.1214,-0.5161,0.8479,0.0000,0.0000,0.0000,15830.4178,0.0048,0.0051,0.0056
milky,0,,283.2598,22.2015,-0.9012,-0.2145,0.3766,0.0000,0.0000,0.0000,12815.2996,0.0064,0.0068,0.0075
milky,0,,282.0981,-14.3835,-0.9471,0.3175,0.0461,0.0000,0.0000,0.0000,11228.6305,0.0049,0.0052,0.0058
milky,0,,222.8975,-66.7839,-0.2683,0.6390,-0.7209,0.0000,0.0000,0.0000,11787.6629,0.0078,0.0082,0.0091
milky,0,,82.3761,26.4265,0.8876,-0.3203,0.3311,0.0000,0.0000,0.0000,11387.1933,0.0036,0.0038,0.0042
milky,0,,267.8753,-27.1189,-0.8895,0.3737,-0.2631,0.0000,0.0000,0.0000,12900.7848,0.0092,0.0097,0.0108
milky,0,,98.3460,4.0492,0.9869,-0.1351,-0.0877,0.0000,0.0000,0.0000,13677.4368,0.0034,0.0036,0.0041
milky,0,,193.0643,-66.3805,-0.0906,0.5843,-0.8064,0.0000,0.0000,0.0000,15759.7832,0.0059,0.0063,0.0070
milky,0,,65.0440,51.8444,0.5601,-0.5398,0.6284,0.0000,0.0000,0.0000,12330.8334,0.0050,0.0053,0.0058
milky,0,,280.2303,0.9274,-0.9840,0.0776,0.1606,0.0000,0.0000,0.0000,12278.7918,0.0105,0.0111,0.0123
milky,0,,325.9891,47.2475,-0.3797,-0.3396,0.8605,0.0000,0.0000,0.0000,12909.9823,0.0014,0.0015,0.0016
milky,0,,241.2539,-44.2988,-0.6275,0.4214,-0.6547,0.0000,0.0000,0.0000,10129.3911,0.0091,0.0097,0.0107
milky,0,,101.6152,5.2045,0.9755,-0.1810,-0.1251,0.0000,0.0000,0.0000,14958.3157,0.0036,0.0038,0.0042
milky,0,,246.8691,-57.5758,-0.4931,0.6151,-0.6153,0.0000,0.0000,0.0000,9706.1838,0.0121,0.0128,0.0142
milky,0,,240.7027,-46.5908,-0.5993,0.4495,-0.6624,0.0000,0.0000,0.0000,13882.4990,0.0102,0.0108,0.0120
milky,0,,170.3137,-58.3950,0.0882,0.4640,-0.8815,0.0000,0.0000,0.0000,9292.2911,0.0065,0.0069,0.0077
milky,0,,302.7070,40.5015,-0.6398,-0.3451,0.6867,0.0000,0.0000,0.0000,14168.8238,0.0053,0.0056,0.0063
milky,0,,44.6772,53.7789,0.4155,-0.4751,0.7757,0.0000,0.0000,0.0000,11978.3276,0.0056,0.0059,0.0066
milky,0,,249.6392,-53.0003,-0.5642,0.5767,-0.5908,0.0000,0.0000,0.0000,15513.7109,0.0104,0.0110,0.0122
milky,0,,229.3806,-55.9371,-0.4251,0.5223,-0.7392,0.0000,0.0000,0.0000,14767.6569,0.0115,0.0122,0.0135
milky,0,,261.9980,-48.2962,-0.6588,0.5923,-0.4639,0.0000,0.0000,0.0000,10445.3970,0.0056,0.0060,0.0066
milky,0,,278.7149,-37.3306,-0.7860,0.5818,-0.2091,0.0000,0.0000,0.0000,15553.5526,0.0081,0.0086,0.0096
milky,0,,277.3591,-15.3323,-0.9565,0.2903,-0.0303,0.0000,0.0000,0.0000,12107.5184,0.0015,0.0016,0.0018
milky,0,,218.0965,-56.9645,-0.3364,0.4976,-0.7995,0.0000,0.0000,0.0000,14551.0012,0.0087,0.0092,0.0103
milky,0,,287.7310,-17.5351,-0.9082,0.4078,0.0937,0.0000,0.0000,0.0000,13102.9693,0.0049,0.0052,0.0057
milky,0,,227.3214,-60.7539,-0.3592,0.5773,-0.7333,0.0000,0.0000,0.0000,9035.1195,0.0100,0.0106,0.0118
milky,0,,181.9122,-62.6258,-0.0153,0.5245,-0.8513,0.0000,0.0000,0.0000,10067.1543,0.0066,0.0070,0.0077
milky,0,,294.7327,21.2650,-0.8464,-0.1101,0.5210,0.0000,0.0000,0.0000,9253.2287,0.0016,0.0017,0.0019
milky,0,,259.5143,-11.4389,-0.9638,0.0781,-0.2550,0.0000,0.0000,0.0000,12175.5954,0.0067,0.0071,0.0079
milky,0,,287.8954,6.1859,-0.9461,0.0650,0.3174,0.0000,0.0000,0.0000,13155.3914,0.0035,0.0037,0.0041
milky,0,,139.4533,-52.2449,0.3980,0.4381,-0.8060,0.0000,0.0000,0.0000,15413.0172,0.0015,0.0016,0.0017
milky,0,,180.8209,-56.4289,-0.0079,0.4294,-0.9031,0.0000,0.0000,0.0000,13207.1253,0.0067,0.0071,0.0079
milky,0,,271.6261,-27.7252,-0.8848,0.4117,-0.2181,0.0000,0.0000,0.0000,14276.7209,0.0092,0.0097,0.0108
milky,0,,255.2267,-51.7853,-0.5982,0.5922,-0.5399,0.0000,0.0000,0.0000,13194.6344,0.0086,0.0091,0.0101
milky,0,,250.5380,-35.3160,-0.7694,0.3555,-0.5308,0.0000,0.0000,0.0000,13269.6385,0.0047,0.0049,0.0055
milky,0,,272.7591,-27.6987,-0.8844,0.4204,-0.2029,0.0000,0.0000,0.0000,9066.6441,0.0091,0.0097,0.0107
milky,0,,288.3313,0.7947,-0.9492,0.1501,0.2767,0.0000,0.0000,0.0000,10205.9977,0.0116,0.0123,0.0137
milky,0,,317.1630,57.7509,-0.3628,-0.5234,0.7710,0.0000,0.0000,0.0000,9967.1549,0.0017,0.0019,0.0021
milky,0,,234.7055,-44.1997,-0.5851,0.3842,-0.7141,0.0000,0.0000,0.0000,15589.1051,0.0111,0.0117,0.0130
milky,0,,100.7864,8.7089,0.9710,-0.2251,-0.0806,0.0000,0.0000,0.0000,9787.8670,0.0027,0.0028,0.0032
milky,0,,288.6297,-35.2208,-0.7741,0.6288,-0.0733,0.0000,0.0000,0.0000,10796.1563,0.0092,0.0097,0.0108
milky,0,,301.9016,42.4281,-0.6266,-0.3774,0.6818,0.0000,0.0000,0.0000,13160.6820,0.0050,0.0053,0.0058
milky,0,,356.3419,61.3869,-0.0306,-0.5063,0.8618,0.0000,0.0000,0.0000,10309.1624,0.0048,0.0051,0.0056
milky,0,,309.1428,44.2837,-0.5552,-0.3657,0.7470,0.0000,0.0000,0.0000,10582.6218,0.0034,0.0036,0.0040
milky,0,,290.1191,6.3088,-0.9333,0.0819,0.3497,0.0000,0.0000,0.0000,13153.6575,0.0113,0.0119,0.0133
milky,0,,255.4160,-59.8649,-0.4859,0.6762,-0.5538,0.0000,0.0000,0.0000,15032.4768,0.0118,0.0125,0.0139
milky,0,,235.7235,-52.1253,-0.5073,0.4985,-0.7029,0.0000,0.0000,0.0000,12447.2157,0.0122,0.0129,0.0144
milky,0,,279.7212,-20.8001,-0.9214,0.3857,-0.0476,0.0000,0.0000,0.0000,13041.8011,0.0062,0.0065,0.0072
milky,0,,275.9999,-21.7818,-0.9235,0.3681,-0.1079,0.0000,0.0000,0.0000,9436.6103,0.0072,0.0076,0.0084
milky,0,,121.4544,-26.4102,0.7640,0.1406,-0.6297,0.0000,0.0000,0.0000,10031.7677,0.0040,0.0042,0.0047
milky,0,,117.8499,-17.9455,0.8412,0.0352,-0.5396,0.0000,0.0000,0.0000,14062.5141,0.0035,0.0037,0.0041
milky,0,,318.3532,51.1410,-0.4169,-0.4260,0.8029,0.0000,0.0000,0.0000,11664.1301,0.0014,0.0015,0.0016
milky,0,,266.8833,-23.2376,-0.9175,0.3125,-0.2460,0.0000,0.0000,0.0000,12966.2178,0.0090,0.0095,0.0105
milky,0,,212.5534,-59.5549,-0.2727,0.5190,-0.8101,0.0000,0.0000,0.0000,13309.7065,0.0071,0.0075,0.0084
milky,0,,227.4751,-52.2887,-0.4508,0.4652,-0.7618,0.0000,0.0000,0.0000,14324.5709,0.0118,0.0125,0.0139
milky,0,,122.1409,-33.0652,0.7096,0.2380,-0.6632,0.0000,0.0000,0.0000,13623.2497,0.0047,0.0050,0.0056
milky,0,,165.4936,-60.4182,0.1237,0.4993,-0.8576,0.0000,0.0000,0.0000,9933.4196,0.0062,0.0066,0.0073
milky,0,,238.0042,-48.7810,-0.5588,0.4649,-0.6867,0.0000,0.0000,0.0000,15040.0324,0.0115,0.0122,0.0135
milky,0,,130.1214,-50.0583,0.4909,0.4441,-0.7495,0.0000,0.0000,0.0000,11644.6021,0.0019,0.0020,0.0022
milky,0,,219.1253,-62.0003,-0.2962,0.5693,-0.7669,0.0000,0.0000,0.0000,9429.6861,0.0080,0.0085,0.0094
milky,0,,279.1201,3.8695,-0.9851,0.0236,0.1703,0.0000,0.0000,0.0000,15879.3110,0.0113,0.0119,0.0133
milky,0,,143.7042,-48.1062,0.3953,0.3609,-0.8447,0.0000,0.0000,0.0000,12330.9509,0.0014,0.0015,0.0017
milky,0,,241.0477,-47.9469,-0.5861,0.4695,-0.6604,0.0000,0.0000,0.0000,9581.8014,0.0106,0.0112,0.0124
milky,0,,157.2185,-51.5240,0.2409,0.3756,-0.8949,0.0000,0.0000,0.0000,11327.7919,0.0034,0.0037,0.0041
milky,0,,178.4842,-58.0223,0.0140,0.4544,-0.8907,0.0000,0.0000,0.0000,15632.4990,0.0068,0.0072,0.0080
milky,0,,325.5301,62.3176,-0.2629,-0.5618,0.7844,0.0000,0.0000,0.0000,11735.5692,0.0033,0.0035,0.0039
milky,0,,228.3642,-56.5687,-0.4118,0.5268,-0.7436,0.0000,0.0000,0.0000,14949.8387,0.0112,0.0118,0.0132
milky,0,,90.1264,21.2613,0.9319,-0.3119,0.1850,0.0000,0.0000,0.0000,12217.1987,0.0032,0.0034,0.0038
milky,0,,248.2997,-41.4934,-0.6959,0.4253,-0.5786,0.0000,0.0000,0.0000,13960.9868,0.0059,0.0063,0.0069
milky,0,,315.5648,47.0295,-0.4772,-0.3765,0.7940,0.0000,0.0000,0.0000,9302.5761,0.0019,0.0021,0.0023
milky,0,,97.2371,19.7120,0.9339,-0.3502,0.0721,0.0000,0.0000,0.0000,13520.8746,0.0025,0.0027,0.0030
milky,0,,322.2399,46.7249,-0.4198,-0.3450,0.8395,0.0000,0.0000,0.0000,12586.4696,0.0015,0.0016,0.0017
milky,0,,336.1439,55.0223,-0.2318,-0.4323,0.8714,0.0000,0.0000,0.0000,11245.4153,0.0033,0.0035,0.0039
milky,0,,271.1717,-26.9123,-0.8915,0.3974,-0.2175,0.0000,0.0000,0.0000,14208.3091,0.0091,0.0097,0.0107
milky,0,,240.8582,-53.5527,-0.5189,0.5405,-0.6623,0.0000,0.0000,0.0000,13857.9306,0.0120,0.0127,0.0141
milky,0,,165.0418,-58.2021,0.1360,0.4663,-0.8741,0.0000,0.0000,0.0000,14463.5503,0.0060,0.0063,0.0070
milky,0,,319.4347,58.2017,-0.3427,-0.5223,0.7809,0.0000,0.0000,0.0000,10430.5498,0.0020,0.0021,0.0023
milky,0,,171.3245,-61.0258,0.0731,0.5032,-0.8610,0.0000,0.0000,0.0000,12980.2495,0.0067,0.0071,0.0079
milky,0,,264.9453,-23.6877,-0.9122,0.3028,-0.2761,0.0000,0.0000,0.0000,10699.9803,0.0091,0.0097,0.0107
milky,0,,293.9686,12.3657,-0.8926,0.0208,0.4504,0.0000,0.0000,0.0000,13485.5026,0.0081,0.0086,0.0096
milky,0,,242.3369,-52.1805,-0.5431,0.5305,-0.6509,0.0000,0.0000,0.0000,13532.8585,0.0115,0.0122,0.0136
milky,0,,319.1264,48.8516,-0.4306,-0.3892,0.8143,0.0000,0.0000,0.0000,13368.3439,0.0015,0.0016,0.0017
milky,0,,201.0714,-68.6159,-0.1311,0.6229,-0.7712,0.0000,0.0000,0.0000,12194.2432,0.0058,0.0061,0.0068
milky,0,,289.6692,7.5508,-0.9335,0.0592,0.3537,0.0000,0.0000,0.0000,9397.5284,0.0110,0.0116,0.0129
milky,0,,132.3973,-46.9596,0.5040,0.3895,-0.7709,0.0000,0.0000,0.0000,14302.8311,0.0022,0.0023,0.0026
milky,0,,289.3615,4.4719,-0.9406,0.1034,0.3235,0.0000,0.0000,0.0000,14358.3223,0.0117,0.0124,0.0138
milky,0,,128.5102,-39.3781,0.6049,0.2959,-0.7393,0.0000,0.0000,0.0000,14648.5312,0.0042,0.0044,0.0049
milky,0,,275.6101,-9.0145,-0.9829,0.1840,0.0021,0.0000,0.0000,0.0000,13435.4631,0.0016,0.0017,0.0018
milky,0,,29.0042,61.1441,0.2340,-0.5334,0.8129,0.0000,0.0000,0.0000,10643.8254,0.0037,0.0039,0.0043
milky,0,,232.7563,-54.8881,-0.4579,0.5219,-0.7197,0.0000,0.0000,0.0000,11772.1980,0.0121,0.0128,0.0142
milky,0,,313.2284,51.8622,-0.4500,-0.4563,0.7676,0.0000,0.0000,0.0000,9415.1732,0.0015,0.0016,0.0018
milky,0,,267.9013,-33.1763,-0.8364,0.4533,-0.3081,0.0000,0.0000,0.0000,11364.2509,0.0080,0.0084,0.0094
milky,0,,146.7317,-50.3163,0.3503,0.3847,-0.8540,0.0000,0.0000,0.0000,13892.7720,0.0017,0.0018,0.0020
milky,0,,120.4530,-30.7964,0.7405,0.2146,-0.6369,0.0000,0.0000,0.0000,13849.1045,0.0045,0.0047,0.0052
milky,0,,265.1083,-22.6150,-0.9197,0.2891,-0.2655,0.0000,0.0000,0.0000,10002.3901,0.0090,0.0095,0.0106
milky,0,,251.2997,-49.1978,-0.6190,0.5409,-0.5695,0.0000,0.0000,0.0000,12033.4004,0.0083,0.0088,0.0098
milky,0,,104.0979,-10.5679,0.9534,0.0339,-0.2997,0.0000,0.0000,0.0000,9174.0029,0.0058,0.0061,0.0068
milky,0,,266.0648,-16.9859,-0.9541,0.2166,-0.2067,0.0000,0.0000,0.0000,13214.5177,0.0073,0.0078,0.0086
milky,0,,268.7355,-30.2251,-0.8638,0.4217,-0.2756,0.0000,0.0000,0.0000,10060.9339,0.0089,0.0094,0.0104
milky,0,,164.7723,-59.6328,0.1328,0.4883,-0.8625,0.0000,0.0000,0.0000,10270.8926,0.0061,0.0064,0.0072
milky,0,,115.1030,-10.3467,0.8908,-0.0610,-0.4502,0.0000,0.0000,0.0000,10144.3743,0.0049,0.0052,0.0058
milky,0,,296.0532,22.7004,-0.8288,-0.1221,0.5461,0.0000,0.0000,0.0000,15813.4494,0.0016,0.0017,0.0019
milky,0,,274.3673,-9.9612,-0.9821,0.1869,-0.0248,0.0000,0.0000,0.0000,12049.1047,0.0049,0.0052,0.0058
milky,0,,294.2101,15.9808,-0.8768,-0.0329,0.4797,0.0000,0.0000,0.0000,14388.1821,0.0020,0.0021,0.0024
milky,0,,159.0399,-54.4652,0.2079,0.4180,-0.8843,0.0000,0.0000,0.0000,12923.0246,0.0044,0.0046,0.0052
milky,0,,84.7174,28.5379,0.8748,-0.3678,0.3154,0.0000,0.0000,0.0000,15246.3067,0.0035,0.0037,0.0041
milky,0,,275.0435,-12.3749,-0.9730,0.2279,-0.0368,0.0000,0.0000,0.0000,12611.9169,0.0015,0.0015,0.0017
milky,0,,293.3241,9.3123,-0.9062,0.0625,0.4182,0.0000,0.0000,0.0000,14316.6011,0.0096,0.0102,0.0113
milky,0,,237.2646,-44.0915,-0.6042,0.3964,-0.6913,0.0000,0.0000,0.0000,12376.1585,0.0103,0.0109,0.0121
milky,0,,212.9064,-62.5275,-0.2506,0.5610,-0.7889,0.0000,0.0000,0.0000,15498.4281,0.0068,0.0072,0.0080
milky,0,,253.2325,-46.5603,-0.6584,0.5202,-0.5440,0.0000,0.0000,0.0000,11449.5897,0.0067,0.0070,0.0078
milky,0,,82.9291,39.0163,0.7711,-0.4904,0.4062,0.0000,0.0000,0.0000,12330.2770,0.0021,0.0022,0.0025
milky,0,,259.5977,-23.3664,-0.9029,0.2546,-0.3463,0.0000,0.0000,0.0000,9655.4365,0.0091,0.0096,0.0107
milky,0,,97.8401,15.3000,0.9555,-0.2939,0.0231,0.0000,0.0000,0.0000,12440.3683,0.0021,0.0022,0.0025
milky,0,,24.3158,59.3320,0.2100,-0.4979,0.8414,0.0000,0.0000,0.0000,9560.3888,0.0035,0.0037,0.0042
milky,0,,289.0291,16.7226,-0.9054,-0.0858,0.4159,0.0000,0.0000,0.0000,13223.3268,0.0022,0.0023,0.0026
milky,0,,133.9651,-42.4697,0.5309,0.3150,-0.7867,0.0000,0.0000,0.0000,14746.2564,0.0029,0.0031,0.0034
milky,0,,297.3033,14.8689,-0.8588,0.0084,0.5122,0.0000,0.0000,0.0000,10262.1271,0.0065,0.0069,0.0076
milky,0,,259.8201,-43.7355,-0.7112,0.5268,-0.4655,0.0000,0.0000,0.0000,10004.2993,0.0048,0.0051,0.0056
milky,0,,277.2925,-8.0578,-0.9821,0.1849,0.0355,0.0000,0.0000,0.0000,14542.2723,0.0017,0.0018,0.0020
milky,0,,321.2772,45.5423,-0.4381,-0.3304,0.8360,0.0000,0.0000,0.0000,9465.7739,0.0016,0.0017,0.0019
milky,0,,106.9217,-26.5571,0.8558,0.2491,-0.4534,0.0000,0.0000,0.0000,13596.0898,0.0034,0.0036,0.0040
milky,0,,101.3266,-4.4611,0.9776,-0.0342,-0.2079,0.0000,0.0000,0.0000,10039.0439,0.0057,0.0061,0.0067
milky,0,,291.0271,28.2485,-0.8222,-0.2429,0.5147,0.0000,0.0000,0.0000,15667.8987,0.0053,0.0056,0.0063
milky,0,,96.7809,3.4659,0.9912,-0.1125,-0.0699,0.0000,0.0000,0.0000,13744.1563,0.0034,0.0036,0.0040
milky,0,,218.8696,-56.6889,-0.3446,0.4961,-0.7969,0.0000,0.0000,0.0000,9585.8664,0.0090,0.0095,0.0106
milky,0,,339.8096,52.5763,-0.2097,-0.3870,0.8979,0.0000,0.0000,0.0000,13809.0889,0.0035,0.0037,0.0041
milky,0,,272.0188,-18.7063,-0.9466,0.2921,-0.1366,0.0000,0.0000,0.0000,14831.9881,0.0020,0.0022,0.0024
milky,0,,291.8568,10.9158,-0.9113,0.0260,0.4109,0.0000,0.0000,0.0000,15472.7598,0.0092,0.0098,0.0109
milky,0,,107.3052,-8.4328,0.9444,-0.0258,-0.3277,0.0000,0.0000,0.0000,10348.5055,0.0059,0.0062,0.0069
milky,0,,274.9929,-15.8297,-0.9584,0.2769,-0.0687,0.0000,0.0000,0.0000,12783.3599,0.0016,0.0017,0.0019
milky,0,,285.2324,7.1613,-0.9573,0.0274,0.2877,0.0000,0.0000,0.0000,14836.5028,0.0035,0.0037,0.0041
milky,0,,290.1723,25.8231,-0.8449,-0.2135,0.4904,0.0000,0.0000,0.0000,11023.8083,0.0053,0.0056,0.0062
milky,0,,271.2531,-48.4919,-0.6626,0.6494,-0.3733,0.0000,0.0000,0.0000,15024.0849,0.0048,0.0051,0.0056
milky,0,,290.1873,9.3686,-0.9261,0.0358,0.3757,0.0000,0.0000,0.0000,15714.9049,0.0031,0.0033,0.0036
milky,0,,88.4907,29.5365,0.8697,-0.4108,0.2735,0.0000,0.0000,0.0000,14163.1071,0.0036,0.0038,0.0042
milky,0,,271.6144,-31.8426,-0.8492,0.4646,-0.2512,0.0000,0.0000,0.0000,9725.7814,0.0088,0.0093,0.0104
milky,0,,315.7674,48.4057,-0.4631,-0.3961,0.7929,0.0000,0.0000,0.0000,15190.2721,0.0017,0.0018,0.0020
milky,0,,350.3758,60.2539,-0.0830,-0.4923,0.8665,0.0000,0.0000,0.0000,9664.3386,0.0049,0.0052,0.0058
milky,0,,85.7732,21.1730,0.9300,-0.2742,0.2449,0.0000,0.0000,0.0000,11247.1642,0.0035,0.0037,0.0041
milky,0,,62.8035,47.4570,0.6014,-0.4724,0.6444,0.0000,0.0000,0.0000,12275.7337,0.0044,0.0047,0.0052
milky,0,,59.4163,49.1686,0.5629,-0.4772,0.6748,0.0000,0.0000,0.0000,12291.9178,0.0052,0.0055,0.0061
milky,0,,140.1033,-48.3636,0.4262,0.3781,-0.8219,0.0000,0.0000,0.0000,11587.5209,0.0015,0.0016,0.0018
milky,0,,67.9455,52.1883,0.5682,-0.5586,0.6042,0.0000,0.0000,0.0000,10049.7993,0.0047,0.0050,0.0055
milky,0,,248.1149,-31.8151,-0.7885,0.2887,-0.5430,0.0000,0.0000,0.0000,14607.3899,0.0048,0.0051,0.0056
milky,0,,78.0496,40.3271,0.7458,-0.4734,0.4686,0.0000,0.0000,0.0000,12672.4203,0.0019,0.0020,0.0023
milky,0,,79.5240,37.3572,0.7816,-0.4457,0.4364,0.0000,0.0000,0.0000,13840.2857,0.0021,0.0022,0.0025
milky,0,,293.3095,13.7425,-0.8921,-0.0057,0.4518,0.0000,0.0000,0.0000,11080.7187,0.0077,0.0081,0.0090
milky,0,,109.2329,-9.6970,0.9307,-0.0229,-0.3651,0.0000,0.0000,0.0000,10801.0963,0.0056,0.0059,0.0066
milky,0,,286.2379,8.7927,-0.9488,0.0113,0.3156,0.0000,0.0000,0.0000,14565.4400,0.0033,0.0035,0.0039
milky,0,,254.2068,-53.0946,-0.5778,0.6012,-0.5519,0.0000,0.0000,0.0000,15902.1362,0.0094,0.0100,0.0111
milky,0,,284.7328,5.8599,-0.9621,0.0428,0.2694,0.0000,0.0000,0.0000,15835.7047,0.0035,0.0037,0.0042
milky,0,,39.0473,55.0631,0.3608,-0.4736,0.8034,0.0000,0.0000,0.0000,11402.5627,0.0049,0.0052,0.0058
milky,0,,8.7652,62.4404,0.0705,-0.5244,0.8486,0.0000,0.0000,0.0000,9788.7521,0.0040,0.0043,0.0048
milky,0,,110.2085,-4.0155,0.9361,-0.1175,-0.3314,0.0000,0.0000,0.0000,14276.4519,0.0060,0.0063,0.0071
milky,0,,160.0807,-57.2256,0.1844,0.4586,-0.8693,0.0000,0.0000,0.0000,13191.4322,0.0051,0.0054,0.0060
milky,0,,286.8378,-28.9928,-0.8372,0.5460,-0.0325,0.0000,0.0000,0.0000,15429.6491,0.0081,0.0086,0.0095
milky,0,,295.0899,10.7441,-0.8898,0.0548,0.4531,0.0000,0.0000,0.0000,14136.2033,0.0086,0.0091,0.0101
milky,0,,181.5987,-61.5780,-0.0133,0.5088,-0.8608,0.0000,0.0000,0.0000,15200.8951,0.0066,0.0070,0.0078
milky,0,,126.5807,-30.5105,0.6918,0.1707,-0.7016,0.0000,0.0000,0.0000,10007.5540,0.0047,0.0050,0.0056
milky,0,,211.5128,-59.9863,-0.2615,0.5226,-0.8115,0.0000,0.0000,0.0000,14752.5778,0.0069,0.0073,0.0081
milky,0,,277.1924,-35.5592,-0.8071,0.5509,-0.2122,0.0000,0.0000,0.0000,9276.9173,0.0085,0.0090,0.0100
milky,0,,201.7417,-64.6283,-0.1587,0.5695,-0.8065,0.0000,0.0000,0.0000,14619.8977,0.0058,0.0062,0.0068
milky,0,,231.5204,-57.4911,-0.4207,0.5506,-0.7210,0.0000,0.0000,0.0000,9111.5363,0.0115,0.0122,0.0136
milky,0,,91.1681,20.8647,0.9342,-0.3151,0.1671,0.0000,0.0000,0.0000,13651.2165,0.0031,0.0033,0.0037
milky,0,,261.4068,-30.2428,-0.8542,0.3652,-0.3701,0.0000,0.0000,0.0000,14269.5292,0.0078,0.0082,0.0092
milky,0,,162.0780,-59.6817,0.1553,0.4926,-0.8563,0.0000,0.0000,0.0000,12150.3010,0.0058,0.0061,0.0068
milky,0,,95.2549,18.2566,0.9457,-0.3133,0.0868,0.0000,0.0000,0.0000,14827.2005,0.0025,0.0026,0.0029
milky,0,,281.4724,-26.2050,-0.8793,0.4704,-0.0745,0.0000,0.0000,0.0000,11000.1795,0.0079,0.0083,0.0093
milky,0,,277.9055,-13.1807,-0.9644,0.2644,-0.0027,0.0000,0.0000,0.0000,12718.2651,0.0015,0.0015,0.0017
milky,0,,269.0071,-36.1380,-0.8075,0.4983,-0.3157,0.0000,0.0000,0.0000,12076.1436,0.0071,0.0075,0.0084
milky,0,,358.1327,59.1577,-0.0167,-0.4720,0.8814,0.0000,0.0000,0.0000,15207.6010,0.0048,0.0050,0.0056
milky,0,,282.2857,-11.8838,-0.9562,0.2838,0.0724,0.0000,0.0000,0.0000,15425.2368,0.0053,0.0056,0.0063
milky,0,,328.2784,56.2664,-0.2920,-0.4696,0.8332,0.0000,0.0000,0.0000,11487.5478,0.0025,0.0027,0.0030
milky,0,,241.1586,-54.3677,-0.5103,0.5519,-0.6595,0.0000,0.0000,0.0000,14830.4797,0.0121,0.0128,0.0142
milky,0,,265.8952,-20.7549,-0.9327,0.2693,-0.2399,0.0000,0.0000,0.0000,14215.2325,0.0086,0.0091,0.0101
milky,0,,215.2762,-54.8345,-0.3326,0.4586,-0.8241,0.0000,0.0000,0.0000,11239.5156,0.0084,0.0089,0.0099
milky,0,,206.3472,-61.3438,-0.2128,0.5308,-0.8203,0.0000,0.0000,0.0000,9543.8378,0.0061,0.0065,0.0072
milky,0,,114.7474,-27.2061,0.8077,0.2001,-0.5546,0.0000,0.0000,0.0000,9133.5973,0.0037,0.0039,0.0043
milky,0,,266.8232,-26.1475,-0.8963,0.3521,-0.2696,0.0000,0.0000,0.0000,14721.5115,0.0092,0.0097,0.0108
milky,0,,354.6281,67.1316,-0.0364,-0.5905,0.8062,0.0000,0.0000,0.0000,11211.3783,0.0047,0.0050,0.0056
milky,0,,240.9712,-29.2568,-0.7628,0.2009,-0.6146,0.0000,0.0000,0.0000,13220.7999,0.0047,0.0049,0.0055
milky,0,,263.4291,-29.6517,-0.8633,0.3728,-0.3400,0.0000,0.0000,0.0000,9803.9397,0.0083,0.0088,0.0098
milky,0,,5.2430,63.8395,0.0403,-0.5432,0.8386,0.0000,0.0000,0.0000,10497.9221,0.0043,0.0045,0.0050
milky,0,,175.5888,-65.1571,0.0323,0.5621,-0.8264,0.0000,0.0000,0.0000,9750.0160,0.0068,0.0071,0.0079
milky,0,,356.2880,73.1432,-0.0188,-0.6713,0.7409,0.0000,0.0000,0.0000,15565.3965,0.0045,0.0047,0.0052
milky,0,,103.5305,1.2382,0.9720,-0.1390,-0.1894,0.0000,0.0000,0.0000,12241.1301,0.0048,0.0051,0.0057
milky,0,,209.4175,-60.7616,-0.2399,0.5288,-0.8141,0.0000,0.0000,0.0000,13639.1235,0.0065,0.0069,0.0076
milky,0,,325.5690,47.9874,-0.3784,-0.3526,0.8559,0.0000,0.0000,0.0000,14746.8588,0.0014,0.0015,0.0017
milky,0,,110.6303,-3.4477,0.9342,-0.1296,-0.3324,0.0000,0.0000,0.0000,11714.1423,0.0060,0.0063,0.0070
milky,0,,81.4054,31.5398,0.8427,-0.3828,0.3786,0.0000,0.0000,0.0000,15437.4463,0.0029,0.0031,0.0035
milky,0,,282.1934,5.8360,-0.9724,0.0211,0.2325,0.0000,0.0000,0.0000,11242.8677,0.0118,0.0125,0.0139
milky,0,,296.4194,13.2322,-0.8718,0.0269,0.4892,0.0000,0.0000,0.0000,12632.8510,0.0072,0.0076,0.0085
milky,0,,252.0046,-47.0037,-0.6486,0.5184,-0.5573,0.0000,0.0000,0.0000,10635.9979,0.0071,0.0076,0.0084
milky,0,,216.5177,-61.0397,-0.2881,0.5496,-0.7842,0.0000,0.0000,0.0000,12109.3619,0.0077,0.0081,0.0090
milky,0,,197.5993,-61.5155,-0.1442,0.5193,-0.8424,0.0000,0.0000,0.0000,10115.7204,0.0058,0.0061,0.0068
milky,0,,139.1739,-55.6960,0.3685,0.4884,-0.7910,0.0000,0.0000,0.0000,11282.9234,0.0018,0.0019,0.0021
milky,0,,273.3188,-36.4956,-0.8026,0.5338,-0.2664,0.0000,0.0000,0.0000,14288.3301,0.0077,0.0081,0.0090
milky,0,,116.0046,-27.5777,0.7966,0.1967,-0.5716,0.0000,0.0000,0.0000,15069.6855,0.0038,0.0040,0.0045
milky,0,,60.6045,46.0771,0.6044,-0.4420,0.6628,0.0000,0.0000,0.0000,11802.5624,0.0045,0.0047,0.0053
milky,0,,294.3752,20.9918,-0.8504,-0.1086,0.5148,0.0000,0.0000,0.0000,10313.4976,0.0016,0.0017,0.0019
milky,0,,6.1891,61.9584,0.0507,-0.5158,0.8552,0.0000,0.0000,0.0000,12535.1528,0.0042,0.0045,0.0050
milky,0,,118.1496,-23.4318,0.8090,0.1179,-0.5758,0.0000,0.0000,0.0000,9855.0027,0.0035,0.0037,0.0041
milky,0,,293.1726,18.8844,-0.8698,-0.0857,0.4858,0.0000,0.0000,0.0000,12310.5613,0.0018,0.0019,0.0021
milky,0,,318.2248,49.7296,-0.4306,-0.4057,0.8062,0.0000,0.0000,0.0000,9907.8792,0.0015,0.0015,0.0017
milky,0,,234.2410,-48.0784,-0.5422,0.4367,-0.7179,0.0000,0.0000,0.0000,12713.9791,0.0120,0.0127,0.0141
milky,0,,293.4089,23.5657,-0.8412,-0.1551,0.5181,0.0000,0.0000,0.0000,15173.7074,0.0016,0.0017,0.0019
milky,0,,304.5869,40.5218,-0.6258,-0.3347,0.7045,0.0000,0.0000,0.0000,9667.1714,0.0051,0.0054,0.0060
milky,0,,252.9613,-26.6712,-0.8544,0.2499,-0.4556,0.0000,0.0000,0.0000,12769.3452,0.0072,0.0076,0.0084
milky,0,,111.2723,-27.5506,0.8262,0.2308,-0.5139,0.0000,0.0000,0.0000,10623.6415,0.0036,0.0038,0.0042
milky,0,,117.2021,-23.1117,0.8180,0.1199,-0.5626,0.0000,0.0000,0.0000,15220.3629,0.0035,0.0037,0.0041
milky,0,,185.9731,-62.3616,-0.0483,0.5217,-0.8517,0.0000,0.0000,0.0000,9764.7012,0.0064,0.0067,0.0075
milky,0,,220.9952,-51.5728,-0.4077,0.4299,-0.8056,0.0000,0.0000,0.0000,13849.8472,0.0106,0.0112,0.0124
milky,0,,77.7622,30.7200,0.8401,-0.3440,0.4193,0.0000,0.0000,0.0000,12708.9445,0.0028,0.0029,0.0032
milky,0,,255.1912,-47.8287,-0.6491,0.5469,-0.5288,0.0000,0.0000,0.0000,12947.6386,0.0067,0.0071,0.0079
milky,0,,227.6337,-55.6269,-0.4171,0.5115,-0.7512,0.0000,0.0000,0.0000,14346.8828,0.0112,0.0119,0.0132
milky,0,,249.4301,-56.9436,-0.5107,0.6197,-0.5959,0.0000,0.0000,0.0000,10341.6584,0.0117,0.0124,0.0138
milky,0,,227.0873,-57.8391,-0.3899,0.5390,-0.7467,0.0000,0.0000,0.0000,15838.1617,0.0107,0.0113,0.0125
milky,0,,195.2177,-69.3712,-0.0925,0.6271,-0.7734,0.0000,0.0000,0.0000,9731.8914,0.0059,0.0062,0.0069
milky,0,,325.0423,49.9049,-0.3690,-0.3838,0.8465,0.0000,0.0000,0.0000,9541.3479,0.0015,0.0016,0.0017
milky,0,,263.5048,-41.3676,-0.7457,0.5228,-0.4132,0.0000,0.0000,0.0000,9750.5634,0.0048,0.0051,0.0056
milky,0,,246.7987,-51.4221,-0.5731,0.5436,-0.6132,0.0000,0.0000,0.0000,12029.3851,0.0104,0.0110,0.0123
milky,0,,306.3959,28.3676,-0.7083,-0.1384,0.6922,0.0000,0.0000,0.0000,12897.5971,0.0061,0.0065,0.0072
milky,0,,0.3813,62.9063,0.0030,-0.5285,0.8489,0.0000,0.0000,0.0000,12098.5392,0.0046,0.0048,0.0054
milky,0,,246.7748,-39.7635,-0.7064,0.3921,-0.5893,0.0000,0.0000,0.0000,14827.6368,0.0057,0.0060,0.0067
milky,0,,105.6713,2.9799,0.9615,-0.1835,-0.2044,0.0000,0.0000,0.0000,11228.5411,0.0047,0.0050,0.0055
milky,0,,272.8351,-22.0646,-0.9256,0.3456,-0.1542,0.0000,0.0000,0.0000,12917.7047,0.0078,0.0083,0.0092
milky,0,,283.2352,1.3885,-0.9732,0.0971,0.2087,0.0000,0.0000,0.0000,9092.4951,0.0033,0.0035,0.0039
milky,0,,130.0093,-33.4428,0.6391,0.1961,-0.7437,0.0000,0.0000,0.0000,13703.7168,0.0047,0.0050,0.0056
milky,0,,283.5018,20.3259,-0.9118,-0.1850,0.3666,0.0000,0.0000,0.0000,9298.6448,0.0070,0.0074,0.0082
milky,0,,95.6439,-2.3280,0.9943,-0.0158,-0.1051,0.0000,0.0000,0.0000,9002.7390,0.0047,0.0050,0.0056
milky,0,,277.8419,-24.6587,-0.9003,0.4215,-0.1086,0.0000,0.0000,0.0000,14070.1169,0.0079,0.0083,0.0093
milky,0,,98.6022,4.9369,0.9851,-0.1505,-0.0834,0.0000,0.0000,0.0000,13730.6697,0.0033,0.0035,0.0038
milky,0,,103.9973,-6.0366,0.9649,-0.0337,-0.2603,0.0000,0.0000,0.0000,15602.0978,0.0060,0.0063,0.0070
milky,0,,198.5454,-59.7663,-0.1602,0.4947,-0.8542,0.0000,0.0000,0.0000,12615.2738,0.0058,0.0061,0.0068
milky,0,,263.1784,-30.9659,-0.8514,0.3886,-0.3523,0.0000,0.0000,0.0000,15390.9037,0.0079,0.0083,0.0093
milky,0,,281.1539,-3.6890,-0.9791,0.1546,0.1323,0.0000,0.0000,0.0000,15084.9513,0.0026,0.0027,0.0030
milky,0,,63.1324,55.9336,0.4997,-0.5797,0.6436,0.0000,0.0000,0.0000,11687.1792,0.0057,0.0060,0.0067
milky,0,,278.0159,-26.5749,-0.8856,0.4477,-0.1235,0.0000,0.0000,0.0000,11774.7662,0.0085,0.0090,0.0100
milky,0,,288.9704,7.4213,-0.9378,0.0553,0.3428,0.0000,0.0000,0.0000,12143.5771,0.0033,0.0035,0.0039
milky,0,,268.5489,-11.4984,-0.9796,0.1581,-0.1239,0.0000,0.0000,0.0000,10416.2321,0.0052,0.0055,0.0061
milky,0,,266.9050,-18.7599,-0.9455,0.2493,-0.2095,0.0000,0.0000,0.0000,13737.6839,0.0078,0.0082,0.0092
milky,0,,334.7209,55.8193,-0.2399,-0.4475,0.8615,0.0000,0.0000,0.0000,12786.8783,0.0032,0.0034,0.0038
milky,0,,260.8672,-25.9288,-0.8879,0.3013,-0.3476,0.0000,0.0000,0.0000,11284.4685,0.0089,0.0094,0.0104
milky,0,,252.7953,-50.7468,-0.6044,0.5674,-0.5592,0.0000,0.0000,0.0000,13398.2286,0.0087,0.0092,0.0102
milky,0,,99.5783,17.4035,0.9409,-0.3382,0.0179,0.0000,0.0000,0.0000,12872.7055,0.0022,0.0023,0.0026
milky,0,,260.6720,-4.3352,-0.9840,-0.0184,-0.1775,0.0000,0.0000,0.0000,15143.2706,0.0049,0.0052,0.0057
milky,0,,289.9302,-0.7020,-0.9400,0.1861,0.2859,0.0000,0.0000,0.0000,10363.9799,0.0115,0.0122,0.0135
milky,0,,298.4359,24.7649,-0.7985,-0.1364,0.5864,0.0000,0.0000,0.0000,11743.5887,0.0053,0.0057,0.0063
milky,0,,285.0950,7.2184,-0.9578,0.0254,0.2862,0.0000,0.0000,0.0000,12283.4061,0.0035,0.0037,0.0041
milky,0,,282.0967,-1.8040,-0.9773,0.1349,0.1633,0.0000,0.0000,0.0000,9012.7750,0.0029,0.0031,0.0034
milky,0,,30.9633,64.3389,0.2228,-0.5814,0.7825,0.0000,0.0000,0.0000,14900.3390,0.0037,0.0039,0.0043
milky,0,,192.5044,-58.0279,-0.1146,0.4609,-0.8800,0.0000,0.0000,0.0000,9028.1138,0.0060,0.0063,0.0070
milky,0,,207.2714,-65.6482,-0.1889,0.5921,-0.7834,0.0000,0.0000,0.0000,11612.0045,0.0060,0.0064,0.0071
milky,0,,97.8330,20.1621,0.9300,-0.3613,0.0679,0.0000,0.0000,0.0000,11427.0312,0.0026,0.0027,0.0030
milky,0,,278.8190,-6.0894,-0.9826,0.1694,0.0760,0.0000,0.0000,0.0000,9425.7670,0.0020,0.0022,0.0024
milky,0,,286.6349,6.8821,-0.9512,0.0437,0.3053,0.0000,0.0000,0.0000,11212.2064,0.0035,0.0037,0.0041
milky,0,,269.3062,-9.5084,-0.9862,0.1354,-0.0953,0.0000,0.0000,0.0000,13067.8154,0.0049,0.0052,0.0057
milky,0,,230.2160,-56.4135,-0.4251,0.5317,-0.7325,0.0000,0.0000,0.0000,9209.9443,0.0115,0.0122,0.0136
milky,0,,269.2094,-33.8634,-0.8303,0.4717,-0.2968,0.0000,0.0000,0.0000,12001.3694,0.0080,0.0084,0.0094
milky,0,,241.4988,-48.1519,-0.5863,0.4746,-0.6565,0.0000,0.0000,0.0000,12084.0222,0.0105,0.0111,0.0124
milky,0,,232.6982,-47.2073,-0.5404,0.4170,-0.7308,0.0000,0.0000,0.0000,14838.5481,0.0120,0.0127,0.0142
milky,0,,271.5219,-2.0438,-0.9990,0.0442,0.0044,0.0000,0.0000,0.0000,15566.1024,0.0069,0.0073,0.0081
milky,0,,250.6579,-42.9447,-0.6907,0.4591,-0.5587,0.0000,0.0000,0.0000,10974.0176,0.0059,0.0062,0.0069
milky,0,,17.1975,63.3838,0.1325,-0.5459,0.8273,0.0000,0.0000,0.0000,15122.6294,0.0036,0.0038,0.0042
milky,0,,86.7778,34.9661,0.8182,-0.4675,0.3346,0.0000,0.0000,0.0000,11693.0165,0.0029,0.0030,0.0034
milky,0,,88.0011,26.4740,0.8946,-0.3660,0.2564,0.0000,0.0000,0.0000,15512.7881,0.0037,0.0039,0.0043
milky,0,,260.7462,-40.1103,-0.7549,0.4889,-0.4372,0.0000,0.0000,0.0000,13311.1662,0.0048,0.0050,0.0056
milky,0,,281.9107,-34.1757,-0.8095,0.5694,-0.1430,0.0000,0.0000,0.0000,13344.0399,0.0091,0.0096,0.0107
milky,0,,272.5480,-31.0026,-0.8563,0.4611,-0.2326,0.0000,0.0000,0.0000,13913.9705,0.0090,0.0096,0.0106
milky,0,,254.9563,-26.6826,-0.8629,0.2655,-0.4301,0.0000,0.0000,0.0000,12066.6523,0.0076,0.0081,0.0090
milky,0,,283.3370,12.2673,-0.9508,-0.0660,0.3026,0.0000,0.0000,0.0000,10891.6972,0.0105,0.0111,0.0123
milky,0,,256.2674,-31.2151,-0.8308,0.3397,-0.4409,0.0000,0.0000,0.0000,15907.7860,0.0064,0.0067,0.0075
milky,0,,322.3202,41.4697,-0.4580,-0.2622,0.8494,0.0000,0.0000,0.0000,9074.2887,0.0021,0.0022,0.0025
milky,0,,120.3904,-33.9074,0.7159,0.2619,-0.6472,0.0000,0.0000,0.0000,9393.8162,0.0047,0.0050,0.0056
milky,0,,340.9273,52.7412,-0.1978,-0.3875,0.9004,0.0000,0.0000,0.0000,11816.6414,0.0037,0.0039,0.0043
milky,0,,274.7109,-40.7523,-0.7550,0.5916,-0.2829,0.0000,0.0000,0.0000,10179.7401,0.0062,0.0066,0.0073
milky,0,,327.6623,51.0108,-0.3366,-0.3925,0.8560,0.0000,0.0000,0.0000,14702.1207,0.0017,0.0018,0.0020
milky,0,,0.6313,60.3972,0.0054,-0.4909,0.8712,0.0000,0.0000,0.0000,15619.7982,0.0046,0.0049,0.0054
milky,0,,123.4082,-28.4350,0.7341,0.1588,-0.6603,0.0000,0.0000,0.0000,14804.0860,0.0044,0.0046,0.0051
milky,0,,283.6642,1.8540,-0.9712,0.0939,0.2190,0.0000,0.0000,0.0000,9408.6325,0.0034,0.0036,0.0040
milky,0,,313.3103,47.0491,-0.4958,-0.3867,0.7776,0.0000,0.0000,0.0000,12304.3391,0.0022,0.0023,0.0026
milky,0,,289.7550,-40.8496,-0.7119,0.6923,-0.1177,0.0000,0.0000,0.0000,14851.2646,0.0080,0.0085,0.0094
milky,0,,351.5238,66.5088,-0.0588,-0.5831,0.8103,0.0000,0.0000,0.0000,14791.4360,0.0048,0.0051,0.0057
milky,0,,104.9427,-0.3189,0.9662,-0.1280,-0.2239,0.0000,0.0000,0.0000,11790.7646,0.0053,0.0057,0.0063
milky,0,,280.3471,-17.2067,-0.9397,0.3419,-0.0053,0.0000,0.0000,0.0000,10817.7918,0.0051,0.0054,0.0060
milky,0,,278.8284,-46.3223,-0.6824,0.6745,-0.2816,0.0000,0.0000,0.0000,12369.3742,0.0049,0.0052,0.0058
milky,0,,274.6083,-2.4971,-0.9958,0.0787,0.0464,0.0000,0.0000,0.0000,12585.2971,0.0074,0.0079,0.0088
milky,0,,291.3146,9.5980,-0.9186,0.0417,0.3931,0.0000,0.0000,0.0000,11164.1774,0.0099,0.0105,0.0117
milky,0,,103.4408,2.1485,0.9719,-0.1518,-0.1798,0.0000,0.0000,0.0000,13878.8395,0.0046,0.0049,0.0054
milky,0,,286.8785,-1.7774,-0.9565,0.1761,0.2328,0.0000,0.0000,0.0000,11582.7298,0.0107,0.0114,0.0126
milky,0,,89.6125,12.5782,0.9760,-0.1833,0.1178,0.0000,0.0000,0.0000,12549.9692,0.0022,0.0023,0.0026
milky,0,,281.1293,-0.4907,-0.9812,0.1068,0.1610,0.0000,0.0000,0.0000,9303.0808,0.0030,0.0032,0.0036
milky,0,,290.8562,29.1665,-0.8160,-0.2576,0.5175,0.0000,0.0000,0.0000,13975.7153,0.0054,0.0057,0.0063
milky,0,,109.2847,-9.5898,0.9307,-0.0249,-0.3649,0.0000,0.0000,0.0000,15995.1879,0.0056,0.0059,0.0066
milky,0,,158.2361,-61.1451,0.1789,0.5199,-0.8353,0.0000,0.0000,0.0000,11030.3093,0.0055,0.0058,0.0064
milky,0,,95.9223,0.0900,0.9947,-0.0545,-0.0876,0.0000,0.0000,0.0000,11472.6695,0.0041,0.0044,0.0049
milky,0,,286.0951,3.8604,-0.9586,0.0848,0.2718,0.0000,0.0000,0.0000,9021.7674,0.0035,0.0038,0.0042
milky,0,,114.2199,-18.1384,0.8667,0.0661,-0.4945,0.0000,0.0000,0.0000,12977.2760,0.0037,0.0039,0.0043
milky,0,,249.7232,-39.4601,-0.7242,0.4070,-0.5567,0.0000,0.0000,0.0000,10601.3550,0.0051,0.0054,0.0060
milky,0,,314.4109,39.7715,-0.5490,-0.2713,0.7905,0.0000,0.0000,0.0000,10076.9350,0.0038,0.0040,0.0045
milky,0,,272.1208,-5.6653,-0.9944,0.1036,-0.0193,0.0000,0.0000,0.0000,14722.2308,0.0056,0.0059,0.0066
milky,0,,242.1832,-43.7366,-0.6390,0.4189,-0.6451,0.0000,0.0000,0.0000,14046.7692,0.0086,0.0091,0.0101
milky,0,,236.8305,-63.1003,-0.3787,0.6369,-0.6715,0.0000,0.0000,0.0000,12883.3741,0.0111,0.0117,0.0131
milky,0,,44.8456,57.5071,0.3788,-0.5268,0.7609,0.0000,0.0000,0.0000,11103.3465,0.0053,0.0056,0.0062
milky,0,,133.5047,-38.9485,0.5641,0.2631,-0.7827,0.0000,0.0000,0.0000,14916.1058,0.0037,0.0039,0.0043
milky,0,,270.7316,-41.8625,-0.7447,0.5769,-0.3356,0.0000,0.0000,0.0000,13255.5845,0.0053,0.0057,0.0063
milky,0,,122.7906,-26.7850,0.7505,0.1373,-0.6465,0.0000,0.0000,0.0000,13494.0595,0.0041,0.0044,0.0049
milky,0,,259.8767,-24.5649,-0.8953,0.2740,-0.3511,0.0000,0.0000,0.0000,15970.9105,0.0090,0.0095,0.0106
milky,0,,268.8105,-21.3093,-0.9314,0.3015,-0.2037,0.0000,0.0000,0.0000,15611.8090,0.0083,0.0087,0.0097
milky,0,,235.8480,-36.6076,-0.6643,0.2791,-0.6934,0.0000,0.0000,0.0000,15508.4909,0.0080,0.0085,0.0094
milky,0,,270.7215,-21.6368,-0.9295,0.3221,-0.1799,0.0000,0.0000,0.0000,14356.7612,0.0080,0.0085,0.0095
milky,0,,292.1100,16.1977,-0.8897,-0.0530,0.4535,0.0000,0.0000,0.0000,12948.0309,0.0021,0.0022,0.0025
milky,0,,7.3376,68.8413,0.0461,-0.6150,0.7872,0.0000,0.0000,0.0000,15022.7036,0.0041,0.0043,0.0048
milky,0,,74.7866,45.6675,0.6743,-0.5187,0.5256,0.0000,0.0000,0.0000,10280.0961,0.0025,0.0027,0.0030
milky,0,,302.5884,38.2680,-0.6615,-0.3131,0.6815,0.0000,0.0000,0.0000,15674.5251,0.0058,0.0061,0.0068
milky,0,,131.5381,-43.3663,0.5442,0.3403,-0.7669,0.0000,0.0000,0.0000,10283.9246,0.0030,0.0032,0.0036
milky,0,,128.8405,-34.0743,0.6452,0.2127,-0.7338,0.0000,0.0000,0.0000,13064.9813,0.0047,0.0050,0.0056
milky,0,,284.7976,3.2983,-0.9652,0.0820,0.2482,0.0000,0.0000,0.0000,10804.9118,0.0035,0.0037,0.0041
milky,0,,265.4379,-44.0570,-0.7164,0.5666,-0.4071,0.0000,0.0000,0.0000,12366.7468,0.0046,0.0049,0.0055
milky,0,,126.7261,-42.9718,0.5865,0.3589,-0.7261,0.0000,0.0000,0.0000,12935.2409,0.0037,0.0039,0.0043
milky,0,,269.4872,-8.4879,-0.9890,0.1220,-0.0836,0.0000,0.0000,0.0000,12338.1198,0.0049,0.0052,0.0057
milky,0,,69.9161,48.9114,0.6173,-0.5298,0.5816,0.0000,0.0000,0.0000,9361.0585,0.0038,0.0040,0.0044
milky,0,,135.0336,-43.3525,0.5139,0.3235,-0.7946,0.0000,0.0000,0.0000,11209.7646,0.0026,0.0027,0.0031
milky,0,,107.4785,-15.0177,0.9213,0.0727,-0.3821,0.0000,0.0000,0.0000,14698.7802,0.0048,0.0051,0.0056
milky,0,,278.7291,-15.6348,-0.9518,0.3063,-0.0135,0.0000,0.0000,0.0000,14673.0307,0.0050,0.0053,0.0059
milky,0,,208.7453,-62.9941,-0.2184,0.5587,-0.8001,0.0000,0.0000,0.0000,9916.3738,0.0063,0.0066,0.0074
milky,0,,279.7477,-1.0832,-0.9854,0.1034,0.1354,0.0000,0.0000,0.0000,13447.0288,0.0028,0.0030,0.0033
milky,0,,257.8333,-44.7299,-0.6945,0.5261,-0.4908,0.0000,0.0000,0.0000,11364.0270,0.0052,0.0055,0.0061
milky,0,,295.4463,30.0264,-0.7818,-0.2373,0.5766,0.0000,0.0000,0.0000,10772.4069,0.0057,0.0060,0.0067
milky,0,,277.7294,4.9004,-0.9873,-0.0042,0.1589,0.0000,0.0000,0.0000,10254.6310,0.0114,0.0120,0.0134
milky,0,,136.9055,-49.0508,0.4478,0.4009,-0.7992,0.0000,0.0000,0.0000,14733.5070,0.0016,0.0017,0.0018
milky,0,,129.5701,-42.2589,0.5705,0.3336,-0.7505,0.0000,0.0000,0.0000,9924.0532,0.0035,0.0037,0.0041
milky,0,,188.9113,-59.4701,-0.0787,0.4799,-0.8738,0.0000,0.0000,0.0000,9347.1531,0.0062,0.0066,0.0073
milky,0,,172.7726,-64.1689,0.0548,0.5489,-0.8341,0.0000,0.0000,0.0000,14053.3397,0.0068,0.0072,0.0080
milky,0,,273.6514,-12.8874,-0.9728,0.2232,-0.0617,0.0000,0.0000,0.0000,10484.4179,0.0015,0.0016,0.0018
milky,0,,246.9080,-43.4931,-0.6673,0.4434,-0.5984,0.0000,0.0000,0.0000,14925.1560,0.0070,0.0074,0.0083
milky,0,,192.5609,-63.8099,-0.0960,0.5473,-0.8314,0.0000,0.0000,0.0000,10564.5239,0.0060,0.0063,0.0070
milky,0,,122.2846,-39.8636,0.6489,0.3383,-0.6815,0.0000,0.0000,0.0000,13348.1299,0.0046,0.0048,0.0054
milky,0,,285.7308,14.6133,-0.9314,-0.0811,0.3548,0.0000,0.0000,0.0000,15252.7260,0.0090,0.0095,0.0106
milky,0,,6.3143,64.0852,0.0481,-0.5473,0.8356,0.0000,0.0000,0.0000,15837.3567,0.0042,0.0044,0.0049
milky,0,,299.0720,33.1052,-0.7321,-0.2585,0.6302,0.0000,0.0000,0.0000,15798.2205,0.0061,0.0065,0.0072
milky,0,,107.0498,-0.4930,0.9560,-0.1436,-0.2557,0.0000,0.0000,0.0000,9675.7431,0.0056,0.0059,0.0066
milky,0,,72.4221,50.7906,0.6026,-0.5658,0.5627,0.0000,0.0000,0.0000,13927.3512,0.0039,0.0041,0.0045
milky,0,,104.0709,-7.2771,0.9622,-0.0156,-0.2720,0.0000,0.0000,0.0000,9174.4467,0.0060,0.0063,0.0071
milky,0,,278.5913,-25.2296,-0.8945,0.4350,-0.1037,0.0000,0.0000,0.0000,9965.5092,0.0080,0.0084,0.0094
milky,0,,242.4211,-32.2164,-0.7499,0.2552,-0.6103,0.0000,0.0000,0.0000,10255.1366,0.0048,0.0051,0.0057
milky,0,,202.5199,-55.8508,-0.2150,0.4423,-0.8707,0.0000,0.0000,0.0000,13128.0855,0.0060,0.0063,0.0070
milky,0,,67.4245,44.5018,0.6586,-0.4598,0.5957,0.0000,0.0000,0.0000,12329.1180,0.0031,0.0033,0.0037
milky,0,,306.0965,42.3967,-0.5967,-0.3539,0.7202,0.0000,0.0000,0.0000,11380.1577,0.0044,0.0047,0.0052
milky,0,,118.2171,-26.4993,0.7886,0.1645,-0.5925,0.0000,0.0000,0.0000,10025.9201,0.0038,0.0040,0.0045
milky,0,,259.9965,-53.4425,-0.5866,0.6352,-0.5024,0.0000,0.0000,0.0000,11712.8254,0.0084,0.0089,0.0099
milky,0,,170.8503,-61.4683,0.0760,0.5102,-0.8567,0.0000,0.0000,0.0000,9089.1071,0.0067,0.0071,0.0079
milky,0,,253.3684,-41.5595,-0.7170,0.4583,-0.5253,0.0000,0.0000,0.0000,12657.6072,0.0050,0.0053,0.0059
milky,0,,130.4320,-46.6094,0.5229,0.3934,-0.7562,0.0000,0.0000,0.0000,15940.8548,0.0025,0.0026,0.0029
milky,0,,110.7387,-11.5534,0.9163,-0.0070,-0.4005,0.0000,0.0000,0.0000,9508.1317,0.0051,0.0054,0.0060
milky,0,,132.3593,-37.2279,0.5884,0.2423,-0.7714,0.0000,0.0000,0.0000,13739.2741,0.0041,0.0044,0.0049
milky,0,,268.6641,-6.2511,-0.9938,0.0814,-0.0759,0.0000,0.0000,0.0000,13779.5606,0.0050,0.0053,0.0059
milky,0,,98.4265,11.0078,0.9710,-0.2378,-0.0250,0.0000,0.0000,0.0000,14047.7903,0.0022,0.0023,0.0026
milky,0,,113.9445,-16.4058,0.8767,0.0416,-0.4792,0.0000,0.0000,0.0000,11067.8846,0.0039,0.0042,0.0046
milky,0,,275.9227,-1.6394,-0.9943,0.0776,0.0737,0.0000,0.0000,0.0000,15122.3144,0.0082,0.0087,0.0097
milky,0,,85.3538,25.9273,0.8964,-0.3373,0.2876,0.0000,0.0000,0.0000,11295.1782,0.0037,0.0039,0.0043
milky,0,,274.9787,-41.3114,-0.7483,0.5994,-0.2841,0.0000,0.0000,0.0000,15108.9696,0.0061,0.0064,0.0071
milky,0,,88.3880,31.9431,0.8482,-0.4412,0.2930,0.0000,0.0000,0.0000,9013.9551,0.0034,0.0036,0.0040
milky,0,,120.3604,-33.4270,0.7201,0.2549,-0.6453,0.0000,0.0000,0.0000,14931.5564,0.0047,0.0050,0.0055
milky,0,,301.0857,30.3973,-0.7387,-0.2044,0.6423,0.0000,0.0000,0.0000,13261.4769,0.0060,0.0064,0.0071
milky,0,,118.3925,-22.6811,0.8117,0.1046,-0.5747,0.0000,0.0000,0.0000,9305.6799,0.0035,0.0037,0.0041
milky,0,,281.9302,7.4751,-0.9701,-0.0060,0.2427,0.0000,0.0000,0.0000,11916.0334,0.0118,0.0125,0.0139
milky,0,,300.1361,29.7844,-0.7506,-0.2014,0.6293,0.0000,0.0000,0.0000,14230.0495,0.0059,0.0063,0.0070
milky,0,,262.3740,-13.2457,-0.9648,0.1299,-0.2287,0.0000,0.0000,0.0000,14346.1185,0.0068,0.0072,0.0080
milky,0,,283.4099,-32.4330,-0.8210,0.5605,-0.1084,0.0000,0.0000,0.0000,10481.3887,0.0091,0.0097,0.0108
milky,0,,97.0910,11.2568,0.9733,-0.2297,-0.0032,0.0000,0.0000,0.0000,13916.1445,0.0021,0.0022,0.0025
milky,0,,269.9640,-14.1476,-0.9697,0.2092,-0.1264,0.0000,0.0000,0.0000,9080.5919,0.0056,0.0060,0.0066
milky,0,,7.0075,56.8074,0.0668,-0.4375,0.8968,0.0000,0.0000,0.0000,15714.3237,0.0042,0.0045,0.0050
milky,0,,302.8603,35.1803,-0.6866,-0.2654,0.6769,0.0000,0.0000,0.0000,15706.1746,0.0061,0.0065,0.0072
milky,0,,294.6495,20.2575,-0.8527,-0.0953,0.5137,0.0000,0.0000,0.0000,10640.7400,0.0017,0.0018,0.0020
milky,0,,227.5734,-54.7082,-0.4265,0.4989,-0.7545,0.0000,0.0000,0.0000,15137.0839,0.0114,0.0121,0.0134
milky,0,,259.5251,-34.5884,-0.8095,0.4095,-0.4207,0.0000,0.0000,0.0000,15892.0226,0.0059,0.0062,0.0069
milky,0,,56.8524,56.6097,0.4608,-0.5607,0.6880,0.0000,0.0000,0.0000,15405.7737,0.0059,0.0062,0.0069
milky,0,,100.5779,11.0360,0.9648,-0.2569,-0.0559,0.0000,0.0000,0.0000,11944.6828,0.0023,0.0024,0.0027
milky,0,,78.2083,38.6477,0.7645,-0.4531,0.4585,0.0000,0.0000,0.0000,9626.6057,0.0020,0.0021,0.0023
milky,0,,172.4478,-62.3308,0.0610,0.5221,-0.8507,0.0000,0.0000,0.0000,10021.1465,0.0067,0.0071,0.0079
milky,0,,91.2972,20.7838,0.9347,-0.3151,0.1646,0.0000,0.0000,0.0000,12241.2005,0.0031,0.0033,0.0037
milky,0,,284.8034,-2.3099,-0.9660,0.1660,0.1981,0.0000,0.0000,0.0000,9056.7432,0.0101,0.0107,0.0119
milky,0,,289.8028,2.2951,-0.9401,0.1400,0.3108,0.0000,0.0000,0.0000,11455.1586,0.0118,0.0125,0.0139
milky,0,,238.0619,-51.6130,-0.5270,0.5027,-0.6853,0.0000,0.0000,0.0000,14135.5703,0.0120,0.0127,0.0141
milky,0,,36.4118,61.4849,0.2834,-0.5553,0.7819,0.0000,0.0000,0.0000,11309.7882,0.0042,0.0044,0.0049
milky,0,,291.2078,20.5102,-0.8732,-0.1258,0.4709,0.0000,0.0000,0.0000,15939.0320,0.0017,0.0019,0.0021
milky,0,,59.4107,50.7769,0.5443,-0.4983,0.6748,0.0000,0.0000,0.0000,12026.4955,0.0054,0.0057,0.0063
milky,0,,184.1715,-59.9980,-0.0364,0.4855,-0.8735,0.0000,0.0000,0.0000,13720.4765,0.0065,0.0069,0.0077
milky,0,,319.4836,49.7842,-0.4195,-0.4017,0.8140,0.0000,0.0000,0.0000,13908.7247,0.0014,0.0015,0.0017
milky,0,,313.0437,36.7405,-0.5857,-0.2310,0.7769,0.0000,0.0000,0.0000,10784.8983,0.0048,0.0051,0.0057
milky,0,,238.6685,-57.5176,-0.4587,0.5792,-0.6738,0.0000,0.0000,0.0000,10075.8458,0.0122,0.0129,0.0144
milky,0,,303.6027,27.6349,-0.7379,-0.1451,0.6592,0.0000,0.0000,0.0000,15186.7320,0.0059,0.0063,0.0070
milky,0,,261.5129,-35.1620,-0.8086,0.4315,-0.4000,0.0000,0.0000,0.0000,11310.5986,0.0061,0.0064,0.0071
milky,0,,252.6921,-48.2439,-0.6358,0.5374,-0.5540,0.0000,0.0000,0.0000,11696.7202,0.0075,0.0080,0.0089
milky,0,,85.2973,23.0986,0.9167,-0.2974,0.2667,0.0000,0.0000,0.0000,13077.5240,0.0036,0.0038,0.0043
milky,0,,70.3537,51.4135,0.5874,-0.5620,0.5823,0.0000,0.0000,0.0000,15737.6031,0.0043,0.0045,0.0050
milky,0,,256.2277,-40.6179,-0.7372,0.4650,-0.4902,0.0000,0.0000,0.0000,13297.9451,0.0047,0.0050,0.0055
milky,0,,111.7713,-9.7194,0.9153,-0.0436,-0.4003,0.0000,0.0000,0.0000,15913.3974,0.0054,0.0057,0.0063
milky,0,,107.2012,1.1881,0.9551,-0.1701,-0.2428,0.0000,0.0000,0.0000,14858.7617,0.0053,0.0056,0.0062
milky,0,,282.3136,-38.4897,-0.7647,0.6195,-0.1775,0.0000,0.0000,0.0000,10409.1697,0.0081,0.0086,0.0096
milky,0,,284.5638,-4.5654,-0.9648,0.1973,0.1739,0.0000,0.0000,0.0000,14035.0968,0.0090,0.0095,0.0106
milky,0,,272.0816,-19.2863,-0.9433,0.3008,-0.1407,0.0000,0.0000,0.0000,13418.8537,0.0021,0.0022,0.0025
milky,0,,136.6100,-43.3946,0.4992,0.3169,-0.8065,0.0000,0.0000,0.0000,15246.7080,0.0024,0.0025,0.0028
milky,0,,246.2665,-41.7113,-0.6834,0.4156,-0.6002,0.0000,0.0000,0.0000,12300.9627,0.0065,0.0069,0.0076
milky,0,,276.7924,-6.9225,-0.9857,0.1638,0.0386,0.0000,0.0000,0.0000,10894.6970,0.0018,0.0019,0.0021
milky,0,,239.3153,-52.3004,-0.5259,0.5175,-0.6750,0.0000,0.0000,0.0000,13253.5897,0.0120,0.0127,0.0141
milky,0,,272.9111,-21.6356,-0.9283,0.3404,-0.1494,0.0000,0.0000,0.0000,14539.2825,0.0077,0.0081,0.0090
milky,0,,355.3608,53.0571,-0.0486,-0.3765,0.9251,0.0000,0.0000,0.0000,12530.3518,0.0049,0.0052,0.0058
milky,0,,251.5574,-42.6842,-0.6973,0.4613,-0.5485,0.0000,0.0000,0.0000,11062.8531,0.0056,0.0059,0.0066
milky,0,,69.4039,50.9969,0.5891,-0.5521,0.5900,0.0000,0.0000,0.0000,14318.7862,0.0043,0.0045,0.0050
milky,0,,94.7098,1.6051,0.9962,-0.0663,-0.0559,0.0000,0.0000,0.0000,15880.2718,0.0036,0.0038,0.0042
milky,0,,160.2905,-63.6018,0.1499,0.5522,-0.8201,0.0000,0.0000,0.0000,13713.0527,0.0061,0.0064,0.0071
milky,0,,327.2671,54.9028,-0.3109,-0.4522,0.8360,0.0000,0.0000,0.0000,15923.5406,0.0022,0.0023,0.0026
milky,0,,209.8582,-59.6886,-0.2513,0.5146,-0.8198,0.0000,0.0000,0.0000,11192.5128,0.0066,0.0070,0.0078
milky,0,,81.5781,27.3695,0.8785,-0.3271,0.3483,0.0000,0.0000,0.0000,13342.9070,0.0035,0.0037,0.0041
milky,0,,291.9275,3.6650,-0.9258,0.1371,0.3524,0.0000,0.0000,0.0000,14447.1099,0.0116,0.0123,0.0137
milky,0,,68.5409,41.7637,0.6942,-0.4304,0.5769,0.0000,0.0000,0.0000,15210.1595,0.0025,0.0027,0.0030
milky,0,,183.0091,-64.6895,-0.0224,0.5550,-0.8316,0.0000,0.0000,0.0000,14295.7390,0.0065,0.0069,0.0076
milky,0,,289.9486,-0.3270,-0.9400,0.1806,0.2895,0.0000,0.0000,0.0000,14754.3418,0.0116,0.0123,0.0136
milky,0,,112.5241,-16.3757,0.8862,0.0524,-0.4602,0.0000,0.0000,0.0000,13873.2381,0.0041,0.0043,0.0048
milky,0,,283.0672,2.8856,-0.9729,0.0731,0.2195,0.0000,0.0000,0.0000,9939.6170,0.0035,0.0037,0.0041
milky,0,,126.9208,-32.6023,0.6735,0.2012,-0.7113,0.0000,0.0000,0.0000,13441.8556,0.0048,0.0051,0.0057
milky,0,,38.0541,56.1772,0.3431,-0.4864,0.8036,0.0000,0.0000,0.0000,9994.5127,0.0047,0.0050,0.0056
milky,0,,97.9327,10.2547,0.9746,-0.2225,-0.0247,0.0000,0.0000,0.0000,12899.8386,0.0022,0.0024,0.0026
milky,0,,273.2382,-5.9119,-0.9931,0.1172,-0.0049,0.0000,0.0000,0.0000,15898.4859,0.0057,0.0060,0.0067
milky,0,,330.0995,58.6773,-0.2591,-0.5001,0.8263,0.0000,0.0000,0.0000,12863.0702,0.0031,0.0033,0.0037
milky,0,,83.0228,25.1907,0.8982,-0.3082,0.3134,0.0000,0.0000,0.0000,10532.3837,0.0037,0.0039,0.0043
milky,0,,265.9526,-18.7690,-0.9445,0.2414,-0.2230,0.0000,0.0000,0.0000,12162.6989,0.0080,0.0084,0.0094
milky,0,,87.2567,37.9177,0.7880,-0.5073,0.3489,0.0000,0.0000,0.0000,14423.6085,0.0025,0.0026,0.0029
milky,0,,206.7238,-59.3234,-0.2294,0.5025,-0.8336,0.0000,0.0000,0.0000,12166.7469,0.0062,0.0066,0.0073
milky,0,,275.2741,-17.7634,-0.9483,0.3066,-0.0821,0.0000,0.0000,0.0000,11470.8001,0.0018,0.0019,0.0021
milky,0,,267.2176,-1.8395,-0.9983,0.0025,-0.0581,0.0000,0.0000,0.0000,9442.1326,0.0060,0.0063,0.0071
milky,0,,284.0114,-7.0601,-0.9629,0.2291,0.1427,0.0000,0.0000,0.0000,10009.0719,0.0076,0.0080,0.0089
milky,0,,313.0562,49.7727,-0.4719,-0.4274,0.7712,0.0000,0.0000,0.0000,15348.5680,0.0017,0.0018,0.0021
milky,0,,285.0627,2.0247,-0.9650,0.1035,0.2408,0.0000,0.0000,0.0000,9737.2690,0.0035,0.0037,0.0041
milky,0,,306.1464,45.7771,-0.5632,-0.4024,0.7217,0.0000,0.0000,0.0000,14192.5561,0.0034,0.0037,0.0041
milky,0,,303.4007,27.8590,-0.7381,-0.1499,0.6579,0.0000,0.0000,0.0000,14241.6281,0.0059,0.0063,0.0070
milky,0,,271.9798,-25.2781,-0.9037,0.3821,-0.1932,0.0000,0.0000,0.0000,12100.3977,0.0088,0.0094,0.0104
milky,0,,257.0845,-26.2656,-0.8741,0.2761,-0.3997,0.0000,0.0000,0.0000,12572.8606,0.0082,0.0087,0.0096
milky,0,,244.6438,-33.6878,-0.7519,0.2919,-0.5911,0.0000,0.0000,0.0000,11183.7711,0.0048,0.0050,0.0056
milky,0,,251.3831,-52.6676,-0.5747,0.5818,-0.5755,0.0000,0.0000,0.0000,14468.0900,0.0099,0.0105,0.0116
milky,0,,277.1649,4.1071,-0.9896,0.0027,0.1435,0.0000,0.0000,0.0000,13523.1531,0.0110,0.0117,0.0130
milky,0,,147.5096,-51.8092,0.3321,0.4051,-0.8518,0.0000,0.0000,0.0000,14664.4084,0.0020,0.0021,0.0023
milky,0,,270.3820,-12.8568,-0.9749,0.1941,-0.1090,0.0000,0.0000,0.0000,11932.0939,0.0052,0.0056,0.0062
milky,0,,256.8037,-12.6239,-0.9501,0.0726,-0.3035,0.0000,0.0000,0.0000,13477.8669,0.0078,0.0082,0.0092
milky,0,,225.4368,-54.9740,-0.4089,0.4945,-0.7670,0.0000,0.0000,0.0000,11464.9266,0.0109,0.0116,0.0129
milky,0,,262.8158,-17.5126,-0.9462,0.1965,-0.2572,0.0000,0.0000,0.0000,13703.2437,0.0081,0.0086,0.0096
milky,0,,282.2664,5.7627,-0.9722,0.0228,0.2329,0.0000,0.0000,0.0000,12046.0506,0.0118,0.0125,0.0139
milky,0,,335.4970,60.7750,-0.2025,-0.5192,0.8303,0.0000,0.0000,0.0000,9603.6436,0.0040,0.0043,0.0047
milky,0,,272.7175,3.1517,-0.9974,-0.0227,0.0689,0.0000,0.0000,0.0000,15834.4873,0.0098,0.0103,0.0115
milky,0,,313.5513,51.6437,-0.4497,-0.4520,0.7704,0.0000,0.0000,0.0000,12391.1950,0.0015,0.0016,0.0018
milky,0,,280.8860,0.3636,-0.9820,0.0918,0.1651,0.0000,0.0000,0.0000,10502.2814,0.0031,0.0033,0.0037
milky,0,,266.0510,-20.2348,-0.9361,0.2632,-0.2335,0.0000,0.0000,0.0000,10814.5596,0.0084,0.0089,0.0099
milky,0,,148.3235,-61.1623,0.2533,0.5395,-0.8030,0.0000,0.0000,0.0000,13454.6883,0.0040,0.0043,0.0047
milky,0,,67.6064,55.5181,0.5235,-0.5955,0.6094,0.0000,0.0000,0.0000,11962.8629,0.0053,0.0056,0.0063
milky,0,,114.3197,-8.0086,0.9024,-0.0906,-0.4213,0.0000,0.0000,0.0000,11868.9719,0.0054,0.0057,0.0064
milky,0,,237.9136,-50.4655,-0.5393,0.4869,-0.6871,0.0000,0.0000,0.0000,12727.5553,0.0118,0.0125,0.0139
milky,0,,257.1610,-52.3686,-0.5953,0.6090,-0.5242,0.0000,0.0000,0.0000,9882.0814,0.0084,0.0089,0.0099
milky,0,,178.4452,-58.5945,0.0141,0.4633,-0.8861,0.0000,0.0000,0.0000,11665.1224,0.0068,0.0072,0.0080
milky,0,,97.2161,24.9922,0.8992,-0.4208,0.1200,0.0000,0.0000,0.0000,9641.1938,0.0033,0.0035,0.0039
milky,0,,141.9876,-57.9743,0.3266,0.5115,-0.7948,0.0000,0.0000,0.0000,15901.2287,0.0024,0.0026,0.0028
milky,0,,210.7676,-66.7252,-0.2021,0.6125,-0.7642,0.0000,0.0000,0.0000,14081.9167,0.0062,0.0066,0.0073
milky,0,,14.8649,63.8545,0.1130,-0.5501,0.8274,0.0000,0.0000,0.0000,14138.1095,0.0037,0.0039,0.0043
milky,0,,271.7809,-9.3401,-0.9863,0.1549,-0.0573,0.0000,0.0000,0.0000,15559.4966,0.0049,0.0052,0.0057
milky,0,,93.6367,16.2267,0.9582,-0.2709,0.0917,0.0000,0.0000,0.0000,12742.5376,0.0023,0.0025,0.0028
milky,0,,215.9873,-59.4915,-0.2983,0.5269,-0.7958,0.0000,0.0000,0.0000,15887.1340,0.0078,0.0083,0.0092
milky,0,,245.1788,-37.9008,-0.7162,0.3560,-0.6003,0.0000,0.0000,0.0000,13713.9246,0.0055,0.0058,0.0065
milky,0,,40.1081,58.0952,0.3405,-0.5195,0.7837,0.0000,0.0000,0.0000,12003.4247,0.0048,0.0051,0.0056
milky,0,,314.4344,47.6023,-0.4815,-0.3899,0.7850,0.0000,0.0000,0.0000,14902.4234,0.0020,0.0021,0.0023
milky,0,,134.7530,-46.6947,0.4871,0.3751,-0.7887,0.0000,0.0000,0.0000,14859.8685,0.0020,0.0021,0.0024
milky,0,,280.3548,-0.6241,-0.9837,0.1019,0.1485,0.0000,0.0000,0.0000,10449.8684,0.0029,0.0031,0.0035
milky,0,,339.7154,60.9734,-0.1682,-0.5151,0.8405,0.0000,0.0000,0.0000,14986.4642,0.0044,0.0047,0.0052
milky,0,,234.4978,-47.7516,-0.5474,0.4334,-0.7159,0.0000,0.0000,0.0000,14339.7764,0.0119,0.0126,0.0140
milky,0,,95.6870,10.8336,0.9773,-0.2112,0.0134,0.0000,0.0000,0.0000,13045.2705,0.0021,0.0022,0.0025
milky,0,,240.2423,-55.2009,-0.4954,0.5580,-0.6657,0.0000,0.0000,0.0000,10552.2031,0.0122,0.0129,0.0144
milky,0,,278.0586,1.2938,-0.9899,0.0528,0.1318,0.0000,0.0000,0.0000,13737.3938,0.0102,0.0108,0.0119
milky,0,,305.6309,39.7462,-0.6249,-0.3174,0.7133,0.0000,0.0000,0.0000,12284.3646,0.0052,0.0055,0.0061
milky,0,,165.2996,-61.8419,0.1198,0.5206,-0.8453,0.0000,0.0000,0.0000,11709.4373,0.0063,0.0067,0.0075
milky,0,,185.1075,-63.5653,-0.0396,0.5392,-0.8413,0.0000,0.0000,0.0000,11442.1043,0.0064,0.0068,0.0075
milky,0,,127.0910,-36.2899,0.6430,0.2570,-0.7215,0.0000,0.0000,0.0000,14695.4894,0.0047,0.0049,0.0055
milky,0,,288.0918,16.2170,-0.9127,-0.0858,0.3994,0.0000,0.0000,0.0000,9587.0335,0.0078,0.0082,0.0092
milky,0,,158.2443,-54.6138,0.2146,0.4218,-0.8809,0.0000,0.0000,0.0000,15771.3266,0.0043,0.0045,0.0050
milky,0,,284.3047,7.5484,-0.9606,0.0136,0.2776,0.0000,0.0000,0.0000,13271.9748,0.0035,0.0037,0.0041
milky,0,,273.2696,1.7712,-0.9979,0.0029,0.0648,0.0000,0.0000,0.0000,10863.8218,0.0092,0.0098,0.0109
milky,0,,271.4326,-37.3866,-0.7943,0.5307,-0.2957,0.0000,0.0000,0.0000,9168.6259,0.0070,0.0074,0.0083
milky,0,,194.6245,-62.9677,-0.1148,0.5370,-0.8357,0.0000,0.0000,0.0000,9741.3152,0.0059,0.0062,0.0069
milky,0,,300.0588,31.9508,-0.7344,-0.2347,0.6369,0.0000,0.0000,0.0000,10584.6812,0.0061,0.0065,0.0072
milky,0,,284.6331,-4.3434,-0.9648,0.1947,0.1769,0.0000,0.0000,0.0000,12515.9988,0.0091,0.0096,0.0107
milky,0,,170.7770,-56.3122,0.0889,0.4312,-0.8978,0.0000,0.0000,0.0000,13406.9491,0.0064,0.0068,0.0076
milky,0,,102.4464,1.3786,0.9762,-0.1316,-0.1723,0.0000,0.0000,0.0000,14782.2256,0.0047,0.0050,0.0055
milky,0,,107.2172,-5.4090,0.9509,-0.0710,-0.3011,0.0000,0.0000,0.0000,10512.0799,0.0060,0.0063,0.0071
milky,0,,296.8863,22.3272,-0.8250,-0.1102,0.5542,0.0000,0.0000,0.0000,10976.8075,0.0016,0.0017,0.0019
milky,0,,51.9467,58.4098,0.4125,-0.5638,0.7155,0.0000,0.0000,0.0000,13420.1288,0.0057,0.0061,0.0067
milky,0,,103.5933,-2.2767,0.9712,-0.0869,-0.2218,0.0000,0.0000,0.0000,11498.4491,0.0056,0.0059,0.0066
milky,0,,189.1143,-64.8973,-0.0672,0.5605,-0.8254,0.0000,0.0000,0.0000,11166.0454,0.0061,0.0065,0.0072
milky,0,,268.0514,-19.5607,-0.9417,0.2705,-0.1999,0.0000,0.0000,0.0000,13031.0464,0.0078,0.0083,0.0092
milky,0,,226.8762,-56.1779,-0.4063,0.5161,-0.7540,0.0000,0.0000,0.0000,14095.2619,0.0110,0.0116,0.0129
milky,0,,105.2486,-0.6385,0.9647,-0.1259,-0.2312,0.0000,0.0000,0.0000,11974.5193,0.0054,0.0058,0.0064
milky,0,,325.1654,55.8072,-0.3210,-0.4714,0.8214,0.0000,0.0000,0.0000,12436.3521,0.0021,0.0022,0.0025
milky,0,,286.5566,12.3570,-0.9363,-0.0401,0.3488,0.0000,0.0000,0.0000,14210.0598,0.0029,0.0031,0.0035
milky,0,,274.4307,-17.6033,-0.9503,0.2972,-0.0926,0.0000,0.0000,0.0000,13823.0020,0.0018,0.0019,0.0021
milky,0,,59.4749,54.7641,0.4970,-0.5492,0.6719,0.0000,0.0000,0.0000,13805.0291,0.0058,0.0061,0.0068
milky,0,,347.4870,68.0746,-0.0809,-0.6074,0.7902,0.0000,0.0000,0.0000,11514.4244,0.0049,0.0052,0.0057
milky,0,,236.3706,-60.2551,-0.4131,0.6027,-0.6827,0.0000,0.0000,0.0000,10147.2730,0.0117,0.0124,0.0137
milky,0,,86.5113,17.7674,0.9505,-0.2317,0.2068,0.0000,0.0000,0.0000,10427.1406,0.0031,0.0032,0.0036
milky,0,,256.9848,-46.9633,-0.6649,0.5474,-0.5082,0.0000,0.0000,0.0000,10612.6261,0.0060,0.0064,0.0071
milky,0,,60.6520,54.5894,0.5051,-0.5523,0.6632,0.0000,0.0000,0.0000,12541.4421,0.0057,0.0060,0.0067
milky,0,,278.3971,-31.5935,-0.8427,0.5131,-0.1632,0.0000,0.0000,0.0000,9517.9505,0.0092,0.0097,0.0108
milky,0,,130.6397,-35.7574,0.6158,0.2287,-0.7540,0.0000,0.0000,0.0000,14774.7158,0.0045,0.0048,0.0053
milky,0,,182.0604,-60.5314,-0.0177,0.4931,-0.8698,0.0000,0.0000,0.0000,14871.6382,0.0066,0.0070,0.0078
milky,0,,131.6896,-40.9535,0.5640,0.3031,-0.7681,0.0000,0.0000,0.0000,15333.6620,0.0035,0.0037,0.0041
milky,0,,292.8968,23.5959,-0.8442,-0.1595,0.5118,0.0000,0.0000,0.0000,15245.6998,0.0016,0.0017,0.0019
milky,0,,339.0987,58.8751,-0.1844,-0.4851,0.8548,0.0000,0.0000,0.0000,13422.0223,0.0042,0.0044,0.0049
milky,0,,108.7643,-4.5038,0.9439,-0.0979,-0.3153,0.0000,0.0000,0.0000,10558.1498,0.0060,0.0063,0.0071
milky,0,,347.5997,53.4798,-0.1278,-0.3895,0.9121,0.0000,0.0000,0.0000,13733.6115,0.0045,0.0048,0.0053
milky,0,,80.8897,38.2621,0.7753,-0.4668,0.4255,0.0000,0.0000,0.0000,9610.6819,0.0021,0.0022,0.0024
milky,0,,249.3945,-49.5875,-0.6068,0.5351,-0.5877,0.0000,0.0000,0.0000,9262.4645,0.0090,0.0095,0.0106
milky,0,,235.8578,-59.2566,-0.4231,0.5889,-0.6886,0.0000,0.0000,0.0000,12411.5773,0.0118,0.0125,0.0139
milky,0,,309.0800,44.5549,-0.5532,-0.3700,0.7464,0.0000,0.0000,0.0000,13197.1709,0.0034,0.0036,0.0040
milky,0,,356.6824,61.9716,-0.0272,-0.5150,0.8567,0.0000,0.0000,0.0000,15648.1652,0.0048,0.0051,0.0056
milky,0,,293.8256,18.7693,-0.8661,-0.0788,0.4936,0.0000,0.0000,0.0000,9914.4524,0.0018,0.0019,0.0021
milky,0,,60.1070,54.4662,0.5039,-0.5484,0.6674,0.0000,0.0000,0.0000,13971.1422,0.0057,0.0061,0.0067
milky,0,,253.5963,-41.5225,-0.7182,0.4593,-0.5227,0.0000,0.0000,0.0000,13954.9860,0.0050,0.0053,0.0059
milky,0,,271.5783,-6.6206,-0.9930,0.1129,-0.0359,0.0000,0.0000,0.0000,14318.5794,0.0053,0.0056,0.0062
milky,0,,277.7515,-24.1610,-0.9041,0.4142,-0.1053,0.0000,0.0000,0.0000,14225.4340,0.0077,0.0082,0.0091
milky,0,,76.3658,41.6454,0.7262,-0.4789,0.4932,0.0000,0.0000,0.0000,15055.1095,0.0020,0.0021,0.0023
milky,0,,278.4859,-4.1382,-0.9865,0.1377,0.0890,0.0000,0.0000,0.0000,10429.1434,0.0023,0.0024,0.0027
milky,0,,270.2025,-28.9169,-0.8753,0.4161,-0.2464,0.0000,0.0000,0.0000,10482.4720,0.0091,0.0097,0.0107
milky,0,,283.1646,-11.8380,-0.9530,0.2906,0.0854,0.0000,0.0000,0.0000,11870.1781,0.0054,0.0058,0.0064
milky,0,,309.9645,35.7393,-0.6221,-0.2322,0.7477,0.0000,0.0000,0.0000,15947.6575,0.0055,0.0058,0.0064
milky,0,,270.1082,-32.4123,-0.8442,0.4603,-0.2747,0.0000,0.0000,0.0000,9540.0748,0.0085,0.0090,0.0100
milky,0,,348.1708,67.6423,-0.0780,-0.6010,0.7955,0.0000,0.0000,0.0000,10418.7779,0.0049,0.0052,0.0057
milky,0,,311.2613,46.3985,-0.5184,-0.3865,0.7628,0.0000,0.0000,0.0000,9459.8339,0.0026,0.0027,0.0030
milky,0,,276.9345,-6.9780,-0.9853,0.1659,0.0402,0.0000,0.0000,0.0000,14935.2123,0.0018,0.0019,0.0021
milky,0,,262.2953,-49.5441,-0.6430,0.6074,-0.4665,0.0000,0.0000,0.0000,11061.8579,0.0061,0.0064,0.0071
milky,0,,261.2125,-37.6113,-0.7829,0.4608,-0.4181,0.0000,0.0000,0.0000,11358.9797,0.0053,0.0056,0.0062
milky,0,,29.1722,55.1758,0.2784,-0.4468,0.8502,0.0000,0.0000,0.0000,10725.9007,0.0039,0.0041,0.0046
milky,0,,255.5917,-45.3338,-0.6809,0.5195,-0.5162,0.0000,0.0000,0.0000,15840.1864,0.0057,0.0060,0.0067
milky,0,,201.6718,-61.5391,-0.1760,0.5255,-0.8324,0.0000,0.0000,0.0000,11576.9671,0.0058,0.0062,0.0069
milky,0,,124.2284,-29.4873,0.7197,0.1697,-0.6732,0.0000,0.0000,0.0000,9025.6364,0.0045,0.0048,0.0053
milky,0,,289.5113,12.8956,-0.9188,-0.0236,0.3940,0.0000,0.0000,0.0000,13079.1026,0.0027,0.0028,0.0031
milky,0,,74.1304,50.5384,0.6113,-0.5723,0.5466,0.0000,0.0000,0.0000,14852.6489,0.0036,0.0038,0.0042
milky,0,,300.1358,24.0792,-0.7896,-0.1136,0.6030,0.0000,0.0000,0.0000,13355.2840,0.0054,0.0057,0.0063
milky,0,,52.4376,51.6710,0.4916,-0.4777,0.7281,0.0000,0.0000,0.0000,14832.4579,0.0059,0.0062,0.0069
milky,0,,358.7205,61.6134,-0.0106,-0.5093,0.8605,0.0000,0.0000,0.0000,9904.4165,0.0047,0.0050,0.0055
milky,0,,228.7882,-66.4032,-0.3011,0.6497,-0.6980,0.0000,0.0000,0.0000,10272.0431,0.0088,0.0094,0.0104
milky,0,,283.7227,-24.9375,-0.8809,0.4722,-0.0328,0.0000,0.0000,0.0000,12133.6742,0.0070,0.0074,0.0083
milky,0,,307.7934,36.1311,-0.6382,-0.2505,0.7279,0.0000,0.0000,0.0000,11508.3430,0.0056,0.0060,0.0066
milky,0,,294.1455,33.4467,-0.7614,-0.2966,0.5764,0.0000,0.0000,0.0000,11615.8931,0.0060,0.0063,0.0071
milky,0,,129.7175,-36.2871,0.6200,0.2420,-0.7463,0.0000,0.0000,0.0000,13818.8882,0.0045,0.0048,0.0053
milky,0,,352.5089,57.0382,-0.0709,-0.4414,0.8945,0.0000,0.0000,0.0000,14888.3264,0.0049,0.0052,0.0058
milky,0,,215.7726,-58.6346,-0.3043,0.5144,-0.8018,0.0000,0.0000,0.0000,14291.8262,0.0079,0.0083,0.0093
milky,0,,277.8588,-33.6398,-0.8247,0.5335,-0.1877,0.0000,0.0000,0.0000,10974.7546,0.0090,0.0095,0.0106
milky,0,,182.5722,-61.6729,-0.0213,0.5104,-0.8597,0.0000,0.0000,0.0000,12517.1164,0.0066,0.0070,0.0077
milky,0,,312.5874,40.6227,-0.5588,-0.2935,0.7756,0.0000,0.0000,0.0000,15554.6317,0.0039,0.0041,0.0046
milky,0,,261.9847,-29.2824,-0.8637,0.3566,-0.3562,0.0000,0.0000,0.0000,11421.9077,0.0082,0.0087,0.0096
milky,0,,272.2666,-23.9355,-0.9133,0.3664,-0.1780,0.0000,0.0000,0.0000,15937.3772,0.0085,0.0090,0.0100
milky,0,,299.6702,30.9536,-0.7451,-0.2222,0.6288,0.0000,0.0000,0.0000,15817.3910,0.0060,0.0064,0.0071
milky,0,,273.0174,-10.7237,-0.9812,0.1861,-0.0515,0.0000,0.0000,0.0000,10489.9925,0.0049,0.0051,0.0057
milky,0,,274.2566,-41.7693,-0.7438,0.5995,-0.2956,0.0000,0.0000,0.0000,10910.7443,0.0058,0.0061,0.0068
milky,0,,91.1862,18.2297,0.9496,-0.2783,0.1443,0.0000,0.0000,0.0000,9096.7765,0.0028,0.0029,0.0033
milky,0,,277.0996,-25.1818,-0.8980,0.4223,-0.1233,0.0000,0.0000,0.0000,9788.4975,0.0082,0.0087,0.0096
milky,0,,288.6282,17.7482,-0.9025,-0.1046,0.4178,0.0000,0.0000,0.0000,10474.9605,0.0071,0.0075,0.0083
milky,0,,262.4606,-26.1080,-0.8902,0.3165,-0.3276,0.0000,0.0000,0.0000,13641.5374,0.0090,0.0095,0.0106
milky,0,,305.7758,32.5531,-0.6838,-0.2074,0.6995,0.0000,0.0000,0.0000,12639.0097,0.0061,0.0065,0.0072
milky,0,,10.7737,58.7376,0.0970,-0.4701,0.8772,0.0000,0.0000,0.0000,14922.0735,0.0039,0.0042,0.0046
milky,0,,279.5738,3.9742,-0.9837,0.0260,0.1779,0.0000,0.0000,0.0000,14912.3608,0.0114,0.0120,0.0134
milky,0,,116.2295,-23.7533,0.8210,0.1369,-0.5542,0.0000,0.0000,0.0000,14301.7349,0.0035,0.0037,0.0041
milky,0,,303.8098,30.1411,-0.7185,-0.1826,0.6711,0.0000,0.0000,0.0000,13172.8945,0.0061,0.0065,0.0072
milky,0,,234.4894,-56.5058,-0.4492,0.5497,-0.7043,0.0000,0.0000,0.0000,9505.5179,0.0120,0.0127,0.0142
milky,0,,98.6495,3.0198,0.9873,-0.1225,-0.1016,0.0000,0.0000,0.0000,12757.3645,0.0037,0.0040,0.0044
milky,0,,53.9377,49.3676,0.5264,-0.4531,0.7195,0.0000,0.0000,0.0000,13933.2873,0.0057,0.0060,0.0067
milky,0,,309.5054,39.1840,-0.5981,-0.2876,0.7481,0.0000,0.0000,0.0000,13114.0932,0.0048,0.0050,0.0056
milky,0,,271.7727,-8.2636,-0.9891,0.1390,-0.0478,0.0000,0.0000,0.0000,13414.0452,0.0050,0.0053,0.0059
milky,0,,61.8260,55.0619,0.5048,-0.5634,0.6540,0.0000,0.0000,0.0000,9375.4306,0.0057,0.0060,0.0067
milky,0,,271.9068,0.3185,-0.9994,0.0124,0.0314,0.0000,0.0000,0.0000,9345.0370,0.0081,0.0086,0.0096
milky,0,,260.5798,-28.5096,-0.8669,0.3351,-0.3691,0.0000,0.0000,0.0000,11598.5860,0.0082,0.0087,0.0096
milky,0,,167.6614,-58.2729,0.1124,0.4645,-0.8784,0.0000,0.0000,0.0000,14362.8312,0.0063,0.0066,0.0074
milky,0,,219.0803,-61.9881,-0.2961,0.5690,-0.7672,0.0000,0.0000,0.0000,10333.7961,0.0080,0.0085,0.0094
milky,0,,275.2960,-7.9381,-0.9862,0.1655,0.0072,0.0000,0.0000,0.0000,15179.1884,0.0054,0.0057,0.0064
milky,0,,269.2704,-20.3160,-0.9377,0.2915,-0.1891,0.0000,0.0000,0.0000,15240.9297,0.0079,0.0083,0.0093
milky,0,,165.9567,-58.2719,0.1276,0.4663,-0.8754,0.0000,0.0000,0.0000,12101.7891,0.0061,0.0064,0.0072
milky,0,,280.1776,-9.3372,-0.9712,0.2289,0.0659,0.0000,0.0000,0.0000,9361.0615,0.0017,0.0018,0.0020
milky,0,,123.9132,-40.2731,0.6332,0.3349,-0.6978,0.0000,0.0000,0.0000,11269.7752,0.0044,0.0047,0.0052
milky,0,,149.0240,-53.3799,0.3070,0.4246,-0.8518,0.0000,0.0000,0.0000,13950.6724,0.0024,0.0026,0.0028
milky,0,,152.3069,-61.4215,0.2223,0.5346,-0.8154,0.0000,0.0000,0.0000,12900.3939,0.0047,0.0049,0.0055
milky,0,,55.5031,54.0109,0.4843,-0.5221,0.7020,0.0000,0.0000,0.0000,12264.7057,0.0059,0.0062,0.0069
milky,0,,66.6580,52.0236,0.5650,-0.5501,0.6150,0.0000,0.0000,0.0000,13616.4415,0.0048,0.0051,0.0057
milky,0,,292.7023,20.8736,-0.8620,-0.1197,0.4926,0.0000,0.0000,0.0000,10358.5959,0.0017,0.0018,0.0020
milky,0,,236.1648,-53.1317,-0.4984,0.5137,-0.6984,0.0000,0.0000,0.0000,14730.8146,0.0123,0.0130,0.0144
milky,0,,156.9567,-58.9351,0.2020,0.4897,-0.8482,0.0000,0.0000,0.0000,14763.6249,0.0049,0.0052,0.0057
milky,0,,238.5436,-43.8449,-0.6152,0.3999,-0.6794,0.0000,0.0000,0.0000,12458.2841,0.0098,0.0104,0.0116
milky,0,,28.9455,68.3642,0.1784,-0.6306,0.7553,0.0000,0.0000,0.0000,14839.2733,0.0035,0.0038,0.0042
milky,0,,174.3066,-58.1035,0.0524,0.4569,-0.8880,0.0000,0.0000,0.0000,13629.1876,0.0067,0.0071,0.0079
milky,0,,116.3801,-26.3450,0.8028,0.1753,-0.5699,0.0000,0.0000,0.0000,11889.5307,0.0037,0.0039,0.0043
milky,0,,200.4085,-66.0998,-0.1413,0.5881,-0.7964,0.0000,0.0000,0.0000,11737.6338,0.0058,0.0061,0.0068
milky,0,,57.7504,53.4175,0.5040,-0.5245,0.6862,0.0000,0.0000,0.0000,15754.3613,0.0058,0.0061,0.0068
milky,0,,276.5861,-21.3979,-0.9249,0.3677,-0.0964,0.0000,0.0000,0.0000,11680.6007,0.0069,0.0073,0.0081
milky,0,,294.1207,17.8986,-0.8685,-0.0631,0.4916,0.0000,0.0000,0.0000,15873.3321,0.0018,0.0019,0.0022
milky,0,,58.7411,46.9837,0.5832,-0.4444,0.6800,0.0000,0.0000,0.0000,14192.1929,0.0049,0.0052,0.0058
milky,0,,203.9726,-57.4060,-0.2189,0.4687,-0.8558,0.0000,0.0000,0.0000,13007.8418,0.0060,0.0064,0.0071
milky,0,,267.8748,-17.1761,-0.9547,0.2349,-0.1825,0.0000,0.0000,0.0000,15555.5983,0.0070,0.0074,0.0083
milky,0,,268.5009,-31.3563,-0.8537,0.4345,-0.2872,0.0000,0.0000,0.0000,9893.7451,0.0086,0.0091,0.0101
milky,0,,308.0878,36.5216,-0.6325,-0.2548,0.7314,0.0000,0.0000,0.0000,10917.5259,0.0055,0.0059,0.0065
milky,0,,63.4111,46.3583,0.6172,-0.4612,0.6375,0.0000,0.0000,0.0000,13245.9638,0.0041,0.0044,0.0048
milky,0,,256.6106,-46.7795,-0.6662,0.5430,-0.5113,0.0000,0.0000,0.0000,14349.9540,0.0060,0.0064,0.0071
milky,0,,296.9250,33.2164,-0.7459,-0.2744,0.6069,0.0000,0.0000,0.0000,14935.6705,0.0061,0.0064,0.0071
milky,0,,107.8324,-0.5702,0.9519,-0.1492,-0.2676,0.0000,0.0000,0.0000,14502.6662,0.0056,0.0060,0.0066
milky,0,,75.5553,39.4484,0.7478,-0.4454,0.4924,0.0000,0.0000,0.0000,15450.3554,0.0019,0.0020,0.0023
milky,0,,290.3014,6.5228,-0.9318,0.0802,0.3540,0.0000,0.0000,0.0000,11857.6701,0.0112,0.0118,0.0132
milky,0,,289.1203,-32.7049,-0.7950,0.6051,-0.0420,0.0000,0.0000,0.0000,11779.9380,0.0089,0.0094,0.0105
milky,0,,288.6958,1.1344,-0.9470,0.1481,0.2849,0.0000,0.0000,0.0000,11838.9861,0.0117,0.0124,0.0138
milky,0,,263.6936,-17.7594,-0.9466,0.2076,-0.2468,0.0000,0.0000,0.0000,12085.6100,0.0081,0.0085,0.0095
milky,0,,54.5477,55.9280,0.4564,-0.5427,0.7052,0.0000,0.0000,0.0000,14591.5538,0.0059,0.0062,0.0069
milky,0,,13.1891,61.8432,0.1077,-0.5191,0.8479,0.0000,0.0000,0.0000,15309.6132,0.0038,0.0040,0.0044
milky,0,,186.6394,-65.3690,-0.0482,0.5660,-0.8230,0.0000,0.0000,0.0000,11967.2907,0.0063,0.0067,0.0074
milky,0,,107.1724,-12.8479,0.9315,0.0423,-0.3613,0.0000,0.0000,0.0000,12311.2498,0.0052,0.0055,0.0062
milky,0,,268.3803,-32.5891,-0.8422,0.4494,-0.2978,0.0000,0.0000,0.0000,13861.5674,0.0082,0.0087,0.0097
milky,0,,10.1545,66.2785,0.0709,-0.5808,0.8110,0.0000,0.0000,0.0000,9717.0335,0.0039,0.0042,0.0046
milky,0,,342.6609,55.0286,-0.1708,-0.4206,0.8910,0.0000,0.0000,0.0000,14035.7806,0.0041,0.0044,0.0049
milky,0,,278.2454,3.5300,-0.9878,0.0209,0.1544,0.0000,0.0000,0.0000,15015.0427,0.0110,0.0117,0.0130
milky,0,,192.4167,-61.7292,-0.1018,0.5167,-0.8501,0.0000,0.0000,0.0000,12387.0222,0.0060,0.0063,0.0070
milky,0,,265.8808,-13.4318,-0.9701,0.1631,-0.1795,0.0000,0.0000,0.0000,12044.0480,0.0061,0.0065,0.0072
milky,0,,248.9129,-34.9362,-0.7649,0.3390,-0.5478,0.0000,0.0000,0.0000,14915.5109,0.0046,0.0049,0.0055
milky,0,,275.9667,-26.7528,-0.8881,0.4337,-0.1523,0.0000,0.0000,0.0000,11116.7985,0.0087,0.0093,0.0103
milky,0,,240.5513,-57.0683,-0.4734,0.5818,-0.6614,0.0000,0.0000,0.0000,9659.6462,0.0123,0.0130,0.0144
milky,0,,71.7594,45.9710,0.6601,-0.5042,0.5568,0.0000,0.0000,0.0000,15677.9466,0.0029,0.0031,0.0034
milky,0,,272.7747,-8.4355,-0.9880,0.1504,-0.0345,0.0000,0.0000,0.0000,15762.8725,0.0050,0.0053,0.0059
milky,0,,291.0505,13.7058,-0.9067,-0.0234,0.4212,0.0000,0.0000,0.0000,10150.3744,0.0025,0.0026,0.0029
milky,0,,102.7533,-7.3140,0.9674,-0.0036,-0.2533,0.0000,0.0000,0.0000,15375.7981,0.0060,0.0063,0.0070
milky,0,,276.8842,-3.7006,-0.9907,0.1169,0.0693,0.0000,0.0000,0.0000,14653.8797,0.0074,0.0079,0.0087
milky,0,,84.4893,23.1021,0.9156,-0.2908,0.2778,0.0000,0.0000,0.0000,15187.8175,0.0037,0.0039,0.0043
milky,0,,250.8105,-50.0868,-0.6060,0.5488,-0.5758,0.0000,0.0000,0.0000,11693.8470,0.0089,0.0094,0.0104
milky,0,,306.8376,28.9203,-0.7005,-0.1442,0.6989,0.0000,0.0000,0.0000,11907.9326,0.0061,0.0065,0.0072
milky,0,,274.4258,-10.7528,-0.9795,0.1990,-0.0311,0.0000,0.0000,0.0000,13145.1216,0.0015,0.0016,0.0017
milky,0,,141.7386,-47.7336,0.4165,0.3623,-0.8338,0.0000,0.0000,0.0000,12451.8545,0.0015,0.0016,0.0017
milky,0,,81.2701,26.5613,0.8841,-0.3134,0.3467,0.0000,0.0000,0.0000,15065.2953,0.0035,0.0037,0.0041
milky,0,,281.4860,-12.1814,-0.9579,0.2811,0.0582,0.0000,0.0000,0.0000,13128.7440,0.0052,0.0055,0.0061
milky,0,,277.0416,-29.8912,-0.8604,0.4819,-0.1656,0.0000,0.0000,0.0000,9882.4892,0.0091,0.0097,0.0108
milky,0,,41.1295,63.4882,0.2936,-0.5939,0.7491,0.0000,0.0000,0.0000,9901.0851,0.0044,0.0047,0.0052
milky,0,,180.6107,-56.4046,-0.0059,0.4290,-0.9033,0.0000,0.0000,0.0000,10702.5266,0.0067,0.0071,0.0079
milky,0,,178.8494,-61.8390,0.0095,0.5127,-0.8585,0.0000,0.0000,0.0000,11494.9519,0.0067,0.0071,0.0079
milky,0,,208.6521,-60.5095,-0.2360,0.5236,-0.8186,0.0000,0.0000,0.0000,15069.9182,0.0064,0.0068,0.0075
milky,0,,274.6151,-17.4291,-0.9510,0.2963,-0.0885,0.0000,0.0000,0.0000,15153.2449,0.0018,0.0019,0.0021
milky,0,,266.9407,-31.5133,-0.8513,0.4246,-0.3082,0.0000,0.0000,0.0000,11589.5216,0.0083,0.0088,0.0098
milky,0,,288.8657,23.3518,-0.8688,-0.1869,0.4586,0.0000,0.0000,0.0000,11457.6697,0.0055,0.0058,0.0065
milky,0,,292.1705,32.8016,-0.7784,-0.3010,0.5509,0.0000,0.0000,0.0000,14380.2392,0.0058,0.0062,0.0069
milky,0,,166.9475,-62.0711,0.1058,0.5223,-0.8462,0.0000,0.0000,0.0000,14658.0563,0.0065,0.0069,0.0076
milky,0,,232.7121,-50.8193,-0.5026,0.4673,-0.7273,0.0000,0.0000,0.0000,11413.8676,0.0123,0.0130,0.0144
milky,0,,112.8447,-14.7514,0.8912,0.0249,-0.4530,0.0000,0.0000,0.0000,14064.0958,0.0043,0.0046,0.0051
milky,0,,228.5250,-59.2444,-0.3831,0.5622,-0.7329,0.0000,0.0000,0.0000,14875.5607,0.0106,0.0113,0.0125
milky,0,,118.6551,-28.0045,0.7748,0.1844,-0.6047,0.0000,0.0000,0.0000,14909.8658,0.0040,0.0042,0.0047
milky,0,,330.0778,52.4328,-0.3041,-0.4073,0.8612,0.0000,0.0000,0.0000,13224.9586,0.0021,0.0023,0.0025
milky,0,,91.6651,27.2603,0.8886,-0.4059,0.2138,0.0000,0.0000,0.0000,12534.1979,0.0037,0.0039,0.0043
milky,0,,263.8626,-51.8614,-0.6140,0.6402,-0.4617,0.0000,0.0000,0.0000,10353.7509,0.0068,0.0072,0.0080
milky,0,,289.7883,9.4535,-0.9282,0.0312,0.3708,0.0000,0.0000,0.0000,9893.0532,0.0031,0.0033,0.0036
milky,0,,119.2930,-25.4693,0.7874,0.1411,-0.6001,0.0000,0.0000,0.0000,10491.7335,0.0037,0.0040,0.0044
milky,0,,304.5528,41.3770,-0.6180,-0.3474,0.7052,0.0000,0.0000,0.0000,11341.9610,0.0049,0.0052,0.0058
milky,0,,104.1021,2.4531,0.9690,-0.1621,-0.1866,0.0000,0.0000,0.0000,13429.1365,0.0046,0.0049,0.0054
milky,0,,103.8396,0.1013,0.9710,-0.1247,-0.2041,0.0000,0.0000,0.0000,12781.6734,0.0051,0.0054,0.0061
milky,0,,151.0842,-54.4223,0.2813,0.4349,-0.8554,0.0000,0.0000,0.0000,10950.8336,0.0029,0.0031,0.0034
milky,0,,312.0562,45.6927,-0.5186,-0.3724,0.7696,0.0000,0.0000,0.0000,14174.6037,0.0026,0.0028,0.0031
milky,0,,208.3413,-60.5228,-0.2336,0.5231,-0.8196,0.0000,0.0000,0.0000,12317.3004,0.0064,0.0067,0.0075
milky,0,,267.8314,-19.9683,-0.9392,0.2744,-0.2064,0.0000,0.0000,0.0000,14495.0200,0.0080,0.0085,0.0094
milky,0,,343.0995,51.1824,-0.1822,-0.3590,0.9154,0.0000,0.0000,0.0000,14476.9431,0.0038,0.0040,0.0044
milky,0,,239.3449,-58.5534,-0.4488,0.5943,-0.6674,0.0000,0.0000,0.0000,11280.4819,0.0122,0.0129,0.0143
milky,0,,147.1149,-53.1731,0.3254,0.4269,-0.8437,0.0000,0.0000,0.0000,10950.2421,0.0021,0.0023,0.0025
milky,0,,258.5864,-35.7018,-0.7960,0.4174,-0.4383,0.0000,0.0000,0.0000,11192.9744,0.0054,0.0057,0.0064
milky,0,,243.3525,-29.0801,-0.7811,0.2147,-0.5863,0.0000,0.0000,0.0000,9767.4722,0.0047,0.0050,0.0055
milky,0,,71.6590,47.0062,0.6473,-0.5164,0.5606,0.0000,0.0000,0.0000,11765.2740,0.0031,0.0033,0.0037
milky,0,,121.9254,-35.0260,0.6950,0.2689,-0.6668,0.0000,0.0000,0.0000,14291.0205,0.0048,0.0051,0.0056
milky,0,,311.9599,40.0915,-0.5689,-0.2886,0.7701,0.0000,0.0000,0.0000,11362.4548,0.0041,0.0044,0.0049
milky,0,,308.8979,42.9634,-0.5695,-0.3475,0.7449,0.0000,0.0000,0.0000,14319.6090,0.0038,0.0041,0.0045
milky,0,,177.3148,-65.1491,0.0197,0.5616,-0.8272,0.0000,0.0000,0.0000,11993.5857,0.0067,0.0071,0.0079
milky,0,,284.8223,4.6213,-0.9636,0.0623,0.2601,0.0000,0.0000,0.0000,13158.7735,0.0035,0.0038,0.0042
milky,0,,292.7878,17.4331,-0.8796,-0.0665,0.4710,0.0000,0.0000,0.0000,12843.5940,0.0019,0.0020,0.0023
milky,0,,181.7592,-61.6055,-0.0146,0.5092,-0.8605,0.0000,0.0000,0.0000,12847.7038,0.0066,0.0070,0.0078
milky,0,,313.6431,56.4270,-0.4002,-0.5176,0.7563,0.0000,0.0000,0.0000,14868.0191,0.0015,0.0015,0.0017
milky,0,,321.9436,47.2201,-0.4187,-0.3537,0.8364,0.0000,0.0000,0.0000,11593.2008,0.0015,0.0015,0.0017
milky,0,,78.2703,33.2423,0.8189,-0.3823,0.4281,0.0000,0.0000,0.0000,11090.7993,0.0025,0.0026,0.0029
milky,0,,178.8749,-59.3454,0.0100,0.4748,-0.8800,0.0000,0.0000,0.0000,12566.9674,0.0067,0.0071,0.0079
milky,0,,288.2120,11.1623,-0.9319,-0.0080,0.3625,0.0000,0.0000,0.0000,12704.2660,0.0030,0.0032,0.0035
milky,0,,147.9198,-46.5252,0.3654,0.3218,-0.8735,0.0000,0.0000,0.0000,11943.0577,0.0015,0.0016,0.0018
milky,0,,90.6675,27.6203,0.8860,-0.4027,0.2299,0.0000,0.0000,0.0000,15992.7963,0.0037,0.0039,0.0043
milky,0,,221.9496,-52.9436,-0.4028,0.4532,-0.7952,0.0000,0.0000,0.0000,9109.2301,0.0105,0.0112,0.0124
milky,0,,136.5345,-40.0532,0.5266,0.2655,-0.8076,0.0000,0.0000,0.0000,11338.0407,0.0031,0.0032,0.0036
milky,0,,239.3186,-52.4834,-0.5237,0.5198,-0.6749,0.0000,0.0000,0.0000,11343.3493,0.0120,0.0127,0.0141
milky,0,,48.7484,56.5346,0.4146,-0.5278,0.7413,0.0000,0.0000,0.0000,9510.6865,0.0057,0.0060,0.0067
milky,0,,82.2886,37.7097,0.7840,-0.4696,0.4060,0.0000,0.0000,0.0000,12325.5219,0.0022,0.0023,0.0026
milky,0,,247.8923,-51.2218,-0.5803,0.5468,-0.6036,0.0000,0.0000,0.0000,15430.8864,0.0101,0.0107,0.0119
milky,0,,237.5408,-50.9407,-0.5317,0.4914,-0.6898,0.0000,0.0000,0.0000,13959.2521,0.0120,0.0127,0.0141
milky,0,,255.4539,-54.9509,-0.5559,0.6274,-0.5453,0.0000,0.0000,0.0000,14139.1668,0.0100,0.0106,0.0118
milky,0,,308.9494,41.0505,-0.5865,-0.3188,0.7446,0.0000,0.0000,0.0000,10854.4869,0.0044,0.0046,0.0051
milky,0,,111.3475,-14.8371,0.9003,0.0383,-0.4335,0.0000,0.0000,0.0000,14726.6943,0.0044,0.0047,0.0052
milky,0,,280.3471,-2.4144,-0.9829,0.1285,0.1321,0.0000,0.0000,0.0000,10750.5782,0.0027,0.0028,0.0032
milky,0,,231.3663,-54.3343,-0.4555,0.5089,-0.7305,0.0000,0.0000,0.0000,14343.9285,0.0120,0.0127,0.0141
milky,0,,127.5212,-41.0728,0.5979,0.3267,-0.7320,0.0000,0.0000,0.0000,9435.2013,0.0040,0.0042,0.0047
milky,0,,119.3721,-26.8964,0.7772,0.1625,-0.6079,0.0000,0.0000,0.0000,11347.8058,0.0039,0.0041,0.0046
milky,0,,283.2145,-12.2112,-0.9515,0.2964,0.0826,0.0000,0.0000,0.0000,14261.7390,0.0054,0.0057,0.0063
milky,0,,282.1910,-4.1013,-0.9749,0.1698,0.1437,0.0000,0.0000,0.0000,12717.8600,0.0026,0.0027,0.0030
milky,0,,337.5478,61.7894,-0.1805,-0.5303,0.8283,0.0000,0.0000,0.0000,14467.5203,0.0043,0.0046,0.0051
milky,0,,184.5709,-59.6362,-0.0403,0.4801,-0.8763,0.0000,0.0000,0.0000,13744.1029,0.0065,0.0069,0.0076
milky,0,,240.0004,-53.7769,-0.5118,0.5393,-0.6688,0.0000,0.0000,0.0000,9317.2408,0.0121,0.0128,0.0142
milky,0,,24.8651,65.1058,0.1770,-0.5808,0.7946,0.0000,0.0000,0.0000,10131.6639,0.0035,0.0037,0.0041
milky,0,,225.5747,-61.6923,-0.3387,0.5837,-0.7380,0.0000,0.0000,0.0000,15758.4445,0.0094,0.0100,0.0111
milky,0,,258.8979,-41.9140,-0.7302,0.4988,-0.4669,0.0000,0.0000,0.0000,10127.2474,0.0047,0.0049,0.0055
milky,0,,119.4668,-31.0569,0.7458,0.2252,-0.6269,0.0000,0.0000,0.0000,13900.1550,0.0044,0.0047,0.0052
milky,0,,95.8637,15.8526,0.9569,-0.2848,0.0565,0.0000,0.0000,0.0000,12957.1833,0.0022,0.0023,0.0026
milky,0,,286.4494,9.1776,-0.9468,0.0073,0.3218,0.0000,0.0000,0.0000,10709.2017,0.0033,0.0035,0.0039
milky,0,,179.1869,-58.4966,0.0074,0.4617,-0.8870,0.0000,0.0000,0.0000,15884.6324,0.0067,0.0071,0.0079
milky,0,,301.4931,31.5352,-0.7268,-0.2190,0.6510,0.0000,0.0000,0.0000,12645.2324,0.0061,0.0065,0.0072
milky,0,,249.9745,-43.6352,-0.6800,0.4639,-0.5678,0.0000,0.0000,0.0000,12664.1359,0.0063,0.0066,0.0074
milky,0,,176.0087,-60.5930,0.0342,0.4944,-0.8685,0.0000,0.0000,0.0000,11923.0014,0.0068,0.0072,0.0080
milky,0,,270.8712,-23.3816,-0.9178,0.3474,-0.1924,0.0000,0.0000,0.0000,14829.6013,0.0085,0.0090,0.0100
milky,0,,276.2523,-19.9611,-0.9343,0.3453,-0.0881,0.0000,0.0000,0.0000,11377.9058,0.0064,0.0068,0.0076
milky,0,,333.8287,57.8858,-0.2345,-0.4803,0.8452,0.0000,0.0000,0.0000,13526.2331,0.0034,0.0036,0.0040
milky,0,,202.5564,-56.1671,-0.2136,0.4472,-0.8686,0.0000,0.0000,0.0000,11161.5869,0.0060,0.0063,0.0070
milky,0,,300.7822,35.2821,-0.7013,-0.2799,0.6556,0.0000,0.0000,0.0000,13469.5654,0.0061,0.0065,0.0072
milky,0,,267.4373,-19.5000,-0.9417,0.2644,-0.2081,0.0000,0.0000,0.0000,13717.7365,0.0079,0.0084,0.0093
milky,0,,299.9386,27.5312,-0.7684,-0.1683,0.6174,0.0000,0.0000,0.0000,10685.6751,0.0057,0.0060,0.0067
milky,0,,265.4282,-11.6155,-0.9764,0.1324,-0.1706,0.0000,0.0000,0.0000,12222.6653,0.0056,0.0060,0.0066
milky,0,,253.2983,-12.6513,-0.9346,0.0433,-0.3532,0.0000,0.0000,0.0000,11370.1416,0.0085,0.0090,0.0100
milky,0,,320.3040,50.8323,-0.4034,-0.4143,0.8159,0.0000,0.0000,0.0000,9250.6399,0.0014,0.0015,0.0016
milky,0,,353.8193,64.6838,-0.0460,-0.5559,0.8300,0.0000,0.0000,0.0000,12268.5597,0.0048,0.0051,0.0057
milky,0,,279.6237,-27.0953,-0.8777,0.4671,-0.1070,0.0000,0.0000,0.0000,11232.8549,0.0084,0.0089,0.0099
milky,0,,347.6609,62.5850,-0.0984,-0.5292,0.8427,0.0000,0.0000,0.0000,12268.5911,0.0049,0.0052,0.0057
milky,0,,270.5468,-15.8141,-0.9621,0.2383,-0.1325,0.0000,0.0000,0.0000,13040.6434,0.0060,0.0064,0.0071
milky,0,,61.3435,53.1317,0.5265,-0.5376,0.6587,0.0000,0.0000,0.0000,11106.0210,0.0055,0.0058,0.0065
milky,0,,251.4615,-36.4953,-0.7622,0.3782,-0.5254,0.0000,0.0000,0.0000,10605.6474,0.0046,0.0049,0.0055
milky,0,,260.5262,-30.8879,-0.8465,0.3673,-0.3855,0.0000,0.0000,0.0000,15724.1475,0.0074,0.0078,0.0087
milky,0,,125.6374,-42.5829,0.5984,0.3591,-0.7162,0.0000,0.0000,0.0000,13835.5510,0.0039,0.0041,0.0046
milky,0,,310.1815,38.4591,-0.5983,-0.2729,0.7534,0.0000,0.0000,0.0000,14756.8215,0.0048,0.0051,0.0057
milky,0,,291.6630,16.9704,-0.8889,-0.0683,0.4530,0.0000,0.0000,0.0000,9448.5711,0.0020,0.0022,0.0024
milky,0,,296.8749,31.7428,-0.7586,-0.2530,0.6005,0.0000,0.0000,0.0000,13023.6764,0.0060,0.0063,0.0070
milky,0,,83.9237,26.6903,0.8884,-0.3363,0.3124,0.0000,0.0000,0.0000,11841.7043,0.0036,0.0038,0.0042
milky,0,,310.4840,52.2483,-0.4657,-0.4730,0.7479,0.0000,0.0000,0.0000,15005.6603,0.0016,0.0017,0.0019
milky,0,,250.8870,-40.0251,-0.7235,0.4221,-0.5462,0.0000,0.0000,0.0000,13601.2477,0.0050,0.0053,0.0059
milky,0,,261.7558,-30.6707,-0.8512,0.3737,-0.3684,0.0000,0.0000,0.0000,15159.9334,0.0077,0.0082,0.0091
milky,0,,293.0750,11.3337,-0.9021,0.0295,0.4306,0.0000,0.0000,0.0000,15274.4225,0.0088,0.0093,0.0103
milky,0,,151.9502,-58.0442,0.2489,0.4867,-0.8374,0.0000,0.0000,0.0000,9914.4866,0.0039,0.0041,0.0045
milky,0,,104.6534,-4.1782,0.9649,-0.0675,-0.2538,0.0000,0.0000,0.0000,13774.6635,0.0059,0.0062,0.0069
milky,0,,126.3423,-39.8906,0.6180,0.3155,-0.7201,0.0000,0.0000,0.0000,15203.2058,0.0043,0.0045,0.0050
milky,0,,287.0350,-3.6791,-0.9542,0.2056,0.2175,0.0000,0.0000,0.0000,13566.3434,0.0100,0.0106,0.0117
milky,0,,330.2180,49.5046,-0.3226,-0.3616,0.8748,0.0000,0.0000,0.0000,10777.9811,0.0018,0.0019,0.0021
milky,0,,352.8879,60.6377,-0.0607,-0.4965,0.8659,0.0000,0.0000,0.0000,15951.0845,0.0049,0.0052,0.0058
milky,0,,163.4816,-61.4469,0.1359,0.5169,-0.8452,0.0000,0.0000,0.0000,13056.2478,0.0061,0.0065,0.0072
milky,0,,263.0142,-19.2385,-0.9371,0.2233,-0.2681,0.0000,0.0000,0.0000,11745.1726,0.0086,0.0091,0.0101
milky,0,,212.2487,-57.0678,-0.2901,0.4826,-0.8264,0.0000,0.0000,0.0000,11763.4203,0.0073,0.0078,0.0086
milky,0,,273.0285,0.8969,-0.9985,0.0138,0.0533,0.0000,0.0000,0.0000,12472.3833,0.0087,0.0092,0.0103
milky,0,,263.4918,-42.4581,-0.7330,0.5356,-0.4194,0.0000,0.0000,0.0000,9983.2353,0.0047,0.0050,0.0055
milky,0,,94.1874,32.6195,0.8400,-0.4937,0.2249,0.0000,0.0000,0.0000,15244.7447,0.0036,0.0038,0.0042
milky,0,,92.2127,16.0914,0.9601,-0.2567,0.1110,0.0000,0.0000,0.0000,13017.4048,0.0024,0.0026,0.0028
milky,0,,92.3024,15.0529,0.9649,-0.2426,0.1005,0.0000,0.0000,0.0000,10738.2965,0.0023,0.0024,0.0027
milky,0,,305.1637,33.0641,-0.6851,-0.2191,0.6947,0.0000,0.0000,0.0000,14133.5309,0.0061,0.0065,0.0072
milky,0,,284.0418,3.7504,-0.9680,0.0686,0.2412,0.0000,0.0000,0.0000,15683.9686,0.0035,0.0037,0.0041
milky,0,,285.6471,-1.1403,-0.9628,0.1559,0.2209,0.0000,0.0000,0.0000,14111.5426,0.0107,0.0114,0.0126
milky,0,,250.4441,-53.2562,-0.5637,0.5837,-0.5844,0.0000,0.0000,0.0000,13367.3132,0.0103,0.0109,0.0122
milky,0,,277.6590,-1.5925,-0.9907,0.0924,0.0999,0.0000,0.0000,0.0000,11468.1105,0.0087,0.0092,0.0102
milky,0,,179.6296,-53.1166,0.0039,0.3765,-0.9264,0.0000,0.0000,0.0000,9999.9010,0.0068,0.0072,0.0080
milky,0,,285.9312,7.8919,-0.9525,0.0223,0.3038,0.0000,0.0000,0.0000,12035.1726,0.0034,0.0036,0.0040
milky,0,,180.6622,-58.6892,-0.0060,0.4647,-0.8855,0.0000,0.0000,0.0000,12564.2910,0.0067,0.0071,0.0079
milky,0,,288.4600,0.7400,-0.9485,0.1520,0.2780,0.0000,0.0000,0.0000,14593.2784,0.0116,0.0123,0.0137
milky,0,,265.1852,-14.1394,-0.9663,0.1675,-0.1956,0.0000,0.0000,0.0000,9280.6423,0.0065,0.0069,0.0076
milky,0,,269.8077,-27.8939,-0.8838,0.3995,-0.2435,0.0000,0.0000,0.0000,14203.2621,0.0092,0.0097,0.0108
milky,0,,155.9552,-50.7256,0.2579,0.3658,-0.8942,0.0000,0.0000,0.0000,9908.0774,0.0030,0.0032,0.0036
milky,0,,245.8702,-32.2995,-0.7714,0.2801,-0.5714,0.0000,0.0000,0.0000,15492.0952,0.0046,0.0049,0.0055
milky,0,,97.2776,10.7014,0.9747,-0.2233,-0.0111,0.0000,0.0000,0.0000,15033.6122,0.0022,0.0023,0.0026
milky,0,,223.9884,-56.1633,-0.3867,0.5056,-0.7712,0.0000,0.0000,0.0000,13987.3644,0.0104,0.0110,0.0122
milky,0,,239.2204,-51.1640,-0.5388,0.5024,-0.6763,0.0000,0.0000,0.0000,11089.4131,0.0118,0.0125,0.0139
milky,0,,84.0660,34.3370,0.8213,-0.4395,0.3637,0.0000,0.0000,0.0000,12795.1900,0.0028,0.0029,0.0032
milky,0,,266.0984,-15.3008,-0.9623,0.1924,-0.1922,0.0000,0.0000,0.0000,13946.3531,0.0067,0.0071,0.0079
milky,0,,59.6281,49.7835,0.5571,-0.4864,0.6731,0.0000,0.0000,0.0000,11515.6056,0.0052,0.0055,0.0062
milky,0,,252.0135,-47.7037,-0.6401,0.5270,-0.5591,0.0000,0.0000,0.0000,13729.0655,0.0075,0.0079,0.0088
milky,0,,106.3304,-12.1817,0.9380,0.0393,-0.3443,0.0000,0.0000,0.0000,12118.8645,0.0054,0.0057,0.0064
milky,0,,173.8169,-67.4369,0.0413,0.5951,-0.8026,0.0000,0.0000,0.0000,11330.3537,0.0068,0.0072,0.0079
milky,0,,273.3897,-14.3015,-0.9673,0.2412,-0.0781,0.0000,0.0000,0.0000,11995.3309,0.0016,0.0017,0.0018
milky,0,,205.9433,-62.6892,-0.2007,0.5491,-0.8113,0.0000,0.0000,0.0000,9875.2787,0.0060,0.0064,0.0071
milky,0,,242.2073,-50.8372,-0.5587,0.5129,-0.6517,0.0000,0.0000,0.0000,14707.6093,0.0112,0.0119,0.0132
milky,0,,125.7115,-39.0437,0.6306,0.3065,-0.7130,0.0000,0.0000,0.0000,10033.5773,0.0045,0.0047,0.0052
milky,0,,291.0310,13.1043,-0.9091,-0.0143,0.4164,0.0000,0.0000,0.0000,14114.7893,0.0025,0.0027,0.0030
milky,0,,202.4211,-54.9806,-0.2189,0.4288,-0.8765,0.0000,0.0000,0.0000,9886.1524,0.0060,0.0063,0.0070
milky,0,,194.3902,-56.4729,-0.1373,0.4390,-0.8879,0.0000,0.0000,0.0000,13782.0798,0.0059,0.0062,0.0069
milky,0,,268.3797,-23.7167,-0.9152,0.3314,-0.2293,0.0000,0.0000,0.0000,12868.2690,0.0089,0.0094,0.0105
milky,0,,229.9828,-49.9444,-0.4928,0.4430,-0.7489,0.0000,0.0000,0.0000,11022.3412,0.0122,0.0130,0.0144
milky,0,,280.9883,-7.0726,-0.9742,0.2030,0.0987,0.0000,0.0000,0.0000,12993.1096,0.0021,0.0022,0.0024
milky,0,,263.8374,-25.9424,-0.8940,0.3253,-0.3081,0.0000,0.0000,0.0000,9548.8620,0.0091,0.0096,0.0107
milky,0,,268.5911,-21.3943,-0.9308,0.3009,-0.2075,0.0000,0.0000,0.0000,9334.0374,0.0083,0.0088,0.0098
milky,0,,137.4546,-49.4126,0.4399,0.4041,-0.8020,0.0000,0.0000,0.0000,14394.0274,0.0015,0.0016,0.0018
milky,0,,294.6422,17.5643,-0.8666,-0.0539,0.4962,0.0000,0.0000,0.0000,13017.2837,0.0018,0.0019,0.0022
milky,0,,32.9841,62.5000,0.2514,-0.5608,0.7888,0.0000,0.0000,0.0000,10864.8245,0.0039,0.0041,0.0045
milky,0,,261.7137,-29.5932,-0.8605,0.3588,-0.3618,0.0000,0.0000,0.0000,12646.9413,0.0081,0.0085,0.0095
milky,0,,110.8227,-13.1018,0.9104,0.0160,-0.4135,0.0000,0.0000,0.0000,9098.5606,0.0048,0.0051,0.0057
milky,0,,285.1303,7.1438,-0.9578,0.0268,0.2860,0.0000,0.0000,0.0000,10670.4029,0.0035,0.0037,0.0041
milky,0,,267.4645,-20.6412,-0.9349,0.2808,-0.2170,0.0000,0.0000,0.0000,10694.9450,0.0083,0.0088,0.0097
milky,0,,147.1073,-63.5702,0.2417,0.5751,-0.7816,0.0000,0.0000,0.0000,11575.3254,0.0044,0.0047,0.0052
milky,0,,292.2496,-26.9038,-0.8254,0.5618,0.0564,0.0000,0.0000,0.0000,9612.2764,0.0065,0.0069,0.0077
milky,0,,107.5305,-12.6855,0.9303,0.0369,-0.3650,0.0000,0.0000,0.0000,9223.2785,0.0052,0.0055,0.0062
milky,0,,281.7372,-4.8082,-0.9756,0.1762,0.1306,0.0000,0.0000,0.0000,12630.1432,0.0024,0.0026,0.0029
milky,0,,228.7633,-49.8673,-0.4847,0.4365,-0.7580,0.0000,0.0000,0.0000,13681.3262,0.0122,0.0129,0.0143
milky,0,,295.5237,19.4343,-0.8510,-0.0759,0.5197,0.0000,0.0000,0.0000,12813.8027,0.0017,0.0018,0.0020
milky,0,,276.7680,-7.9144,-0.9836,0.1781,0.0291,0.0000,0.0000,0.0000,12364.2130,0.0017,0.0018,0.0020
milky,0,,150.3434,-61.4204,0.2367,0.5386,-0.8086,0.0000,0.0000,0.0000,13988.1131,0.0044,0.0046,0.0051
milky,0,,110.2889,-7.8351,0.9292,-0.0601,-0.3647,0.0000,0.0000,0.0000,14910.8051,0.0058,0.0061,0.0068
milky,0,,305.4002,45.3664,-0.5727,-0.4004,0.7154,0.0000,0.0000,0.0000,11049.0658,0.0037,0.0039,0.0043
milky,0,,283.9855,8.3493,-0.9601,-0.0013,0.2797,0.0000,0.0000,0.0000,14243.0789,0.0115,0.0122,0.0136
milky,0,,105.6098,-18.8695,0.9114,0.1461,-0.3848,0.0000,0.0000,0.0000,10633.3469,0.0042,0.0045,0.0050
milky,0,,123.6368,-39.3661,0.6437,0.3231,-0.6938,0.0000,0.0000,0.0000,15488.0722,0.0045,0.0048,0.0054
milky,0,,182.9854,-58.0019,-0.0276,0.4544,-0.8904,0.0000,0.0000,0.0000,11688.1632,0.0066,0.0070,0.0078
milky,0,,97.5530,-5.5379,0.9867,0.0153,-0.1618,0.0000,0.0000,0.0000,13973.1829,0.0056,0.0059,0.0066
milky,0,,219.3175,-56.3572,-0.3510,0.4928,-0.7962,0.0000,0.0000,0.0000,10485.0220,0.0092,0.0097,0.0108
milky,0,,268.6912,-16.5577,-0.9583,0.2330,-0.1655,0.0000,0.0000,0.0000,12302.5603,0.0066,0.0070,0.0078
milky,0,,228.6892,-54.1715,-0.4397,0.4959,-0.7488,0.0000,0.0000,0.0000,14629.5717,0.0117,0.0124,0.0137
milky,0,,93.2795,12.3252,0.9754,-0.2118,0.0620,0.0000,0.0000,0.0000,14050.7396,0.0021,0.0022,0.0024
milky,0,,61.3319,51.6685,0.5442,-0.5191,0.6591,0.0000,0.0000,0.0000,15146.0876,0.0053,0.0056,0.0063
milky,0,,180.8405,-64.4604,-0.0063,0.5514,-0.8342,0.0000,0.0000,0.0000,10534.4358,0.0066,0.0070,0.0078
milky,0,,281.1562,3.9064,-0.9788,0.0410,0.2006,0.0000,0.0000,0.0000,9085.3265,0.0115,0.0122,0.0135
milky,0,,98.4983,7.7639,0.9800,-0.1912,-0.0559,0.0000,0.0000,0.0000,13281.9566,0.0026,0.0028,0.0031
milky,0,,238.4241,-58.0430,-0.4509,0.5845,-0.6745,0.0000,0.0000,0.0000,13948.7179,0.0122,0.0129,0.0143
milky,0,,138.1409,-39.0346,0.5183,0.2419,-0.8203,0.0000,0.0000,0.0000,11736.5629,0.0030,0.0032,0.0036
milky,0,,220.6732,-59.0354,-0.3353,0.5340,-0.7761,0.0000,0.0000,0.0000,9993.9998,0.0089,0.0095,0.0105
milky,0,,279.7786,-22.0955,-0.9131,0.4035,-0.0588,0.0000,0.0000,0.0000,15085.9179,0.0066,0.0070,0.0078
milky,0,,112.6744,-17.0839,0.8820,0.0620,-0.4672,0.0000,0.0000,0.0000,13744.1373,0.0039,0.0042,0.0046
milky,0,,279.9332,-8.8062,-0.9734,0.2190,0.0673,0.0000,0.0000,0.0000,14243.6892,0.0018,0.0019,0.0021
milky,0,,277.0634,-18.9559,-0.9386,0.3383,-0.0676,0.0000,0.0000,0.0000,15615.0769,0.0060,0.0063,0.0070
milky,0,,281.0991,-42.5965,-0.7224,0.6531,-0.2271,0.0000,0.0000,0.0000,15052.4588,0.0063,0.0067,0.0075
milky,0,,257.3467,-33.1102,-0.8173,0.3737,-0.4386,0.0000,0.0000,0.0000,10226.8039,0.0060,0.0063,0.0070
milky,0,,270.1091,9.3548,-0.9867,-0.1384,0.0853,0.0000,0.0000,0.0000,13825.2781,0.0115,0.0122,0.0135
milky,0,,171.7519,-57.7120,0.0766,0.4524,-0.8885,0.0000,0.0000,0.0000,14297.7080,0.0066,0.0070,0.0078
milky,0,,125.9879,-41.7471,0.6037,0.3449,-0.7187,0.0000,0.0000,0.0000,13003.0233,0.0040,0.0042,0.0047
milky,0,,38.8718,55.4031,0.3563,-0.4779,0.8029,0.0000,0.0000,0.0000,11876.5019,0.0049,0.0052,0.0057
milky,0,,79.3791,44.5554,0.7004,-0.5337,0.4739,0.0000,0.0000,0.0000,9559.1306,0.0021,0.0022,0.0024
milky,0,,296.7950,25.9426,-0.8027,-0.1662,0.5728,0.0000,0.0000,0.0000,9657.3081,0.0054,0.0057,0.0063
milky,0,,82.2288,38.0946,0.7798,-0.4740,0.4090,0.0000,0.0000,0.0000,9245.3286,0.0022,0.0023,0.0025
milky,0,,306.7959,33.6633,-0.6665,-0.2184,0.7128,0.0000,0.0000,0.0000,14723.5254,0.0060,0.0064,0.0071
milky,0,,146.2974,-54.3830,0.3231,0.4473,-0.8340,0.0000,0.0000,0.0000,10010.3398,0.0022,0.0024,0.0026
milky,0,,261.5947,-24.5010,-0.9002,0.2870,-0.3276,0.0000,0.0000,0.0000,11319.6481,0.0091,0.0096,0.0107
milky,0,,287.7759,9.0531,-0.9404,0.0204,0.3395,0.0000,0.0000,0.0000,10910.8609,0.0032,0.0034,0.0038
milky,0,,283.7021,10.3514,-0.9557,-0.0340,0.2923,0.0000,0.0000,0.0000,12913.9450,0.0111,0.0117,0.0130
milky,0,,95.0325,5.9963,0.9907,-0.1345,-0.0210,0.0000,0.0000,0.0000,9288.3344,0.0026,0.0028,0.0031
milky,0,,25.7848,58.8989,0.2247,-0.4944,0.8397,0.0000,0.0000,0.0000,9398.6938,0.0036,0.0038,0.0042
milky,0,,265.9961,-22.7913,-0.9197,0.2989,-0.2547,0.0000,0.0000,0.0000,11331.5795,0.0090,0.0095,0.0105
milky,0,,122.1782,-26.4783,0.7576,0.1367,-0.6382,0.0000,0.0000,0.0000,11064.0094,0.0041,0.0043,0.0048
milky,0,,95.2497,17.1522,0.9515,-0.2978,0.0770,0.0000,0.0000,0.0000,14589.4325,0.0024,0.0025,0.0028
milky,0,,252.4572,-55.6694,-0.5377,0.6203,-0.5710,0.0000,0.0000,0.0000,11496.6439,0.0109,0.0115,0.0128
milky,0,,98.5210,-5.9374,0.9837,0.0128,-0.1796,0.0000,0.0000,0.0000,11230.9155,0.0057,0.0061,0.0067
milky,0,,289.5086,2.8262,-0.9414,0.1295,0.3113,0.0000,0.0000,0.0000,10096.6877,0.0118,0.0125,0.0139
milky,0,,102.2564,0.9473,0.9771,-0.1235,-0.1734,0.0000,0.0000,0.0000,9427.1302,0.0048,0.0050,0.0056
milky,0,,321.9124,49.7369,-0.3987,-0.3921,0.8290,0.0000,0.0000,0.0000,9420.8949,0.0014,0.0015,0.0016
milky,0,,274.3772,-38.9615,-0.7753,0.5696,-0.2730,0.0000,0.0000,0.0000,10571.7162,0.0069,0.0073,0.0081
milky,0,,158.9104,-55.1524,0.2056,0.4289,-0.8797,0.0000,0.0000,0.0000,13079.2484,0.0045,0.0048,0.0053
milky,0,,119.5351,-26.1679,0.7809,0.1501,-0.6064,0.0000,0.0000,0.0000,9705.0003,0.0038,0.0041,0.0045
milky,0,,307.0482,48.0946,-0.5331,-0.4307,0.7282,0.0000,0.0000,0.0000,13174.7998,0.0027,0.0029,0.0032
milky,0,,288.2629,-23.7977,-0.8689,0.4936,0.0380,0.0000,0.0000,0.0000,14347.1562,0.0059,0.0063,0.0070
milky,0,,272.2437,-23.3279,-0.9175,0.3579,-0.1731,0.0000,0.0000,0.0000,15988.0360,0.0083,0.0088,0.0098
milky,0,,204.0465,-64.3520,-0.1764,0.5691,-0.8031,0.0000,0.0000,0.0000,10187.0380,0.0059,0.0062,0.0069
milky,0,,188.8435,-60.4668,-0.0758,0.4949,-0.8656,0.0000,0.0000,0.0000,15213.6933,0.0062,0.0066,0.0073
milky,0,,282.2402,1.8076,-0.9768,0.0821,0.1979,0.0000,0.0000,0.0000,14102.7130,0.0033,0.0035,0.0039
milky,0,,281.2498,-12.6293,-0.9571,0.2855,0.0506,0.0000,0.0000,0.0000,15930.1853,0.0051,0.0054,0.0060
milky,0,,199.2526,-61.9785,-0.1549,0.5282,-0.8348,0.0000,0.0000,0.0000,13518.1266,0.0058,0.0061,0.0068
milky,0,,154.4141,-57.2821,0.2334,0.4701,-0.8512,0.0000,0.0000,0.0000,9212.4118,0.0041,0.0043,0.0048
milky,0,,289.7751,-4.1102,-0.9386,0.2352,0.2523,0.0000,0.0000,0.0000,10628.2372,0.0104,0.0110,0.0122
milky,0,,281.7978,-12.4556,-0.9558,0.2877,0.0600,0.0000,0.0000,0.0000,14225.5425,0.0051,0.0054,0.0060
milky,0,,280.4405,9.1785,-0.9709,-0.0446,0.2355,0.0000,0.0000,0.0000,13276.1330,0.0117,0.0124,0.0137
milky,0,,279.9631,-7.8688,-0.9756,0.2056,0.0764,0.0000,0.0000,0.0000,10291.0732,0.0019,0.0020,0.0022
milky,0,,281.0388,-19.1112,-0.9274,0.3738,-0.0135,0.0000,0.0000,0.0000,15459.9482,0.0054,0.0058,0.0064
milky,0,,281.9055,-5.7778,-0.9735,0.1920,0.1241,0.0000,0.0000,0.0000,11758.6795,0.0023,0.0024,0.0027
milky,0,,292.8552,36.0044,-0.7455,-0.3421,0.5721,0.0000,0.0000,0.0000,9022.2591,0.0061,0.0065,0.0072
milky,0,,254.3151,-36.0797,-0.7781,0.3923,-0.4906,0.0000,0.0000,0.0000,11289.2457,0.0048,0.0051,0.0056
milky,0,,38.4061,60.8383,0.3027,-0.5519,0.7771,0.0000,0.0000,0.0000,15094.2525,0.0044,0.0047,0.0052
milky,0,,278.8150,-26.7894,-0.8821,0.4568,-0.1149,0.0000,0.0000,0.0000,12300.2444,0.0084,0.0089,0.0099
milky,0,,252.9037,-31.2951,-0.8167,0.3159,-0.4829,0.0000,0.0000,0.0000,10274.3276,0.0056,0.0060,0.0066
milky,0,,210.0124,-64.3515,-0.2165,0.5797,-0.7856,0.0000,0.0000,0.0000,12270.4341,0.0063,0.0067,0.0074
milky,0,,78.0011,19.0447,0.9246,-0.1785,0.3365,0.0000,0.0000,0.0000,12816.7723,0.0036,0.0039,0.0043
milky,0,,6.2457,58.1149,0.0575,-0.4574,0.8874,0.0000,0.0000,0.0000,10196.5484,0.0043,0.0045,0.0050
milky,0,,304.4203,20.7969,-0.7712,-0.0322,0.6358,0.0000,0.0000,0.0000,9537.5745,0.0053,0.0056,0.0063
milky,0,,252.0203,-21.1627,-0.8870,0.1612,-0.4327,0.0000,0.0000,0.0000,12826.7382,0.0086,0.0091,0.0101
milky,0,,211.7021,-62.7131,-0.2409,0.5609,-0.7921,0.0000,0.0000,0.0000,14656.9812,0.0066,0.0070,0.0078
milky,0,,312.6340,38.2355,-0.5779,-0.2565,0.7748,0.0000,0.0000,0.0000,12403.6904,0.0045,0.0048,0.0053
milky,0,,187.0830,-64.4351,-0.0532,0.5527,-0.8317,0.0000,0.0000,0.0000,9647.4412,0.0063,0.0066,0.0074
milky,0,,57.7434,54.3383,0.4930,-0.5362,0.6852,0.0000,0.0000,0.0000,13380.9087,0.0058,0.0062,0.0068
milky,0,,279.9471,-2.0084,-0.9844,0.1190,0.1299,0.0000,0.0000,0.0000,9625.4859,0.0027,0.0029,0.0032
milky,0,,252.0860,-54.6492,-0.5505,0.6075,-0.5726,0.0000,0.0000,0.0000,15024.0651,0.0106,0.0112,0.0124
milky,0,,79.2989,43.3303,0.7148,-0.5186,0.4692,0.0000,0.0000,0.0000,15687.7439,0.0020,0.0021,0.0023
milky,0,,288.8649,7.3725,-0.9385,0.0552,0.3410,0.0000,0.0000,0.0000,9615.6601,0.0033,0.0035,0.0039
milky,0,,283.0695,-3.1111,-0.9727,0.1628,0.1656,0.0000,0.0000,0.0000,14170.6956,0.0028,0.0030,0.0033
milky,0,,260.6408,-22.5260,-0.9114,0.2510,-0.3261,0.0000,0.0000,0.0000,10192.2648,0.0092,0.0097,0.0108
milky,0,,293.1285,12.6525,-0.8973,0.0096,0.4413,0.0000,0.0000,0.0000,9678.4953,0.0082,0.0087,0.0096
milky,0,,277.7542,-12.6977,-0.9666,0.2562,-0.0004,0.0000,0.0000,0.0000,10557.3267,0.0015,0.0015,0.0017
milky,0,,282.2029,-7.1047,-0.9699,0.2140,0.1161,0.0000,0.0000,0.0000,13651.9647,0.0071,0.0075,0.0084
milky,0,,292.0885,16.8130,-0.8870,-0.0625,0.4575,0.0000,0.0000,0.0000,14577.6491,0.0020,0.0021,0.0024
milky,0,,295.8796,20.8067,-0.8410,-0.0943,0.5327,0.0000,0.0000,0.0000,14336.7357,0.0016,0.0017,0.0019
milky,0,,182.4767,-63.0136,-0.0196,0.5303,-0.8476,0.0000,0.0000,0.0000,11397.0794,0.0065,0.0069,0.0077
milky,0,,73.7311,44.6531,0.6829,-0.4998,0.5328,0.0000,0.0000,0.0000,10434.6055,0.0025,0.0026,0.0029
milky,0,,62.8985,50.0162,0.5720,-0.5060,0.6456,0.0000,0.0000,0.0000,12562.8959,0.0049,0.0052,0.0058
milky,0,,225.5650,-61.0378,-0.3458,0.5754,-0.7412,0.0000,0.0000,0.0000,13253.0343,0.0096,0.0101,0.0113
milky,0,,296.1405,13.3683,-0.8734,0.0226,0.4865,0.0000,0.0000,0.0000,14462.3732,0.0072,0.0077,0.0085
milky,0,,264.1741,-33.5933,-0.8287,0.4307,-0.3574,0.0000,0.0000,0.0000,9569.9186,0.0072,0.0076,0.0084
milky,0,,182.5823,-64.5941,-0.0193,0.5535,-0.8326,0.0000,0.0000,0.0000,14734.9328,0.0065,0.0069,0.0077
milky,0,,259.1877,-50.6518,-0.6228,0.6016,-0.5002,0.0000,0.0000,0.0000,12492.9178,0.0072,0.0076,0.0084
milky,0,,216.0414,-64.2380,-0.2557,0.5910,-0.7651,0.0000,0.0000,0.0000,9452.6501,0.0071,0.0075,0.0084
milky,0,,60.0766,54.1740,0.5073,-0.5446,0.6679,0.0000,0.0000,0.0000,15598.6046,0.0057,0.0060,0.0067
milky,0,,328.8111,54.3870,-0.3016,-0.4403,0.8457,0.0000,0.0000,0.0000,14943.6948,0.0023,0.0024,0.0027
milky,0,,270.2296,-12.9564,-0.9745,0.1942,-0.1121,0.0000,0.0000,0.0000,9929.4182,0.0053,0.0056,0.0062
milky,0,,271.3188,-15.1084,-0.9652,0.2349,-0.1152,0.0000,0.0000,0.0000,15206.9152,0.0057,0.0060,0.0067
milky,0,,266.6620,-37.9306,-0.7874,0.5033,-0.3560,0.0000,0.0000,0.0000,11633.5714,0.0060,0.0064,0.0071
milky,0,,171.4255,-55.6873,0.0840,0.4209,-0.9032,0.0000,0.0000,0.0000,15701.1405,0.0065,0.0068,0.0076
milky,0,,357.6236,57.5437,-0.0223,-0.4471,0.8942,0.0000,0.0000,0.0000,15800.8284,0.0048,0.0051,0.0057
milky,0,,230.3731,-57.9314,-0.4089,0.5520,-0.7267,0.0000,0.0000,0.0000,10092.4783,0.0113,0.0119,0.0132
milky,0,,141.3675,-49.9028,0.4021,0.3966,-0.8253,0.0000,0.0000,0.0000,11312.5156,0.0014,0.0015,0.0017
milky,0,,115.0751,-26.0414,0.8138,0.1802,-0.5525,0.0000,0.0000,0.0000,11202.7841,0.0036,0.0038,0.0042
milky,0,,304.6328,37.4816,-0.6529,-0.2893,0.7000,0.0000,0.0000,0.0000,9734.5483,0.0057,0.0061,0.0067
milky,0,,134.6573,-40.6413,0.5398,0.2836,-0.7926,0.0000,0.0000,0.0000,13691.7109,0.0032,0.0034,0.0038
milky,0,,232.5818,-48.9131,-0.5220,0.4404,-0.7305,0.0000,0.0000,0.0000,12105.3011,0.0122,0.0129,0.0143
milky,0,,286.0711,8.3780,-0.9507,0.0162,0.3098,0.0000,0.0000,0.0000,14122.0615,0.0034,0.0036,0.0040
milky,0,,73.6703,47.5434,0.6478,-0.5347,0.5427,0.0000,0.0000,0.0000,12157.9059,0.0030,0.0032,0.0035
milky,0,,333.3791,55.9792,-0.2507,-0.4528,0.8556,0.0000,0.0000,0.0000,12639.7720,0.0031,0.0033,0.0036
milky,0,,253.5801,-37.6845,-0.7591,0.4088,-0.5066,0.0000,0.0000,0.0000,12745.9462,0.0046,0.0049,0.0055
milky,0,,289.0522,-7.8317,-0.9364,0.2834,0.2070,0.0000,0.0000,0.0000,15413.0780,0.0085,0.0089,0.0099
milky,0,,47.2847,59.7583,0.3700,-0.5646,0.7378,0.0000,0.0000,0.0000,10909.7815,0.0053,0.0056,0.0062
milky,0,,91.6071,17.0534,0.9557,-0.2652,0.1281,0.0000,0.0000,0.0000,13622.0698,0.0026,0.0027,0.0030
milky,0,,291.0112,10.6159,-0.9175,0.0236,0.3970,0.0000,0.0000,0.0000,11941.9788,0.0029,0.0030,0.0034
milky,0,,249.3463,-43.5896,-0.6777,0.4594,-0.5741,0.0000,0.0000,0.0000,11082.2686,0.0064,0.0068,0.0075
milky,0,,120.6075,-34.7837,0.7069,0.2736,-0.6523,0.0000,0.0000,0.0000,14917.4245,0.0048,0.0051,0.0056
milky,0,,140.0117,-47.7509,0.4321,0.3692,-0.8228,0.0000,0.0000,0.0000,9492.8229,0.0015,0.0016,0.0018
milky,0,,253.3426,-47.6312,-0.6456,0.5338,-0.5461,0.0000,0.0000,0.0000,14277.8993,0.0071,0.0075,0.0083
milky,0,,256.1365,-64.6044,-0.4164,0.7214,-0.5534,0.0000,0.0000,0.0000,13150.0632,0.0123,0.0130,0.0144
milky,0,,19.2515,57.4146,0.1776,-0.4604,0.8698,0.0000,0.0000,0.0000,12547.9331,0.0035,0.0037,0.0041
milky,0,,308.2633,39.9013,-0.6023,-0.3052,0.7376,0.0000,0.0000,0.0000,13348.6382,0.0048,0.0050,0.0056
milky,0,,309.6256,35.5262,-0.6269,-0.2307,0.7442,0.0000,0.0000,0.0000,14288.0701,0.0056,0.0059,0.0065
milky,0,,261.3043,-20.4461,-0.9262,0.2265,-0.3013,0.0000,0.0000,0.0000,11947.0794,0.0090,0.0095,0.0106
milky,0,,291.1968,5.6931,-0.9277,0.1003,0.3595,0.0000,0.0000,0.0000,11512.5404,0.0113,0.0119,0.0133
milky,0,,306.1248,36.0194,-0.6533,-0.2585,0.7116,0.0000,0.0000,0.0000,14807.9756,0.0058,0.0062,0.0068
milky,0,,15.2221,62.0940,0.1229,-0.5249,0.8422,0.0000,0.0000,0.0000,14274.3406,0.0037,0.0039,0.0043
milky,0,,161.4017,-60.6772,0.1562,0.5083,-0.8469,0.0000,0.0000,0.0000,11884.4430,0.0058,0.0061,0.0068
milky,0,,261.3596,-40.1012,-0.7562,0.4930,-0.4303,0.0000,0.0000,0.0000,10711.3460,0.0048,0.0051,0.0057
milky,0,,285.0632,-21.0651,-0.9011,0.4330,0.0228,0.0000,0.0000,0.0000,15858.7901,0.0055,0.0058,0.0064
milky,0,,225.4276,-54.6483,-0.4122,0.4900,-0.7681,0.0000,0.0000,0.0000,10643.2022,0.0110,0.0116,0.0129
milky,0,,79.1968,23.4372,0.9012,-0.2524,0.3523,0.0000,0.0000,0.0000,10203.7474,0.0036,0.0038,0.0043
milky,0,,282.8450,-24.1558,-0.8896,0.4552,-0.0369,0.0000,0.0000,0.0000,13754.5877,0.0069,0.0073,0.0081
milky,0,,292.8483,18.5083,-0.8739,-0.0825,0.4791,0.0000,0.0000,0.0000,15364.8775,0.0018,0.0019,0.0022
milky,0,,78.0643,30.0074,0.8472,-0.3364,0.4111,0.0000,0.0000,0.0000,14234.7451,0.0029,0.0031,0.0034
milky,0,,358.9674,58.5441,-0.0094,-0.4625,0.8866,0.0000,0.0000,0.0000,11726.0995,0.0047,0.0050,0.0056
milky,0,,115.8615,-26.2052,0.8074,0.1769,-0.5629,0.0000,0.0000,0.0000,9909.5965,0.0036,0.0039,0.0043
milky,0,,265.2798,-28.1119,-0.8790,0.3665,-0.3049,0.0000,0.0000,0.0000,9004.4788,0.0089,0.0094,0.0105
milky,0,,245.4292,-29.4791,-0.7917,0.2354,-0.5637,0.0000,0.0000,0.0000,15297.0443,0.0048,0.0051,0.0057
milky,0,,288.7955,10.3576,-0.9312,0.0091,0.3643,0.0000,0.0000,0.0000,14379.6352,0.0030,0.0032,0.0036
milky,0,,52.5520,55.6751,0.4477,-0.5313,0.7192,0.0000,0.0000,0.0000,14127.1191,0.0059,0.0062,0.0069
milky,0,,114.4924,-28.5992,0.7990,0.2228,-0.5585,0.0000,0.0000,0.0000,14976.2783,0.0038,0.0040,0.0045
milky,0,,106.5044,-20.9141,0.8956,0.1693,-0.4113,0.0000,0.0000,0.0000,11868.1331,0.0038,0.0040,0.0045
milky,0,,242.4401,-60.9850,-0.4300,0.6340,-0.6428,0.0000,0.0000,0.0000,15265.7179,0.0121,0.0128,0.0142
milky,0,,293.8721,25.0341,-0.8285,-0.1739,0.5322,0.0000,0.0000,0.0000,12286.3753,0.0053,0.0056,0.0062
milky,0,,278.5131,-2.4968,-0.9880,0.1135,0.1043,0.0000,0.0000,0.0000,14720.2006,0.0085,0.0090,0.0099
milky,0,,267.9260,-27.0651,-0.8899,0.3734,-0.2620,0.0000,0.0000,0.0000,15639.5882,0.0092,0.0097,0.0108
milky,0,,97.7154,7.4792,0.9825,-0.1801,-0.0471,0.0000,0.0000,0.0000,9137.3522,0.0026,0.0028,0.0031
milky,0,,131.8153,-41.3336,0.5596,0.3083,-0.7693,0.0000,0.0000,0.0000,14452.2504,0.0034,0.0036,0.0040
milky,0,,286.1341,10.8689,-0.9434,-0.0211,0.3310,0.0000,0.0000,0.0000,11770.2703,0.0031,0.0033,0.0037
milky,0,,234.1770,-60.1239,-0.4039,0.5931,-0.6965,0.0000,0.0000,0.0000,10772.7941,0.0114,0.0121,0.0134
milky,0,,260.3804,-26.8339,-0.8798,0.3101,-0.3603,0.0000,0.0000,0.0000,14454.1190,0.0086,0.0091,0.0101
milky,0,,263.4707,-35.3445,-0.8104,0.4481,-0.3774,0.0000,0.0000,0.0000,15544.5478,0.0064,0.0068,0.0075
milky,0,,258.7813,-20.3040,-0.9199,0.2035,-0.3351,0.0000,0.0000,0.0000,9575.5876,0.0092,0.0097,0.0108
milky,0,,294.4477,8.9732,-0.8992,0.0769,0.4307,0.0000,0.0000,0.0000,9662.0041,0.0095,0.0100,0.0112
milky,0,,126.8145,-49.1469,0.5237,0.4465,-0.7256,0.0000,0.0000,0.0000,10246.2902,0.0023,0.0025,0.0027
milky,0,,109.5802,-25.9666,0.8471,0.2201,-0.4838,0.0000,0.0000,0.0000,12372.3529,0.0034,0.0036,0.0040
milky,0,,279.5309,7.8311,-0.9770,-0.0323,0.2108,0.0000,0.0000,0.0000,12553.2784,0.0118,0.0125,0.0139
milky,0,,292.2279,-0.2159,-0.9257,0.1981,0.3223,0.0000,0.0000,0.0000,10733.3825,0.0118,0.0124,0.0138
milky,0,,283.1372,-1.3873,-0.9735,0.1378,0.1823,0.0000,0.0000,0.0000,11932.2556,0.0030,0.0032,0.0036
milky,0,,113.5311,-13.4689,0.8916,-0.0003,-0.4528,0.0000,0.0000,0.0000,12482.5316,0.0045,0.0047,0.0053
milky,0,,304.3382,38.9754,-0.6419,-0.3133,0.6998,0.0000,0.0000,0.0000,13758.3825,0.0055,0.0058,0.0064
milky,0,,253.2207,-35.6482,-0.7780,0.3787,-0.5013,0.0000,0.0000,0.0000,13073.4758,0.0048,0.0050,0.0056
milky,0,,104.2224,-7.8693,0.9602,-0.0080,-0.2791,0.0000,0.0000,0.0000,11492.5197,0.0060,0.0063,0.0070
milky,0,,280.9558,-0.2074,-0.9818,0.1010,0.1610,0.0000,0.0000,0.0000,15547.5822,0.0030,0.0032,0.0036
milky,0,,164.1509,-57.0420,0.1486,0.4497,-0.8807,0.0000,0.0000,0.0000,10847.7357,0.0057,0.0060,0.0067
milky,0,,235.0436,-59.0581,-0.4214,0.5835,-0.6943,0.0000,0.0000,0.0000,9474.9979,0.0117,0.0124,0.0138
milky,0,,139.6264,-49.8681,0.4175,0.4025,-0.8147,0.0000,0.0000,0.0000,13009.2565,0.0015,0.0015,0.0017
milky,0,,271.3642,-32.4653,-0.8435,0.4705,-0.2592,0.0000,0.0000,0.0000,13438.0669,0.0087,0.0092,0.0102
milky,0,,288.4632,18.4901,-0.8996,-0.1172,0.4208,0.0000,0.0000,0.0000,11652.9037,0.0068,0.0072,0.0080
milky,0,,50.9350,57.6881,0.4150,-0.5509,0.7240,0.0000,0.0000,0.0000,10301.3453,0.0057,0.0060,0.0067
milky,0,,43.1121,56.1516,0.3807,-0.5025,0.7763,0.0000,0.0000,0.0000,12788.1024,0.0053,0.0056,0.0062
milky,0,,288.7162,9.0271,-0.9354,0.0287,0.3525,0.0000,0.0000,0.0000,14748.3201,0.0032,0.0034,0.0038
milky,0,,93.9719,17.0107,0.9540,-0.2849,0.0939,0.0000,0.0000,0.0000,14530.6539,0.0024,0.0026,0.0028
milky,0,,285.4139,1.2780,-0.9638,0.1177,0.2393,0.0000,0.0000,0.0000,14001.8113,0.0034,0.0036,0.0040
milky,0,,283.6817,-17.0288,-0.9290,0.3675,0.0430,0.0000,0.0000,0.0000,15826.2991,0.0049,0.0052,0.0057
milky,0,,248.2310,-43.0334,-0.6788,0.4453,-0.5838,0.0000,0.0000,0.0000,10183.8240,0.0065,0.0069,0.0076
milky,0,,31.0498,63.2278,0.2323,-0.5665,0.7906,0.0000,0.0000,0.0000,10651.0392,0.0037,0.0039,0.0044
milky,0,,262.2463,-27.6777,-0.8775,0.3366,-0.3416,0.0000,0.0000,0.0000,12737.9169,0.0087,0.0092,0.0102
milky,0,,38.9519,59.8744,0.3155,-0.5404,0.7800,0.0000,0.0000,0.0000,12001.9281,0.0045,0.0048,0.0053
milky,0,,120.3139,-38.7080,0.6736,0.3332,-0.6597,0.0000,0.0000,0.0000,12774.4903,0.0047,0.0050,0.0056
milky,0,,277.6921,-32.3700,-0.8370,0.5171,-0.1788,0.0000,0.0000,0.0000,11480.3668,0.0091,0.0097,0.0107
milky,0,,98.0561,11.6837,0.9696,-0.2443,-0.0133,0.0000,0.0000,0.0000,13840.3982,0.0021,0.0023,0.0025
milky,0,,276.4748,-11.6695,-0.9731,0.2303,-0.0095,0.0000,0.0000,0.0000,14656.4359,0.0015,0.0016,0.0017
milky,0,,159.0617,-59.4315,0.1817,0.4934,-0.8506,0.0000,0.0000,0.0000,10982.6431,0.0053,0.0056,0.0062
milky,0,,313.2202,42.1140,-0.5406,-0.3132,0.7808,0.0000,0.0000,0.0000,12204.6033,0.0034,0.0036,0.0040
milky,0,,227.1095,-58.0273,-0.3880,0.5415,-0.7458,0.0000,0.0000,0.0000,13708.8926,0.0106,0.0112,0.0125
milky,0,,97.6172,7.8629,0.9819,-0.1849,-0.0421,0.0000,0.0000,0.0000,10315.5948,0.0025,0.0027,0.0030
milky,0,,172.9119,-59.0608,0.0634,0.4724,-0.8791,0.0000,0.0000,0.0000,15022.1861,0.0067,0.0071,0.0079
milky,0,,268.3556,-18.9066,-0.9457,0.2638,-0.1902,0.0000,0.0000,0.0000,12226.3034,0.0076,0.0080,0.0089
milky,0,,301.1221,36.7960,-0.6855,-0.3002,0.6633,0.0000,0.0000,0.0000,12509.6295,0.0060,0.0064,0.0071
milky,0,,244.1022,-46.5374,-0.6188,0.4674,-0.6314,0.0000,0.0000,0.0000,14278.1778,0.0092,0.0097,0.0108
milky,0,,1.1137,54.7899,0.0112,-0.4034,0.9149,0.0000,0.0000,0.0000,13411.1307,0.0047,0.0050,0.0055
milky,0,,117.9241,-30.1388,0.7641,0.2218,-0.6057,0.0000,0.0000,0.0000,12301.4672,0.0042,0.0045,0.0050
milky,0,,246.8198,-46.1351,-0.6370,0.4775,-0.6051,0.0000,0.0000,0.0000,9594.9970,0.0082,0.0087,0.0096
milky,0,,165.7165,-58.6590,0.1283,0.4725,-0.8719,0.0000,0.0000,0.0000,9955.6416,0.0061,0.0065,0.0072
milky,0,,113.2334,-9.7163,0.9057,-0.0556,-0.4202,0.0000,0.0000,0.0000,9231.8764,0.0052,0.0055,0.0061
milky,0,,118.5359,-27.7514,0.7775,0.1814,-0.6022,0.0000,0.0000,0.0000,15710.4621,0.0040,0.0042,0.0047
milky,0,,74.8511,41.1287,0.7271,-0.4624,0.5075,0.0000,0.0000,0.0000,12057.2937,0.0020,0.0021,0.0024
milky,0,,2.3821,61.9922,0.0195,-0.5151,0.8569,0.0000,0.0000,0.0000,13116.4625,0.0045,0.0047,0.0053
milky,0,,306.4529,36.5934,-0.6458,-0.2653,0.7159,0.0000,0.0000,0.0000,14979.1980,0.0057,0.0060,0.0067
milky,0,,268.2875,-30.6140,-0.8602,0.4233,-0.2843,0.0000,0.0000,0.0000,12054.5484,0.0087,0.0093,0.0103
milky,0,,220.5973,-57.5586,-0.3491,0.5136,-0.7838,0.0000,0.0000,0.0000,11900.7288,0.0092,0.0098,0.0109
milky,0,,220.6683,-57.2673,-0.3524,0.5098,-0.7848,0.0000,0.0000,0.0000,11587.1880,0.0093,0.0099,0.0110
milky,0,,105.6698,-18.7605,0.9117,0.1440,-0.3849,0.0000,0.0000,0.0000,14786.2821,0.0042,0.0045,0.0050
milky,0,,317.8326,48.1164,-0.4482,-0.3833,0.8076,0.0000,0.0000,0.0000,10955.3945,0.0016,0.0017,0.0019
milky,0,,236.8627,-54.4592,-0.4867,0.5338,-0.6915,0.0000,0.0000,0.0000,13672.9404,0.0123,0.0130,0.0144
milky,0,,262.7067,-9.8115,-0.9774,0.0816,-0.1950,0.0000,0.0000,0.0000,9115.8875,0.0056,0.0059,0.0066
milky,0,,291.3527,28.5623,-0.8180,-0.2451,0.5204,0.0000,0.0000,0.0000,9837.0280,0.0054,0.0057,0.0063
milky,0,,74.9607,34.0635,0.8000,-0.3694,0.4727,0.0000,0.0000,0.0000,9208.7172,0.0021,0.0023,0.0025
milky,0,,268.7677,-46.6960,-0.6857,0.6162,-0.3874,0.0000,0.0000,0.0000,9428.2940,0.0047,0.0050,0.0055
milky,0,,99.7563,-2.3833,0.9847,-0.0516,-0.1665,0.0000,0.0000,0.0000,12114.1319,0.0052,0.0055,0.0061
milky,0,,278.6447,-7.8844,-0.9793,0.1943,0.0570,0.0000,0.0000,0.0000,13190.0910,0.0018,0.0019,0.0021
milky,0,,156.5586,-54.2976,0.2322,0.4203,-0.8772,0.0000,0.0000,0.0000,15858.1184,0.0039,0.0041,0.0046
milky,0,,147.3951,-49.9997,0.3464,0.3777,-0.8587,0.0000,0.0000,0.0000,10797.4863,0.0017,0.0018,0.0020
milky,0,,287.0050,10.3413,-0.9407,-0.0057,0.3391,0.0000,0.0000,0.0000,11950.7096,0.0032,0.0033,0.0037
milky,0,,315.1075,52.9135,-0.4256,-0.4638,0.7770,0.0000,0.0000,0.0000,12311.3615,0.0014,0.0015,0.0017
milky,0,,267.1004,-26.7945,-0.8915,0.3631,-0.2709,0.0000,0.0000,0.0000,12073.9848,0.0092,0.0097,0.0108
milky,0,,93.5498,10.8650,0.9802,-0.1929,0.0450,0.0000,0.0000,0.0000,9848.6872,0.0021,0.0022,0.0024
milky,0,,209.2699,-60.2740,-0.2424,0.5216,-0.8180,0.0000,0.0000,0.0000,11350.5080,0.0065,0.0069,0.0077
milky,0,,271.1223,-10.9079,-0.9817,0.1721,-0.0810,0.0000,0.0000,0.0000,9291.4037,0.0049,0.0052,0.0058
milky,0,,272.5511,-14.2319,-0.9683,0.2330,-0.0896,0.0000,0.0000,0.0000,14928.6842,0.0016,0.0017,0.0019
milky,0,,282.8631,-19.4984,-0.9190,0.3942,0.0080,0.0000,0.0000,0.0000,12445.6954,0.0053,0.0056,0.0063
milky,0,,342.7220,58.2979,-0.1561,-0.4708,0.8683,0.0000,0.0000,0.0000,10810.0238,0.0044,0.0047,0.0052
milky,0,,260.3447,-23.9443,-0.9010,0.2689,-0.3404,0.0000,0.0000,0.0000,14830.2693,0.0091,0.0096,0.0107
milky,0,,256.6433,-42.5377,-0.7169,0.4918,-0.4941,0.0000,0.0000,0.0000,9327.0935,0.0049,0.0051,0.0057
milky,0,,134.3342,-53.1678,0.4288,0.4703,-0.7713,0.0000,0.0000,0.0000,11064.9063,0.0014,0.0015,0.0017
milky,0,,248.4634,-48.0871,-0.6214,0.5116,-0.5935,0.0000,0.0000,0.0000,13450.3630,0.0086,0.0091,0.0101
milky,0,,253.1319,-41.1194,-0.7209,0.4511,-0.5261,0.0000,0.0000,0.0000,12973.7391,0.0050,0.0053,0.0058
milky,0,,296.6831,20.7729,-0.8354,-0.0878,0.5426,0.0000,0.0000,0.0000,14551.6691,0.0016,0.0017,0.0019
milky,0,,297.6927,30.7282,-0.7611,-0.2322,0.6056,0.0000,0.0000,0.0000,15068.5618,0.0059,0.0062,0.0069
milky,0,,180.4552,-70.5978,-0.0026,0.6374,-0.7705,0.0000,0.0000,0.0000,13859.0695,0.0065,0.0069,0.0076
milky,0,,296.8672,29.9128,-0.7732,-0.2257,0.5926,0.0000,0.0000,0.0000,15150.0786,0.0058,0.0061,0.0068
milky,0,,101.7376,3.4981,0.9773,-0.1569,-0.1426,0.0000,0.0000,0.0000,11628.2087,0.0040,0.0043,0.0047
milky,0,,315.4344,48.7602,-0.4626,-0.4027,0.7899,0.0000,0.0000,0.0000,14374.6235,0.0017,0.0018,0.0020
milky,0,,65.5608,44.9745,0.6440,-0.4551,0.6149,0.0000,0.0000,0.0000,15302.8283,0.0035,0.0037,0.0041
milky,0,,260.6589,-21.1357,-0.9204,0.2311,-0.3155,0.0000,0.0000,0.0000,15786.9559,0.0091,0.0097,0.0107
milky,0,,278.5493,4.8380,-0.9854,0.0040,0.1704,0.0000,0.0000,0.0000,10646.2138,0.0114,0.0121,0.0135
milky,0,,283.3674,3.3444,-0.9713,0.0689,0.2279,0.0000,0.0000,0.0000,14347.2797,0.0035,0.0037,0.0041
milky,0,,98.4053,0.5772,0.9892,-0.0839,-0.1201,0.0000,0.0000,0.0000,15418.2662,0.0044,0.0046,0.0051
milky,0,,23.3272,61.0712,0.1915,-0.5214,0.8315,0.0000,0.0000,0.0000,12235.4295,0.0035,0.0037,0.0041
milky,0,,114.3885,-14.3909,0.8822,0.0070,-0.4708,0.0000,0.0000,0.0000,12570.5705,0.0042,0.0045,0.0050
milky,0,,109.3609,-9.9880,0.9292,-0.0195,-0.3692,0.0000,0.0000,0.0000,14856.6504,0.0055,0.0058,0.0065
milky,0,,94.2852,22.1700,0.9235,-0.3591,0.1350,0.0000,0.0000,0.0000,10081.2076,0.0031,0.0033,0.0036
milky,0,,275.3803,-33.2324,-0.8328,0.5102,-0.2150,0.0000,0.0000,0.0000,12925.5930,0.0089,0.0094,0.0104
milky,0,,266.9743,-14.5650,-0.9665,0.1892,-0.1733,0.0000,0.0000,0.0000,11738.2529,0.0063,0.0067,0.0074
milky,0,,262.0814,-27.3428,-0.8798,0.3307,-0.3415,0.0000,0.0000,0.0000,13674.4169,0.0087,0.0092,0.0103
milky,0,,268.2197,-16.3582,-0.9591,0.2261,-0.1706,0.0000,0.0000,0.0000,11980.1874,0.0067,0.0071,0.0078
milky,0,,294.9776,14.3131,-0.8783,-0.0012,0.4780,0.0000,0.0000,0.0000,15271.4090,0.0071,0.0075,0.0084
milky,0,,280.6358,5.3068,-0.9786,0.0154,0.2052,0.0000,0.0000,0.0000,15858.1484,0.0117,0.0124,0.0138
milky,0,,306.2166,36.9070,-0.6451,-0.2714,0.7143,0.0000,0.0000,0.0000,10288.7697,0.0057,0.0060,0.0067
milky,0,,147.0710,-48.2374,0.3621,0.3514,-0.8634,0.0000,0.0000,0.0000,13077.7122,0.0016,0.0016,0.0018
milky,0,,116.7645,-24.8700,0.8101,0.1501,-0.5668,0.0000,0.0000,0.0000,9127.8575,0.0036,0.0038,0.0042
milky,0,,279.8037,-1.4317,-0.9851,0.1091,0.1330,0.0000,0.0000,0.0000,11915.9082,0.0028,0.0030,0.0033
milky,0,,262.9968,-14.2708,-0.9619,0.1504,-0.2282,0.0000,0.0000,0.0000,11478.8697,0.0070,0.0074,0.0082
milky,0,,101.9916,7.0138,0.9709,-0.2109,-0.1139,0.0000,0.0000,0.0000,12313.8100,0.0032,0.0034,0.0037
milky,0,,89.9144,20.2070,0.9384,-0.2954,0.1791,0.0000,0.0000,0.0000,15080.2219,0.0031,0.0033,0.0037
milky,0,,254.6553,-46.9950,-0.6577,0.5339,-0.5314,0.0000,0.0000,0.0000,14074.0720,0.0065,0.0069,0.0077
milky,0,,312.8359,34.8653,-0.6017,-0.2027,0.7726,0.0000,0.0000,0.0000,15033.2323,0.0053,0.0056,0.0062
milky,0,,252.7264,-29.5309,-0.8308,0.2894,-0.4753,0.0000,0.0000,0.0000,11457.9139,0.0061,0.0065,0.0072
milky,0,,279.7208,-4.0534,-0.9832,0.1473,0.1080,0.0000,0.0000,0.0000,9557.7301,0.0024,0.0025,0.0028
milky,0,,287.7149,24.7609,-0.8650,-0.2167,0.4526,0.0000,0.0000,0.0000,10274.3240,0.0054,0.0057,0.0064
milky,0,,105.1391,-0.6958,0.9652,-0.1241,-0.2301,0.0000,0.0000,0.0000,15974.6801,0.0054,0.0058,0.0064
milky,0,,108.8043,-17.6581,0.9020,0.1018,-0.4195,0.0000,0.0000,0.0000,12393.6732,0.0042,0.0044,0.0049
milky,0,,271.6808,-29.7571,-0.8678,0.4385,-0.2338,0.0000,0.0000,0.0000,14613.9416,0.0091,0.0097,0.0107
milky,0,,230.9255,-57.0268,-0.4225,0.5424,-0.7261,0.0000,0.0000,0.0000,15103.6552,0.0115,0.0122,0.0136
milky,0,,85.2725,27.5802,0.8833,-0.3592,0.3011,0.0000,0.0000,0.0000,11803.8390,0.0036,0.0038,0.0042
milky,0,,272.1570,-15.2336,-0.9642,0.2439,-0.1042,0.0000,0.0000,0.0000,12444.1234,0.0017,0.0018,0.0020
milky,0,,80.3262,37.9759,0.7771,-0.4592,0.4305,0.0000,0.0000,0.0000,15111.0595,0.0021,0.0022,0.0024
milky,0,,101.8354,-8.7646,0.9673,0.0262,-0.2522,0.0000,0.0000,0.0000,9664.4774,0.0060,0.0063,0.0070
milky,0,,134.8954,-38.8574,0.5516,0.2547,-0.7942,0.0000,0.0000,0.0000,13363.1068,0.0035,0.0037,0.0042
milky,0,,104.7382,5.9466,0.9619,-0.2191,-0.1635,0.0000,0.0000,0.0000,9418.8700,0.0038,0.0040,0.0045
milky,0,,119.2048,-28.0000,0.7707,0.1805,-0.6111,0.0000,0.0000,0.0000,10493.6417,0.0040,0.0043,0.0048
milky,0,,22.3614,62.1669,0.1776,-0.5356,0.8256,0.0000,0.0000,0.0000,13685.0867,0.0035,0.0037,0.0041
milky,0,,352.6869,57.3494,-0.0687,-0.4461,0.8923,0.0000,0.0000,0.0000,9437.1233,0.0049,0.0052,0.0058
milky,0,,269.5282,-42.6462,-0.7355,0.5776,-0.3541,0.0000,0.0000,0.0000,9382.1882,0.0050,0.0053,0.0059
milky,0,,297.8126,26.5928,-0.7909,-0.1688,0.5882,0.0000,0.0000,0.0000,10421.9265,0.0055,0.0058,0.0064
milky,0,,257.7703,-39.9413,-0.7493,0.4667,-0.4699,0.0000,0.0000,0.0000,10652.2179,0.0047,0.0049,0.0055
milky,0,,192.4340,-63.1275,-0.0973,0.5373,-0.8378,0.0000,0.0000,0.0000,10855.3324,0.0060,0.0063,0.0070
milky,0,,266.3647,-28.6749,-0.8756,0.3827,-0.2948,0.0000,0.0000,0.0000,11134.9516,0.0089,0.0094,0.0105
milky,0,,196.8381,-62.9745,-0.1316,0.5396,-0.8316,0.0000,0.0000,0.0000,15125.1432,0.0058,0.0062,0.0068
milky,0,,230.3649,-59.4012,-0.3920,0.5706,-0.7216,0.0000,0.0000,0.0000,10440.1185,0.0109,0.0116,0.0129
milky,0,,307.7939,35.0982,-0.6465,-0.2346,0.7259,0.0000,0.0000,0.0000,14766.8116,0.0058,0.0061,0.0068
milky,0,,217.7934,-64.0069,-0.2686,0.5921,-0.7598,0.0000,0.0000,0.0000,13549.6804,0.0074,0.0079,0.0087
milky,0,,313.9595,46.8009,-0.4927,-0.3801,0.7828,0.0000,0.0000,0.0000,11296.6811,0.0022,0.0023,0.0025
milky,0,,246.7899,-24.8891,-0.8337,0.1766,-0.5232,0.0000,0.0000,0.0000,9021.8466,0.0062,0.0066,0.0073
milky,0,,222.2245,-56.0641,-0.3752,0.4982,-0.7817,0.0000,0.0000,0.0000,9972.9746,0.0100,0.0105,0.0117
milky,0,,348.8887,62.4030,-0.0893,-0.5255,0.8461,0.0000,0.0000,0.0000,12269.4281,0.0049,0.0052,0.0058
milky,0,,197.4060,-58.1293,-0.1579,0.4685,-0.8693,0.0000,0.0000,0.0000,12578.1074,0.0058,0.0061,0.0068
milky,0,,239.1455,-56.4146,-0.4749,0.5680,-0.6722,0.0000,0.0000,0.0000,11749.3706,0.0123,0.0130,0.0144
milky,0,,108.3914,5.3060,0.9449,-0.2411,-0.2217,0.0000,0.0000,0.0000,12949.7304,0.0044,0.0047,0.0052
milky,0,,167.3004,-63.7903,0.0971,0.5471,-0.8314,0.0000,0.0000,0.0000,13334.8541,0.0066,0.0070,0.0078
milky,0,,55.8098,53.3155,0.4942,-0.5145,0.7008,0.0000,0.0000,0.0000,13227.0840,0.0058,0.0062,0.0069
milky,0,,266.1032,-34.0923,-0.8262,0.4515,-0.3369,0.0000,0.0000,0.0000,15820.3908,0.0073,0.0078,0.0086
milky,0,,186.0569,-60.0945,-0.0526,0.4877,-0.8714,0.0000,0.0000,0.0000,10056.7828,0.0064,0.0068,0.0075
milky,0,,83.7372,21.8498,0.9226,-0.2669,0.2785,0.0000,0.0000,0.0000,13368.8272,0.0036,0.0038,0.0043
milky,0,,256.1134,-33.7079,-0.8076,0.3729,-0.4570,0.0000,0.0000,0.0000,11165.3137,0.0055,0.0059,0.0065
milky,0,,213.6508,-57.7688,-0.2955,0.4964,-0.8162,0.0000,0.0000,0.0000,11119.0378,0.0075,0.0080,0.0089
milky,0,,258.5885,-38.0813,-0.7716,0.4485,-0.4512,0.0000,0.0000,0.0000,10677.6911,0.0049,0.0052,0.0057
milky,0,,261.6955,-19.6119,-0.9321,0.2176,-0.2895,0.0000,0.0000,0.0000,9187.2747,0.0088,0.0094,0.0104
milky,0,,224.4108,-64.7599,-0.2984,0.6185,-0.7270,0.0000,0.0000,0.0000,13117.5756,0.0085,0.0090,0.0100
milky,0,,130.0858,-41.6934,0.5713,0.3225,-0.7547,0.0000,0.0000,0.0000,15547.5777,0.0036,0.0038,0.0042
milky,0,,283.5639,12.8543,-0.9477,-0.0729,0.3106,0.0000,0.0000,0.0000,14918.4428,0.0102,0.0108,0.0120
milky,0,,149.7991,-60.9821,0.2440,0.5336,-0.8097,0.0000,0.0000,0.0000,9680.7893,0.0042,0.0044,0.0049
milky,0,,280.9432,11.4452,-0.9623,-0.0743,0.2617,0.0000,0.0000,0.0000,12017.2924,0.0111,0.0118,0.0131
milky,0,,244.4543,-33.8395,-0.7494,0.2929,-0.5938,0.0000,0.0000,0.0000,9933.4312,0.0048,0.0051,0.0056
milky,0,,292.1576,16.4504,-0.8882,-0.0564,0.4559,0.0000,0.0000,0.0000,13487.0892,0.0021,0.0022,0.0024
milky,0,,117.6185,-25.4228,0.8003,0.1523,-0.5800,0.0000,0.0000,0.0000,15676.8947,0.0037,0.0039,0.0043
milky,0,,278.8313,3.8886,-0.9859,0.0208,0.1662,0.0000,0.0000,0.0000,10163.2152,0.0112,0.0119,0.0132
milky,0,,292.3254,16.3685,-0.8875,-0.0538,0.4576,0.0000,0.0000,0.0000,13370.6523,0.0021,0.0022,0.0024
milky,0,,49.4017,59.4003,0.3865,-0.5672,0.7273,0.0000,0.0000,0.0000,14602.5021,0.0055,0.0058,0.0065
milky,0,,234.0957,-59.3009,-0.4135,0.5828,-0.6995,0.0000,0.0000,0.0000,13660.8272,0.0116,0.0122,0.0136
milky,0,,25.7390,56.5936,0.2391,-0.4601,0.8551,0.0000,0.0000,0.0000,10703.3243,0.0036,0.0038,0.0043
milky,0,,40.1018,63.7917,0.2845,-0.5951,0.7516,0.0000,0.0000,0.0000,13659.6034,0.0043,0.0046,0.0051
milky,0,,250.1519,-42.0367,-0.6986,0.4441,-0.5610,0.0000,0.0000,0.0000,15210.9031,0.0057,0.0060,0.0067
milky,0,,327.5716,59.2751,-0.2740,-0.5147,0.8124,0.0000,0.0000,0.0000,12182.4763,0.0029,0.0031,0.0035
milky,0,,70.2465,44.5698,0.6705,-0.4775,0.5678,0.0000,0.0000,0.0000,10874.0701,0.0028,0.0030,0.0033
milky,0,,266.1455,-11.4356,-0.9779,0.1360,-0.1586,0.0000,0.0000,0.0000,11489.6674,0.0055,0.0058,0.0064
milky,0,,261.1373,-26.1470,-0.8869,0.3065,-0.3455,0.0000,0.0000,0.0000,9804.9767,0.0088,0.0094,0.0104
milky,0,,117.7512,-34.1189,0.7327,0.2823,-0.6193,0.0000,0.0000,0.0000,9397.3852,0.0046,0.0049,0.0055
milky,0,,254.7912,-53.9880,-0.5674,0.6139,-0.5488,0.0000,0.0000,0.0000,9370.0286,0.0097,0.0103,0.0115
milky,0,,73.2353,42.8593,0.7019,-0.4741,0.5316,0.0000,0.0000,0.0000,10406.1249,0.0023,0.0024,0.0027
milky,0,,147.4167,-53.9234,0.3171,0.4372,-0.8416,0.0000,0.0000,0.0000,14142.6227,0.0023,0.0024,0.0027
milky,0,,239.6653,-36.2349,-0.6962,0.2969,-0.6536,0.0000,0.0000,0.0000,11748.8622,0.0065,0.0068,0.0076
milky,0,,45.9534,61.1616,0.3467,-0.5782,0.7386,0.0000,0.0000,0.0000,13997.3446,0.0050,0.0053,0.0059
milky,0,,343.1128,55.2813,-0.1654,-0.4239,0.8905,0.0000,0.0000,0.0000,14853.9898,0.0042,0.0045,0.0050
milky,0,,286.4527,-7.3824,-0.9511,0.2548,0.1746,0.0000,0.0000,0.0000,10545.4116,0.0080,0.0085,0.0094
milky,0,,279.4638,-4.8837,-0.9828,0.1574,0.0966,0.0000,0.0000,0.0000,9109.5677,0.0023,0.0024,0.0026
milky,0,,94.9032,21.4248,0.9275,-0.3541,0.1199,0.0000,0.0000,0.0000,12052.9752,0.0029,0.0031,0.0035
milky,0,,250.9356,-53.3745,-0.5639,0.5876,-0.5804,0.0000,0.0000,0.0000,11891.0252,0.0103,0.0109,0.0121
milky,0,,116.7347,-26.1118,0.8019,0.1692,-0.5729,0.0000,0.0000,0.0000,11371.2742,0.0037,0.0039,0.0043
milky,0,,35.2378,55.5852,0.3261,-0.4694,0.8206,0.0000,0.0000,0.0000,14349.4200,0.0045,0.0047,0.0053
milky,0,,231.0163,-57.5714,-0.4168,0.5498,-0.7239,0.0000,0.0000,0.0000,11954.4835,0.0114,0.0121,0.0135
milky,0,,202.9417,-62.7026,-0.1788,0.5442,-0.8197,0.0000,0.0000,0.0000,10628.6704,0.0059,0.0062,0.0069
milky,0,,121.9334,-27.8578,0.7503,0.1597,-0.6415,0.0000,0.0000,0.0000,9506.2756,0.0042,0.0045,0.0050
milky,0,,61.3669,53.0781,0.5273,-0.5370,0.6585,0.0000,0.0000,0.0000,15873.2214,0.0055,0.0058,0.0065
milky,0,,59.7002,47.4048,0.5844,-0.4551,0.6718,0.0000,0.0000,0.0000,9983.2349,0.0048,0.0051,0.0057
milky,0,,321.2690,53.8831,-0.3688,-0.4556,0.8102,0.0000,0.0000,0.0000,12276.2674,0.0016,0.0017,0.0018
milky,0,,327.1984,57.8430,-0.2883,-0.4953,0.8195,0.0000,0.0000,0.0000,13634.1384,0.0027,0.0028,0.0031
milky,0,,99.9949,17.9576,0.9368,-0.3493,0.0173,0.0000,0.0000,0.0000,14730.3331,0.0022,0.0023,0.0026
milky,0,,236.9553,-55.8634,-0.4704,0.5519,-0.6886,0.0000,0.0000,0.0000,15717.0749,0.0122,0.0130,0.0144
milky,0,,320.8749,58.0918,-0.3335,-0.5165,0.7887,0.0000,0.0000,0.0000,15734.9795,0.0021,0.0022,0.0024
milky,0,,272.6202,-10.8850,-0.9810,0.1850,-0.0588,0.0000,0.0000,0.0000,14487.0912,0.0049,0.0051,0.0057
milky,0,,97.4860,-7.3707,0.9833,0.0434,-0.1768,0.0000,0.0000,0.0000,14469.8267,0.0058,0.0062,0.0069
milky,0,,12.7580,56.7559,0.1211,-0.4415,0.8891,0.0000,0.0000,0.0000,10678.9856,0.0038,0.0040,0.0045
milky,0,,52.3556,50.6341,0.5022,-0.4632,0.7302,0.0000,0.0000,0.0000,12590.2345,0.0058,0.0062,0.0069
milky,0,,95.7444,3.8735,0.9927,-0.1093,-0.0508,0.0000,0.0000,0.0000,14418.9266,0.0032,0.0033,0.0037
milky,0,,278.5027,-20.5377,-0.9261,0.3720,-0.0620,0.0000,0.0000,0.0000,12519.6385,0.0063,0.0066,0.0074
milky,0,,269.1294,-42.3208,-0.7393,0.5713,-0.3564,0.0000,0.0000,0.0000,14194.0418,0.0051,0.0054,0.0059
milky,0,,92.8083,11.8676,0.9775,-0.2010,0.0648,0.0000,0.0000,0.0000,10717.7254,0.0021,0.0022,0.0024
milky,0,,120.4202,-36.3797,0.6943,0.2985,-0.6549,0.0000,0.0000,0.0000,11278.9613,0.0048,0.0051,0.0057
milky,0,,316.0796,48.3455,-0.4610,-0.3939,0.7952,0.0000,0.0000,0.0000,9620.4137,0.0017,0.0018,0.0020
milky,0,,293.0938,6.0576,-0.9147,0.1104,0.3887,0.0000,0.0000,0.0000,10557.6795,0.0109,0.0115,0.0128
milky,0,,246.5491,-33.8880,-0.7616,0.3078,-0.5703,0.0000,0.0000,0.0000,15706.2242,0.0047,0.0049,0.0055
milky,0,,261.1214,-14.3328,-0.9573,0.1352,-0.2557,0.0000,0.0000,0.0000,14673.7655,0.0074,0.0079,0.0087
milky,0,,145.2116,-52.3320,0.3487,0.4200,-0.8379,0.0000,0.0000,0.0000,10748.9038,0.0018,0.0019,0.0021
milky,0,,299.6792,31.3168,-0.7422,-0.2277,0.6303,0.0000,0.0000,0.0000,10832.0635,0.0060,0.0064,0.0071
milky,0,,150.6717,-52.2543,0.2998,0.4029,-0.8647,0.0000,0.0000,0.0000,12817.3838,0.0024,0.0026,0.0029
milky,0,,83.5175,23.3717,0.9121,-0.2867,0.2931,0.0000,0.0000,0.0000,15348.1175,0.0037,0.0039,0.0043
milky,0,,228.8642,-58.3604,-0.3951,0.5520,-0.7343,0.0000,0.0000,0.0000,11885.9987,0.0109,0.0115,0.0128
milky,0,,29.8989,59.6449,0.2519,-0.5140,0.8200,0.0000,0.0000,0.0000,12704.3352,0.0038,0.0040,0.0044
milky,0,,263.3244,-45.1366,-0.7006,0.5653,-0.4353,0.0000,0.0000,0.0000,11024.2902,0.0048,0.0050,0.0056
milky,0,,246.4950,-46.8777,-0.6268,0.4852,-0.6096,0.0000,0.0000,0.0000,11724.0892,0.0086,0.0091,0.0101
milky,0,,103.4345,12.5288,0.9495,-0.3028,-0.0827,0.0000,0.0000,0.0000,10385.6542,0.0023,0.0024,0.0027
milky,0,,272.8447,-7.6280,-0.9899,0.1391,-0.0262,0.0000,0.0000,0.0000,14934.2987,0.0052,0.0055,0.0061
milky,0,,277.8018,-16.5605,-0.9496,0.3113,-0.0353,0.0000,0.0000,0.0000,11169.4635,0.0052,0.0055,0.0061
milky,0,,70.7732,59.3565,0.4813,-0.6510,0.5870,0.0000,0.0000,0.0000,13491.3809,0.0056,0.0060,0.0066
milky,0,,319.0649,44.0733,-0.4707,-0.3167,0.8235,0.0000,0.0000,0.0000,9682.3286,0.0021,0.0022,0.0024
milky,0,,245.0087,-39.5484,-0.6989,0.3780,-0.6072,0.0000,0.0000,0.0000,9482.6454,0.0061,0.0064,0.0071
milky,0,,267.1047,-9.1627,-0.9860,0.1108,-0.1248,0.0000,0.0000,0.0000,13261.3205,0.0049,0.0052,0.0058
milky,0,,261.0269,-33.0170,-0.8282,0.3997,-0.3927,0.0000,0.0000,0.0000,13234.4508,0.0067,0.0071,0.0079
milky,0,,272.5480,-16.3953,-0.9584,0.2639,-0.1088,0.0000,0.0000,0.0000,10889.8490,0.0018,0.0019,0.0021
milky,0,,241.2988,-47.6888,-0.5905,0.4674,-0.6580,0.0000,0.0000,0.0000,12575.4676,0.0104,0.0110,0.0122
milky,0,,305.3197,40.6897,-0.6187,-0.3331,0.7115,0.0000,0.0000,0.0000,10012.4088,0.0050,0.0053,0.0059
milky,0,,253.6195,-26.6865,-0.8572,0.2552,-0.4473,0.0000,0.0000,0.0000,13298.3974,0.0073,0.0077,0.0086
milky,0,,194.8645,-56.6162,-0.1412,0.4418,-0.8859,0.0000,0.0000,0.0000,11293.1161,0.0059,0.0062,0.0069
milky,0,,275.4809,-32.6568,-0.8381,0.5039,-0.2090,0.0000,0.0000,0.0000,12560.3940,0.0090,0.0095,0.0106
milky,0,,269.7819,-19.2732,-0.9439,0.2811,-0.1731,0.0000,0.0000,0.0000,15242.3181,0.0074,0.0078,0.0087
milky,0,,235.1837,-43.0107,-0.6003,0.3697,-0.7092,0.0000,0.0000,0.0000,10827.0104,0.0106,0.0112,0.0124
milky,0,,229.0174,-55.0403,-0.4326,0.5089,-0.7442,0.0000,0.0000,0.0000,13792.1415,0.0116,0.0123,0.0136
milky,0,,159.2974,-60.0478,0.1765,0.5021,-0.8466,0.0000,0.0000,0.0000,13555.8704,0.0054,0.0057,0.0064
milky,0,,291.6622,25.4758,-0.8390,-0.1971,0.5072,0.0000,0.0000,0.0000,15479.1745,0.0053,0.0056,0.0062
milky,0,,297.0124,27.9317,-0.7871,-0.1948,0.5852,0.0000,0.0000,0.0000,12043.1828,0.0056,0.0059,0.0065
milky,0,,256.9831,-47.8623,-0.6537,0.5578,-0.5114,0.0000,0.0000,0.0000,14666.2502,0.0064,0.0067,0.0075
milky,0,,96.0019,16.4820,0.9537,-0.2948,0.0602,0.0000,0.0000,0.0000,10257.2321,0.0022,0.0024,0.0026
milky,0,,270.4429,-12.1063,-0.9777,0.1837,-0.1015,0.0000,0.0000,0.0000,13420.3127,0.0051,0.0054,0.0060
milky,0,,253.7705,-42.5542,-0.7073,0.4737,-0.5248,0.0000,0.0000,0.0000,11545.5243,0.0052,0.0055,0.0061
milky,0,,274.6414,-8.0322,-0.9869,0.1610,-0.0033,0.0000,0.0000,0.0000,11589.6494,0.0053,0.0056,0.0062
milky,0,,269.1467,-30.7513,-0.8593,0.4317,-0.2743,0.0000,0.0000,0.0000,13124.2242,0.0088,0.0093,0.0104
milky,0,,204.3374,-62.3075,-0.1915,0.5409,-0.8190,0.0000,0.0000,0.0000,13552.7615,0.0059,0.0063,0.0070
milky,0,,284.6227,4.5651,-0.9645,0.0614,0.2567,0.0000,0.0000,0.0000,11215.1327,0.0035,0.0037,0.0042
milky,0,,344.0003,57.7573,-0.1471,-0.4609,0.8752,0.0000,0.0000,0.0000,9207.4585,0.0045,0.0048,0.0053
milky,0,,283.6311,-0.4179,-0.9718,0.1276,0.1982,0.0000,0.0000,0.0000,15360.1449,0.0032,0.0034,0.0037
milky,0,,303.0380,32.8729,-0.7041,-0.2294,0.6720,0.0000,0.0000,0.0000,12939.3465,0.0062,0.0065,0.0073
milky,0,,124.0059,-43.5489,0.6008,0.3818,-0.7023,0.0000,0.0000,0.0000,14638.7489,0.0038,0.0041,0.0045
milky,0,,349.6537,60.3042,-0.0890,-0.4936,0.8651,0.0000,0.0000,0.0000,11318.1841,0.0049,0.0052,0.0057
milky,0,,106.6187,-13.3943,0.9322,0.0553,-0.3578,0.0000,0.0000,0.0000,9785.3404,0.0052,0.0055,0.0061
milky,0,,318.6642,49.5890,-0.4282,-0.4020,0.8094,0.0000,0.0000,0.0000,11447.6369,0.0015,0.0015,0.0017
milky,0,,273.7729,-9.3405,-0.9846,0.1726,-0.0279,0.0000,0.0000,0.0000,15154.5022,0.0050,0.0053,0.0059
milky,0,,219.6518,-62.6532,-0.2931,0.5792,-0.7607,0.0000,0.0000,0.0000,11714.9360,0.0080,0.0085,0.0094
milky,0,,270.3135,-20.8689,-0.9344,0.3080,-0.1791,0.0000,0.0000,0.0000,14691.9556,0.0079,0.0083,0.0093
milky,0,,239.4693,-50.0172,-0.5535,0.4887,-0.6744,0.0000,0.0000,0.0000,14880.9130,0.0115,0.0122,0.0135
milky,0,,279.4785,-5.7412,-0.9814,0.1701,0.0889,0.0000,0.0000,0.0000,15365.1657,0.0021,0.0023,0.0025
milky,0,,335.0282,55.8257,-0.2371,-0.4469,0.8626,0.0000,0.0000,0.0000,13593.4042,0.0033,0.0035,0.0039
milky,0,,251.9826,-44.1187,-0.6827,0.4823,-0.5489,0.0000,0.0000,0.0000,12974.0335,0.0060,0.0063,0.0070
milky,0,,223.2258,-51.0223,-0.4308,0.4303,-0.7933,0.0000,0.0000,0.0000,9838.2543,0.0112,0.0119,0.0132
milky,0,,121.8425,-33.9606,0.7046,0.2535,-0.6628,0.0000,0.0000,0.0000,14848.2259,0.0048,0.0050,0.0056
milky,0,,312.9319,47.9364,-0.4905,-0.4013,0.7735,0.0000,0.0000,0.0000,14904.6159,0.0021,0.0022,0.0024
milky,0,,318.1922,41.7186,-0.4976,-0.2839,0.8196,0.0000,0.0000,0.0000,11533.8612,0.0027,0.0028,0.0031
milky,0,,312.8940,41.3995,-0.5495,-0.3039,0.7782,0.0000,0.0000,0.0000,13172.4635,0.0036,0.0038,0.0043
milky,0,,83.0100,36.8971,0.7938,-0.4645,0.3926,0.0000,0.0000,0.0000,14376.0090,0.0023,0.0025,0.0027
milky,0,,138.7991,-51.3329,0.4116,0.4271,-0.8051,0.0000,0.0000,0.0000,9083.9673,0.0014,0.0015,0.0017
milky,0,,204.0893,-65.0825,-0.1720,0.5793,-0.7968,0.0000,0.0000,0.0000,15574.4556,0.0059,0.0062,0.0069
milky,0,,279.8467,-3.4991,-0.9834,0.1402,0.1149,0.0000,0.0000,0.0000,12090.7655,0.0025,0.0026,0.0029
milky,0,,266.0471,-19.8597,-0.9383,0.2578,-0.2305,0.0000,0.0000,0.0000,12910.5920,0.0083,0.0088,0.0097
milky,0,,241.1254,-60.2177,-0.4350,0.6204,-0.6526,0.0000,0.0000,0.0000,9147.8775,0.0121,0.0128,0.0142
milky,0,,325.6090,47.1112,-0.3844,-0.3388,0.8588,0.0000,0.0000,0.0000,15075.6944,0.0014,0.0015,0.0016
milky,0,,327.4906,56.3148,-0.2981,-0.4724,0.8295,0.0000,0.0000,0.0000,10338.2615,0.0024,0.0026,0.0029
milky,0,,151.0060,-53.9304,0.2854,0.4276,-0.8577,0.0000,0.0000,0.0000,13503.7672,0.0028,0.0030,0.0033
milky,0,,98.9303,11.2718,0.9688,-0.2460,-0.0298,0.0000,0.0000,0.0000,14015.3764,0.0022,0.0023,0.0026
milky,0,,287.5464,-43.0957,-0.6962,0.6990,-0.1632,0.0000,0.0000,0.0000,9466.2213,0.0068,0.0073,0.0081
milky,0,,53.8383,58.8372,0.4178,-0.5762,0.7024,0.0000,0.0000,0.0000,14752.2731,0.0058,0.0061,0.0068
milky,0,,291.9845,15.8291,-0.8921,-0.0483,0.4492,0.0000,0.0000,0.0000,11651.5779,0.0021,0.0023,0.0025
milky,0,,79.0642,30.0304,0.8500,-0.3444,0.3985,0.0000,0.0000,0.0000,11881.3689,0.0030,0.0031,0.0035
milky,0,,180.8167,-64.6827,-0.0061,0.5546,-0.8321,0.0000,0.0000,0.0000,13993.8947,0.0066,0.0070,0.0078
milky,0,,315.9905,45.5377,-0.4866,-0.3523,0.7994,0.0000,0.0000,0.0000,10729.3970,0.0022,0.0023,0.0026
milky,0,,226.1015,-56.2599,-0.4002,0.5144,-0.7584,0.0000,0.0000,0.0000,10040.7252,0.0108,0.0114,0.0127
milky,0,,253.5901,-42.4029,-0.7083,0.4706,-0.5261,0.0000,0.0000,0.0000,15520.2841,0.0052,0.0055,0.0061
milky,0,,181.6247,-67.2970,-0.0109,0.5921,-0.8058,0.0000,0.0000,0.0000,13079.8436,0.0065,0.0069,0.0077
milky,0,,289.9114,7.6259,-0.9319,0.0601,0.3577,0.0000,0.0000,0.0000,11132.8981,0.0109,0.0116,0.0128
milky,0,,274.3849,-27.7376,-0.8825,0.4338,-0.1817,0.0000,0.0000,0.0000,9368.4015,0.0090,0.0096,0.0106
milky,0,,322.6401,42.0598,-0.4505,-0.2703,0.8509,0.0000,0.0000,0.0000,11663.8126,0.0020,0.0021,0.0023
milky,0,,172.1957,-56.1967,0.0755,0.4284,-0.9004,0.0000,0.0000,0.0000,10897.3937,0.0066,0.0069,0.0077
milky,0,,274.2496,-27.9991,-0.8805,0.4361,-0.1857,0.0000,0.0000,0.0000,9153.2264,0.0091,0.0096,0.0107
milky,0,,293.2752,15.1051,-0.8869,-0.0269,0.4612,0.0000,0.0000,0.0000,10717.3980,0.0021,0.0023,0.0025
milky,0,,101.3613,2.4420,0.9795,-0.1379,-0.1468,0.0000,0.0000,0.0000,14847.2964,0.0043,0.0045,0.0050
milky,0,,306.1296,35.7493,-0.6555,-0.2543,0.7111,0.0000,0.0000,0.0000,14154.9054,0.0058,0.0062,0.0069
milky,0,,286.7939,8.7952,-0.9461,0.0160,0.3235,0.0000,0.0000,0.0000,10081.2749,0.0033,0.0035,0.0039
milky,0,,315.5254,45.6637,-0.4896,-0.3562,0.7958,0.0000,0.0000,0.0000,11698.8202,0.0022,0.0023,0.0026
milky,0,,97.0406,4.0751,0.9900,-0.1239,-0.0682,0.0000,0.0000,0.0000,9401.5240,0.0033,0.0035,0.0039
milky,0,,256.5427,-65.5199,-0.4030,0.7304,-0.5514,0.0000,0.0000,0.0000,13479.9912,0.0122,0.0129,0.0144
milky,0,,90.4128,24.3201,0.9112,-0.3564,0.2065,0.0000,0.0000,0.0000,10014.7891,0.0035,0.0038,0.0042
milky,0,,256.5272,-29.2527,-0.8485,0.3142,-0.4259,0.0000,0.0000,0.0000,10658.0285,0.0071,0.0075,0.0084
milky,0,,123.4509,-32.6786,0.7023,0.2238,-0.6758,0.0000,0.0000,0.0000,14956.2389,0.0047,0.0050,0.0056
milky,0,,265.3888,-17.3789,-0.9513,0.2165,-0.2196,0.0000,0.0000,0.0000,12801.3346,0.0076,0.0081,0.0090
milky,0,,272.2943,-25.2556,-0.9037,0.3844,-0.1887,0.0000,0.0000,0.0000,14104.2963,0.0088,0.0093,0.0104
milky,0,,357.5682,60.9327,-0.0206,-0.4992,0.8662,0.0000,0.0000,0.0000,15683.1907,0.0048,0.0050,0.0056
milky,0,,5.2111,61.9245,0.0427,-0.5149,0.8562,0.0000,0.0000,0.0000,9947.2689,0.0043,0.0045,0.0050
milky,0,,268.9657,-2.3367,-0.9990,0.0257,-0.0365,0.0000,0.0000,0.0000,11872.3597,0.0062,0.0065,0.0073
milky,0,,14.8282,62.7639,0.1171,-0.5343,0.8372,0.0000,0.0000,0.0000,9510.9651,0.0037,0.0039,0.0043
milky,0,,281.0463,10.2924,-0.9657,-0.0561,0.2536,0.0000,0.0000,0.0000,15612.3370,0.0114,0.0121,0.0134
milky,0,,286.6829,22.4592,-0.8853,-0.1908,0.4242,0.0000,0.0000,0.0000,12857.9364,0.0059,0.0062,0.0069
milky,0,,228.4474,-52.5867,-0.4547,0.4733,-0.7545,0.0000,0.0000,0.0000,15817.2172,0.0119,0.0126,0.0140
milky,0,,251.7936,-41.3158,-0.7135,0.4450,-0.5412,0.0000,0.0000,0.0000,12096.1089,0.0052,0.0055,0.0061
milky,0,,292.7707,17.3516,-0.8801,-0.0654,0.4703,0.0000,0.0000,0.0000,15083.0341,0.0019,0.0021,0.0023
milky,0,,124.1523,-42.2834,0.6122,0.3628,-0.7025,0.0000,0.0000,0.0000,11893.6223,0.0041,0.0043,0.0048
milky,0,,296.6636,20.7520,-0.8357,-0.0876,0.5422,0.0000,0.0000,0.0000,10624.1522,0.0016,0.0017,0.0019
milky,0,,274.8162,-19.8215,-0.9374,0.3313,-0.1069,0.0000,0.0000,0.0000,14101.1962,0.0020,0.0021,0.0023
milky,0,,173.7751,-58.4295,0.0568,0.4622,-0.8849,0.0000,0.0000,0.0000,15788.6365,0.0067,0.0071,0.0079
milky,0,,227.3912,-59.1542,-0.3774,0.5571,-0.7397,0.0000,0.0000,0.0000,10182.5638,0.0104,0.0110,0.0123
milky,0,,63.6648,48.0011,0.5997,-0.4841,0.6372,0.0000,0.0000,0.0000,15762.1118,0.0044,0.0047,0.0052
milky,0,,272.8277,-2.9303,-0.9975,0.0692,0.0159,0.0000,0.0000,0.0000,15342.8730,0.0068,0.0072,0.0080
milky,0,,257.5695,-47.8522,-0.6553,0.5611,-0.5057,0.0000,0.0000,0.0000,10059.0026,0.0062,0.0066,0.0073
milky,0,,271.9085,-8.4089,-0.9887,0.1423,-0.0471,0.0000,0.0000,0.0000,9385.5033,0.0050,0.0053,0.0058
milky,0,,282.2714,3.5011,-0.9753,0.0569,0.2133,0.0000,0.0000,0.0000,14126.3866,0.0035,0.0037,0.0041
milky,0,,188.7419,-65.7126,-0.0625,0.5719,-0.8179,0.0000,0.0000,0.0000,13276.2494,0.0062,0.0065,0.0072
milky,0,,81.7860,33.6696,0.8237,-0.4140,0.3875,0.0000,0.0000,0.0000,14588.1599,0.0027,0.0028,0.0032
milky,0,,242.2947,-41.3637,-0.6645,0.3867,-0.6395,0.0000,0.0000,0.0000,9876.6669,0.0076,0.0080,0.0089
milky,0,,95.6973,22.3866,0.9201,-0.3737,0.1175,0.0000,0.0000,0.0000,15657.2425,0.0030,0.0032,0.0036
milky,0,,317.0359,51.6673,-0.4227,-0.4386,0.7931,0.0000,0.0000,0.0000,15824.9047,0.0014,0.0015,0.0017
milky,0,,108.2238,-4.2879,0.9472,-0.0965,-0.3058,0.0000,0.0000,0.0000,14505.7072,0.0060,0.0063,0.0070
milky,0,,291.8720,12.6695,-0.9054,-0.0008,0.4245,0.0000,0.0000,0.0000,14650.0898,0.0025,0.0027,0.0030
milky,0,,192.0968,-65.2016,-0.0879,0.5669,-0.8191,0.0000,0.0000,0.0000,10418.4500,0.0060,0.0063,0.0071
milky,0,,91.5204,34.0577,0.8282,-0.4914,0.2696,0.0000,0.0000,0.0000,9007.8429,0.0033,0.0035,0.0039
milky,0,,141.3585,-53.4718,0.3717,0.4493,-0.8124,0.0000,0.0000,0.0000,15037.5652,0.0017,0.0018,0.0019
milky,0,,264.9764,-27.3664,-0.8847,0.3540,-0.3034,0.0000,0.0000,0.0000,10381.0042,0.0090,0.0095,0.0106
milky,0,,231.6406,-56.0403,-0.4380,0.5324,-0.7243,0.0000,0.0000,0.0000,14889.2301,0.0118,0.0125,0.0139
milky,0,,273.0777,-28.0948,-0.8809,0.4281,-0.2019,0.0000,0.0000,0.0000,11912.7686,0.0091,0.0097,0.0108
milky,0,,133.3178,-43.8210,0.5249,0.3386,-0.7809,0.0000,0.0000,0.0000,11436.1765,0.0027,0.0029,0.0032
milky,0,,253.1583,-36.9803,-0.7646,0.3964,-0.5082,0.0000,0.0000,0.0000,10111.5165,0.0047,0.0049,0.0055
milky,0,,258.5554,-49.8731,-0.6317,0.5895,-0.5034,0.0000,0.0000,0.0000,11126.6818,0.0069,0.0073,0.0081
milky,0,,355.0446,65.4648,-0.0359,-0.5667,0.8231,0.0000,0.0000,0.0000,12699.1942,0.0048,0.0050,0.0056
milky,0,,271.0238,-14.0663,-0.9699,0.2173,-0.1103,0.0000,0.0000,0.0000,13845.2224,0.0054,0.0058,0.0064
milky,0,,106.6112,12.3672,0.9360,-0.3274,-0.1290,0.0000,0.0000,0.0000,9367.6461,0.0025,0.0027,0.0030
milky,0,,86.7639,20.1605,0.9372,-0.2681,0.2229,0.0000,0.0000,0.0000,15267.6555,0.0033,0.0035,0.0039
milky,0,,85.9647,24.6322,0.9067,-0.3243,0.2695,0.0000,0.0000,0.0000,10207.1998,0.0037,0.0039,0.0043
milky,0,,92.9469,13.5745,0.9708,-0.2269,0.0780,0.0000,0.0000,0.0000,10109.9227,0.0021,0.0023,0.0025
milky,0,,79.9289,47.7707,0.6617,-0.5742,0.4821,0.0000,0.0000,0.0000,12652.0593,0.0025,0.0026,0.0029
milky,0,,244.4200,-45.9746,-0.6269,0.4618,-0.6275,0.0000,0.0000,0.0000,10615.0824,0.0088,0.0093,0.0104
milky,0,,253.1853,-46.2498,-0.6620,0.5162,-0.5435,0.0000,0.0000,0.0000,15654.6854,0.0065,0.0069,0.0077
milky,0,,273.0904,6.4751,-0.9922,-0.0691,0.1040,0.0000,0.0000,0.0000,10885.3140,0.0111,0.0118,0.0131
milky,0,,282.0015,-19.7703,-0.9205,0.3907,-0.0065,0.0000,0.0000,0.0000,12439.8879,0.0055,0.0058,0.0065
milky,0,,256.9462,-40.0525,-0.7457,0.4625,-0.4796,0.0000,0.0000,0.0000,15129.7868,0.0046,0.0049,0.0055
milky,0,,133.8235,-42.3138,0.5335,0.3133,-0.7856,0.0000,0.0000,0.0000,9768.8869,0.0030,0.0031,0.0035
milky,0,,276.5354,-6.1685,-0.9877,0.1504,0.0417,0.0000,0.0000,0.0000,15361.7420,0.0062,0.0066,0.0073
milky,0,,130.0993,-44.8864,0.5420,0.3699,-0.7546,0.0000,0.0000,0.0000,14532.5577,0.0029,0.0030,0.0034
milky,0,,83.7391,22.0588,0.9213,-0.2699,0.2801,0.0000,0.0000,0.0000,13453.0985,0.0036,0.0038,0.0043
milky,0,,100.0705,6.9682,0.9773,-0.1934,-0.0863,0.0000,0.0000,0.0000,14498.0854,0.0030,0.0031,0.0035
milky,0,,280.8674,6.5765,-0.9756,-0.0017,0.2195,0.0000,0.0000,0.0000,15474.6147,0.0118,0.0125,0.0139
milky,0,,124.5954,-33.4996,0.6864,0.2292,-0.6901,0.0000,0.0000,0.0000,15687.6390,0.0048,0.0051,0.0056
milky,0,,184.1505,-62.9109,-0.0330,0.5292,-0.8478,0.0000,0.0000,0.0000,15341.5675,0.0065,0.0068,0.0076
milky,0,,176.5186,-61.2846,0.0292,0.5048,-0.8628,0.0000,0.0000,0.0000,14643.9632,0.0068,0.0072,0.0080
milky,0,,233.1813,-61.0363,-0.3877,0.6005,-0.6994,0.0000,0.0000,0.0000,9353.1419,0.0110,0.0117,0.0130
milky,0,,278.7080,-13.0476,-0.9630,0.2695,0.0101,0.0000,0.0000,0.0000,15567.3983,0.0015,0.0015,0.0017
milky,0,,184.6083,-58.6101,-0.0418,0.4643,-0.8847,0.0000,0.0000,0.0000,13790.5426,0.0065,0.0069,0.0077
milky,0,,132.6109,-44.1784,0.5278,0.3473,-0.7751,0.0000,0.0000,0.0000,12318.4877,0.0027,0.0029,0.0032
milky,0,,276.0807,-11.5476,-0.9742,0.2250,-0.0141,0.0000,0.0000,0.0000,10318.2019,0.0015,0.0016,0.0017
milky,0,,167.8713,-63.9630,0.0922,0.5491,-0.8306,0.0000,0.0000,0.0000,14924.2732,0.0066,0.0070,0.0078
milky,0,,118.8607,-22.6165,0.8084,0.1002,-0.5800,0.0000,0.0000,0.0000,11273.6170,0.0035,0.0037,0.0041
milky,0,,237.3280,-47.7092,-0.5664,0.4470,-0.6924,0.0000,0.0000,0.0000,10329.8100,0.0114,0.0120,0.0134
milky,0,,359.0953,64.0290,-0.0069,-0.5451,0.8383,0.0000,0.0000,0.0000,9223.9485,0.0046,0.0049,0.0054
milky,0,,151.0657,-59.5206,0.2454,0.5101,-0.8244,0.0000,0.0000,0.0000,10817.3306,0.0040,0.0043,0.0048
milky,0,,240.5178,-61.5496,-0.4147,0.6329,-0.6538,0.0000,0.0000,0.0000,11859.5396,0.0119,0.0126,0.0140
milky,0,,252.9038,-53.2140,-0.5724,0.5958,-0.5634,0.0000,0.0000,0.0000,10979.3486,0.0098,0.0104,0.0115
milky,0,,149.1183,-58.2300,0.2702,0.4960,-0.8252,0.0000,0.0000,0.0000,15109.4336,0.0034,0.0036,0.0040
milky,0,,45.8878,62.2604,0.3342,-0.5918,0.7336,0.0000,0.0000,0.0000,9826.0506,0.0049,0.0052,0.0058
milky,0,,271.2968,1.0911,-0.9996,-0.0047,0.0292,0.0000,0.0000,0.0000,15117.5227,0.0084,0.0089,0.0099
milky,0,,321.1034,53.0115,-0.3778,-0.4435,0.8128,0.0000,0.0000,0.0000,11211.3528,0.0015,0.0016,0.0018
milky,0,,254.1303,-39.5824,-0.7413,0.4376,-0.5088,0.0000,0.0000,0.0000,12571.8377,0.0047,0.0050,0.0055
milky,0,,218.1284,-61.2529,-0.2969,0.5567,-0.7758,0.0000,0.0000,0.0000,9796.3510,0.0080,0.0084,0.0094
milky,0,,113.5057,-11.8970,0.8973,-0.0243,-0.4407,0.0000,0.0000,0.0000,12306.5035,0.0048,0.0051,0.0056
milky,0,,283.4072,-14.7844,-0.9405,0.3342,0.0607,0.0000,0.0000,0.0000,15135.0078,0.0049,0.0052,0.0058
milky,0,,280.1402,13.6988,-0.9564,-0.1149,0.2686,0.0000,0.0000,0.0000,12131.9267,0.0105,0.0111,0.0124
milky,0,,260.5597,-21.3046,-0.9190,0.2327,-0.3181,0.0000,0.0000,0.0000,12128.7085,0.0091,0.0097,0.0108
milky,0,,4.3192,63.6066,0.0335,-0.5395,0.8413,0.0000,0.0000,0.0000,9365.6069,0.0043,0.0046,0.0051
milky,0,,203.0119,-50.4446,-0.2489,0.3590,-0.8995,0.0000,0.0000,0.0000,11263.7391,0.0061,0.0065,0.0072
milky,0,,122.2123,-40.1710,0.6465,0.3431,-0.6814,0.0000,0.0000,0.0000,9637.9754,0.0045,0.0048,0.0053
milky,0,,83.9597,33.9273,0.8251,-0.4335,0.3623,0.0000,0.0000,0.0000,14909.3913,0.0028,0.0030,0.0033
milky,0,,157.2265,-53.5700,0.2299,0.4077,-0.8837,0.0000,0.0000,0.0000,15823.2909,0.0039,0.0041,0.0045
milky,0,,175.3952,-66.7214,0.0317,0.5845,-0.8108,0.0000,0.0000,0.0000,12696.9996,0.0067,0.0071,0.0079
milky,0,,78.8085,43.2030,0.7151,-0.5139,0.4739,0.0000,0.0000,0.0000,9789.0130,0.0020,0.0021,0.0023
milky,0,,282.1294,-2.8297,-0.9765,0.1504,0.1545,0.0000,0.0000,0.0000,14741.8632,0.0028,0.0029,0.0033
milky,0,,350.3855,59.3921,-0.0850,-0.4792,0.8736,0.0000,0.0000,0.0000,10452.2893,0.0049,0.0052,0.0057
milky,0,,116.5836,-14.2382,0.8668,-0.0126,-0.4985,0.0000,0.0000,0.0000,12712.3329,0.0041,0.0043,0.0048
milky,0,,105.6191,-12.6154,0.9398,0.0519,-0.3377,0.0000,0.0000,0.0000,14709.2419,0.0054,0.0057,0.0064
milky,0,,299.0543,34.1675,-0.7233,-0.2744,0.6337,0.0000,0.0000,0.0000,12951.3517,0.0062,0.0065,0.0073
milky,0,,93.9626,4.7827,0.9941,-0.1069,-0.0161,0.0000,0.0000,0.0000,13947.0481,0.0028,0.0029,0.0033
milky,0,,279.3680,1.6708,-0.9862,0.0588,0.1545,0.0000,0.0000,0.0000,14556.4495,0.0106,0.0112,0.0124
milky,0,,122.6664,-36.7291,0.6747,0.2898,-0.6788,0.0000,0.0000,0.0000,13233.3305,0.0048,0.0051,0.0056
milky,0,,101.7654,-3.5333,0.9771,-0.0520,-0.2062,0.0000,0.0000,0.0000,10597.3899,0.0056,0.0060,0.0066
milky,0,,93.9149,10.9443,0.9795,-0.1973,0.0403,0.0000,0.0000,0.0000,9603.7014,0.0021,0.0022,0.0024
milky,0,,291.3371,10.2054,-0.9167,0.0326,0.3982,0.0000,0.0000,0.0000,10214.3642,0.0097,0.0102,0.0114
milky,0,,342.4705,58.8485,-0.1558,-0.4795,0.8636,0.0000,0.0000,0.0000,12994.2000,0.0045,0.0047,0.0052
milky,0,,121.2709,-32.8566,0.7180,0.2405,-0.6532,0.0000,0.0000,0.0000,15921.2103,0.0047,0.0050,0.0055
milky,0,,93.9057,19.2504,0.9419,-0.3157,0.1147,0.0000,0.0000,0.0000,12025.7503,0.0027,0.0029,0.0032
milky,0,,295.3129,42.8387,-0.6629,-0.4213,0.6189,0.0000,0.0000,0.0000,11479.1839,0.0055,0.0058,0.0065
milky,0,,270.8632,-38.4181,-0.7834,0.5387,-0.3099,0.0000,0.0000,0.0000,13535.1868,0.0065,0.0069,0.0077
milky,0,,269.3441,-12.0821,-0.9778,0.1737,-0.1174,0.0000,0.0000,0.0000,11289.0416,0.0052,0.0055,0.0061
milky,0,,312.1581,41.6845,-0.5536,-0.3119,0.7722,0.0000,0.0000,0.0000,14299.1299,0.0037,0.0039,0.0043
milky,0,,155.1318,-62.0075,0.1974,0.5376,-0.8198,0.0000,0.0000,0.0000,13160.9221,0.0052,0.0055,0.0061
milky,0,,139.6712,-52.9619,0.3898,0.4477,-0.8047,0.0000,0.0000,0.0000,13233.5288,0.0015,0.0016,0.0018
milky,0,,287.2259,-6.9942,-0.9480,0.2558,0.1892,0.0000,0.0000,0.0000,14968.1169,0.0084,0.0089,0.0099
milky,0,,108.5481,-12.6516,0.9250,0.0279,-0.3789,0.0000,0.0000,0.0000,15570.2433,0.0051,0.0054,0.0060
milky,0,,277.5017,3.8044,-0.9893,0.0102,0.1458,0.0000,0.0000,0.0000,9950.9084,0.0110,0.0116,0.0129
milky,0,,297.8674,33.0645,-0.7409,-0.2659,0.6168,0.0000,0.0000,0.0000,11106.5880,0.0061,0.0065,0.0072
milky,0,,255.0223,-35.8070,-0.7834,0.3935,-0.4810,0.0000,0.0000,0.0000,13721.4201,0.0049,0.0052,0.0058
milky,0,,252.8063,-44.8219,-0.6776,0.4962,-0.5428,0.0000,0.0000,0.0000,11922.7658,0.0061,0.0064,0.0071
milky,0,,92.9756,6.9848,0.9912,-0.1308,0.0185,0.0000,0.0000,0.0000,10270.6335,0.0023,0.0025,0.0027
milky,0,,156.2932,-48.6687,0.2655,0.3322,-0.9051,0.0000,0.0000,0.0000,15774.7556,0.0027,0.0029,0.0032
milky,0,,95.3077,16.8149,0.9531,-0.2936,0.0731,0.0000,0.0000,0.0000,9791.2929,0.0023,0.0024,0.0027
milky,0,,106.2452,-6.7157,0.9535,-0.0429,-0.2984,0.0000,0.0000,0.0000,10731.0985,0.0060,0.0063,0.0070
milky,0,,50.2008,53.3032,0.4591,-0.4903,0.7408,0.0000,0.0000,0.0000,14329.4756,0.0059,0.0062,0.0069
milky,0,,287.0345,3.1602,-0.9547,0.1034,0.2791,0.0000,0.0000,0.0000,12533.0827,0.0035,0.0037,0.0042
milky,0,,276.7702,-3.3184,-0.9914,0.1102,0.0711,0.0000,0.0000,0.0000,13323.3277,0.0076,0.0080,0.0089
milky,0,,323.2910,46.6577,-0.4103,-0.3400,0.8462,0.0000,0.0000,0.0000,10315.1765,0.0014,0.0015,0.0017
milky,0,,266.5999,-41.3788,-0.7490,0.5437,-0.3786,0.0000,0.0000,0.0000,11202.7811,0.0050,0.0053,0.0059
milky,0,,286.8299,-8.0635,-0.9477,0.2679,0.1735,0.0000,0.0000,0.0000,11792.1409,0.0078,0.0082,0.0091
milky,0,,263.3158,-39.7520,-0.7636,0.5020,-0.4061,0.0000,0.0000,0.0000,14003.1792,0.0050,0.0053,0.0059
milky,0,,171.6034,-66.0259,0.0593,0.5762,-0.8152,0.0000,0.0000,0.0000,11107.0063,0.0068,0.0072,0.0080
milky,0,,216.7095,-50.9258,-0.3768,0.4052,-0.8330,0.0000,0.0000,0.0000,12368.5358,0.0095,0.0100,0.0111
milky,0,,251.1819,-30.0938,-0.8190,0.2861,-0.4975,0.0000,0.0000,0.0000,11545.6826,0.0056,0.0060,0.0066
milky,0,,278.4013,1.0230,-0.9891,0.0599,0.1344,0.0000,0.0000,0.0000,11314.5897,0.0101,0.0107,0.0119
milky,0,,254.8886,-41.7230,-0.7206,0.4703,-0.5096,0.0000,0.0000,0.0000,14400.0958,0.0049,0.0052,0.0057
milky,0,,208.7808,-56.4556,-0.2660,0.4650,-0.8444,0.0000,0.0000,0.0000,14431.1318,0.0067,0.0071,0.0079
milky,0,,306.6351,39.1547,-0.6223,-0.3029,0.7218,0.0000,0.0000,0.0000,14200.4750,0.0052,0.0055,0.0061
milky,0,,275.5132,-18.5345,-0.9437,0.3194,-0.0856,0.0000,0.0000,0.0000,9325.9993,0.0018,0.0019,0.0021
milky,0,,275.7037,-29.5693,-0.8655,0.4675,-0.1801,0.0000,0.0000,0.0000,14063.5126,0.0092,0.0097,0.0108
milky,0,,155.8742,-61.5376,0.1948,0.5295,-0.8256,0.0000,0.0000,0.0000,9703.1819,0.0052,0.0055,0.0061
milky,0,,74.9332,41.9321,0.7184,-0.4732,0.5099,0.0000,0.0000,0.0000,11573.4004,0.0021,0.0022,0.0024
milky,0,,232.7621,-50.9638,-0.5014,0.4695,-0.7267,0.0000,0.0000,0.0000,12998.9066,0.0123,0.0130,0.0144
milky,0,,177.7858,-64.0629,0.0169,0.5457,-0.8378,0.0000,0.0000,0.0000,15860.9352,0.0067,0.0071,0.0079
milky,0,,334.9299,63.6968,-0.1878,-0.5617,0.8058,0.0000,0.0000,0.0000,14741.0858,0.0043,0.0046,0.0051
milky,0,,117.6371,-36.7082,0.7102,0.3208,-0.6266,0.0000,0.0000,0.0000,14502.8059,0.0048,0.0051,0.0056
milky,0,,242.0385,-42.8285,-0.6478,0.4056,-0.6449,0.0000,0.0000,0.0000,9756.3852,0.0083,0.0087,0.0097
milky,0,,260.9130,-24.7717,-0.8966,0.2853,-0.3387,0.0000,0.0000,0.0000,9224.1665,0.0090,0.0096,0.0106
milky,0,,277.6535,-9.6825,-0.9770,0.2118,0.0259,0.0000,0.0000,0.0000,11611.1760,0.0016,0.0017,0.0019
milky,0,,54.4036,54.7900,0.4688,-0.5275,0.7085,0.0000,0.0000,0.0000,15643.5872,0.0059,0.0062,0.0069
milky,0,,276.2450,-3.1289,-0.9926,0.1027,0.0650,0.0000,0.0000,0.0000,13874.5965,0.0075,0.0080,0.0089
milky,0,,311.2698,38.7985,-0.5858,-0.2723,0.7634,0.0000,0.0000,0.0000,12600.2850,0.0046,0.0049,0.0054
milky,0,,168.3304,-67.1630,0.0785,0.5942,-0.8005,0.0000,0.0000,0.0000,14529.9459,0.0067,0.0071,0.0079
milky,0,,228.8899,-58.6364,-0.3921,0.5557,-0.7331,0.0000,0.0000,0.0000,14976.9559,0.0108,0.0115,0.0128
milky,0,,315.9098,50.1658,-0.4457,-0.4213,0.7899,0.0000,0.0000,0.0000,15422.7931,0.0015,0.0016,0.0018
milky,0,,211.6330,-60.5974,-0.2575,0.5315,-0.8070,0.0000,0.0000,0.0000,10901.9658,0.0068,0.0072,0.0080
milky,0,,69.1014,47.1193,0.6357,-0.5031,0.5855,0.0000,0.0000,0.0000,10312.8911,0.0035,0.0037,0.0041
milky,0,,261.6720,-36.9227,-0.7910,0.4553,-0.4087,0.0000,0.0000,0.0000,10615.3853,0.0055,0.0059,0.0065
milky,0,,243.3166,-52.4867,-0.5441,0.5391,-0.6429,0.0000,0.0000,0.0000,15603.0447,0.0114,0.0121,0.0135
milky,0,,269.5382,-14.0499,-0.9701,0.2041,-0.1317,0.0000,0.0000,0.0000,12189.0053,0.0057,0.0060,0.0067
milky,0,,253.2777,-32.6451,-0.8064,0.3376,-0.4855,0.0000,0.0000,0.0000,12078.0063,0.0053,0.0056,0.0063
milky,0,,281.5434,-20.1280,-0.9199,0.3917,-0.0162,0.0000,0.0000,0.0000,14180.1699,0.0057,0.0060,0.0067
milky,0,,167.6326,-60.6219,0.1051,0.5001,-0.8595,0.0000,0.0000,0.0000,11865.8342,0.0064,0.0068,0.0076
milky,0,,3.6896,58.6521,0.0335,-0.4647,0.8849,0.0000,0.0000,0.0000,11527.3450,0.0045,0.0047,0.0052
milky,0,,270.6749,-8.2414,-0.9896,0.1289,-0.0638,0.0000,0.0000,0.0000,12678.7784,0.0049,0.0052,0.0058
milky,0,,77.3175,39.8347,0.7492,-0.4622,0.4744,0.0000,0.0000,0.0000,15997.7936,0.0019,0.0020,0.0023
milky,0,,295.8159,25.9480,-0.8095,-0.1734,0.5610,0.0000,0.0000,0.0000,13004.7102,0.0053,0.0056,0.0063
milky,0,,224.9651,-49.0464,-0.4632,0.4085,-0.7865,0.0000,0.0000,0.0000,11118.6108,0.0118,0.0125,0.0139
milky,0,,173.4623,-63.6421,0.0505,0.5409,-0.8396,0.0000,0.0000,0.0000,13863.1196,0.0068,0.0072,0.0080
milky,0,,214.1423,-64.0656,-0.2455,0.5844,-0.7734,0.0000,0.0000,0.0000,9816.2991,0.0069,0.0073,0.0081
milky,0,,129.3720,-42.6970,0.5681,0.3411,-0.7489,0.0000,0.0000,0.0000,9337.2615,0.0034,0.0036,0.0040
milky,0,,309.6364,46.3438,-0.5316,-0.3933,0.7501,0.0000,0.0000,0.0000,13278.0184,0.0028,0.0030,0.0033
milky,0,,89.1514,19.8160,0.9407,-0.2834,0.1865,0.0000,0.0000,0.0000,10740.0092,0.0031,0.0033,0.0037
milky,0,,270.0132,-36.6041,-0.8028,0.5112,-0.3069,0.0000,0.0000,0.0000,14847.2937,0.0071,0.0075,0.0083
milky,0,,276.3906,-45.8008,-0.6928,0.6545,-0.3027,0.0000,0.0000,0.0000,14345.7990,0.0049,0.0052,0.0057
milky,0,,257.8752,-41.9918,-0.7267,0.4931,-0.4784,0.0000,0.0000,0.0000,15966.6386,0.0047,0.0050,0.0055
milky,0,,290.4814,12.9992,-0.9128,-0.0172,0.4081,0.0000,0.0000,0.0000,9368.5839,0.0026,0.0027,0.0031
milky,0,,261.7874,-19.4442,-0.9333,0.2160,-0.2869,0.0000,0.0000,0.0000,13969.6765,0.0088,0.0093,0.0104
milky,0,,283.2942,-8.9168,-0.9614,0.2499,0.1149,0.0000,0.0000,0.0000,11283.1702,0.0065,0.0069,0.0077
milky,0,,290.6303,20.7923,-0.8749,-0.1346,0.4652,0.0000,0.0000,0.0000,9030.6182,0.0058,0.0062,0.0069
milky,0,,211.2642,-54.6214,-0.3005,0.4440,-0.8441,0.0000,0.0000,0.0000,10705.9579,0.0074,0.0078,0.0087
milky,0,,296.2916,33.5578,-0.7471,-0.2837,0.6011,0.0000,0.0000,0.0000,14839.2690,0.0061,0.0064,0.0072
milky,0,,297.8581,20.9588,-0.8256,-0.0819,0.5583,0.0000,0.0000,0.0000,14740.5807,0.0053,0.0056,0.0062
milky,0,,293.8053,19.2396,-0.8638,-0.0862,0.4964,0.0000,0.0000,0.0000,14918.0750,0.0017,0.0018,0.0021
milky,0,,282.9370,9.2277,-0.9620,-0.0236,0.2720,0.0000,0.0000,0.0000,10029.3047,0.0114,0.0121,0.0135
milky,0,,81.9833,35.2465,0.8087,-0.4360,0.3949,0.0000,0.0000,0.0000,15135.8991,0.0025,0.0026,0.0029
milky,0,,278.1909,3.4480,-0.9880,0.0217,0.1529,0.0000,0.0000,0.0000,14567.7486,0.0110,0.0116,0.0129
milky,0,,288.7798,-14.1881,-0.9179,0.3708,0.1413,0.0000,0.0000,0.0000,14153.1968,0.0055,0.0059,0.0065
milky,0,,285.7580,6.9215,-0.9554,0.0356,0.2932,0.0000,0.0000,0.0000,15169.7719,0.0035,0.0037,0.0041
milky,0,,183.0860,-56.6203,-0.0296,0.4328,-0.9010,0.0000,0.0000,0.0000,9002.0082,0.0066,0.0070,0.0078
milky,0,,294.9176,14.9597,-0.8762,-0.0116,0.4818,0.0000,0.0000,0.0000,14718.0989,0.0069,0.0073,0.0081
milky,0,,270.1720,-14.9886,-0.9660,0.2232,-0.1307,0.0000,0.0000,0.0000,14370.9136,0.0058,0.0062,0.0069
milky,0,,79.0182,43.1960,0.7157,-0.5152,0.4716,0.0000,0.0000,0.0000,14443.2892,0.0020,0.0021,0.0023
milky,0,,240.1330,-45.1421,-0.6117,0.4267,-0.6662,0.0000,0.0000,0.0000,12305.2121,0.0098,0.0104,0.0115
milky,0,,287.4231,2.6009,-0.9531,0.1152,0.2798,0.0000,0.0000,0.0000,13833.2536,0.0118,0.0125,0.0139
milky,0,,262.0640,-37.3018,-0.7878,0.4629,-0.4063,0.0000,0.0000,0.0000,14032.5496,0.0055,0.0058,0.0065
milky,0,,284.4602,2.5278,-0.9674,0.0907,0.2365,0.0000,0.0000,0.0000,12936.8071,0.0035,0.0037,0.0041
milky,0,,87.4651,25.2106,0.9039,-0.3445,0.2537,0.0000,0.0000,0.0000,15793.0814,0.0037,0.0039,0.0043
milky,0,,234.7406,-56.0569,-0.4559,0.5451,-0.7036,0.0000,0.0000,0.0000,14221.8162,0.0121,0.0128,0.0142
milky,0,,304.2340,25.5568,-0.7459,-0.1084,0.6572,0.0000,0.0000,0.0000,11655.5146,0.0057,0.0061,0.0068
milky,0,,280.9070,-1.5946,-0.9816,0.1213,0.1478,0.0000,0.0000,0.0000,9647.7559,0.0029,0.0030,0.0034
milky,0,,206.1318,-61.5514,-0.2098,0.5334,-0.8194,0.0000,0.0000,0.0000,13665.1626,0.0061,0.0064,0.0072
milky,0,,104.3259,-15.0090,0.9359,0.0989,-0.3382,0.0000,0.0000,0.0000,13353.3516,0.0051,0.0054,0.0060
milky,0,,296.2624,24.8825,-0.8135,-0.1539,0.5608,0.0000,0.0000,0.0000,14332.0223,0.0053,0.0056,0.0062
milky,0,,99.1920,9.9878,0.9722,-0.2297,-0.0455,0.0000,0.0000,0.0000,15372.3564,0.0024,0.0025,0.0028
milky,0,,44.9235,53.8135,0.4169,-0.4765,0.7740,0.0000,0.0000,0.0000,10282.8827,0.0056,0.0059,0.0066
milky,0,,223.8077,-62.0640,-0.3243,0.5832,-0.7448,0.0000,0.0000,0.0000,14343.4225,0.0090,0.0095,0.0106
milky,0,,240.5967,-51.0994,-0.5471,0.5083,-0.6651,0.0000,0.0000,0.0000,15904.0579,0.0116,0.0122,0.0136
milky,0,,286.4586,0.8363,-0.9589,0.1334,0.2503,0.0000,0.0000,0.0000,14518.8686,0.0114,0.0121,0.0135
milky,0,,273.9810,-2.1208,-0.9969,0.0675,0.0404,0.0000,0.0000,0.0000,12073.8388,0.0075,0.0079,0.0088
milky,0,,274.3629,-16.0608,-0.9582,0.2748,-0.0798,0.0000,0.0000,0.0000,10365.2129,0.0017,0.0017,0.0019
milky,0,,100.5506,6.9032,0.9760,-0.1966,-0.0939,0.0000,0.0000,0.0000,9982.2252,0.0030,0.0032,0.0036
milky,0,,294.2243,24.0636,-0.8327,-0.1566,0.5311,0.0000,0.0000,0.0000,13884.8202,0.0016,0.0017,0.0019
milky,0,,276.2387,-39.9626,-0.7619,0.5934,-0.2594,0.0000,0.0000,0.0000,12674.7522,0.0068,0.0072,0.0080
milky,0,,99.6671,5.2766,0.9816,-0.1649,-0.0960,0.0000,0.0000,0.0000,9096.0136,0.0033,0.0035,0.0039
milky,0,,341.5696,60.7760,-0.1544,-0.5095,0.8465,0.0000,0.0000,0.0000,13292.6489,0.0045,0.0048,0.0053
milky,0,,310.3459,37.8305,-0.6020,-0.2624,0.7542,0.0000,0.0000,0.0000,10542.1929,0.0050,0.0053,0.0059
milky,0,,89.7989,8.1001,0.9900,-0.1190,0.0755,0.0000,0.0000,0.0000,13560.6187,0.0021,0.0022,0.0025
milky,0,,111.2137,-11.7941,0.9126,-0.0072,-0.4089,0.0000,0.0000,0.0000,10624.3959,0.0050,0.0053,0.0059
milky,0,,247.2171,-54.9134,-0.5300,0.5868,-0.6122,0.0000,0.0000,0.0000,15029.9136,0.0115,0.0122,0.0135
milky,0,,330.5687,63.8651,-0.2164,-0.5719,0.7912,0.0000,0.0000,0.0000,14227.3442,0.0040,0.0042,0.0047
milky,0,,284.6429,2.7770,-0.9664,0.0885,0.2414,0.0000,0.0000,0.0000,13445.6989,0.0035,0.0037,0.0041
milky,0,,75.7674,29.1237,0.8468,-0.3066,0.4348,0.0000,0.0000,0.0000,10909.2451,0.0028,0.0030,0.0033
milky,0,,271.8807,-15.0465,-0.9652,0.2388,-0.1065,0.0000,0.0000,0.0000,15368.1219,0.0056,0.0059,0.0066
milky,0,,147.7215,-55.6315,0.3015,0.4617,-0.8342,0.0000,0.0000,0.0000,13837.3733,0.0027,0.0028,0.0031
milky,0,,311.1452,44.1487,-0.5403,-0.3539,0.7634,0.0000,0.0000,0.0000,10544.7276,0.0032,0.0034,0.0037
milky,0,,285.3688,11.9305,-0.9434,-0.0436,0.3287,0.0000,0.0000,0.0000,9989.5507,0.0102,0.0108,0.0120
milky,0,,194.9712,-60.8662,-0.1258,0.5065,-0.8530,0.0000,0.0000,0.0000,14763.6184,0.0059,0.0062,0.0069
milky,0,,280.7975,-23.0489,-0.9039,0.4244,-0.0539,0.0000,0.0000,0.0000,11944.8296,0.0068,0.0072,0.0080
milky,0,,357.6745,66.8246,-0.0160,-0.5855,0.8105,0.0000,0.0000,0.0000,13487.9029,0.0046,0.0049,0.0054
milky,0,,73.1464,45.9500,0.6654,-0.5123,0.5430,0.0000,0.0000,0.0000,14858.6636,0.0027,0.0029,0.0032
milky,0,,276.5190,-12.9779,-0.9682,0.2495,-0.0208,0.0000,0.0000,0.0000,14540.6168,0.0015,0.0015,0.0017
milky,0,,135.7404,-49.6040,0.4523,0.4138,-0.7901,0.0000,0.0000,0.0000,13664.5730,0.0016,0.0017,0.0019
milky,0,,123.8495,-36.5151,0.6675,0.2795,-0.6902,0.0000,0.0000,0.0000,13912.4314,0.0048,0.0050,0.0056
milky,0,,325.4803,56.6001,-0.3120,-0.4820,0.8188,0.0000,0.0000,0.0000,12865.9064,0.0023,0.0024,0.0027
milky,0,,77.3075,46.9003,0.6666,-0.5486,0.5047,0.0000,0.0000,0.0000,12526.6353,0.0025,0.0027,0.0030
milky,0,,310.9922,43.8265,-0.5445,-0.3498,0.7623,0.0000,0.0000,0.0000,12680.1365,0.0033,0.0035,0.0039
milky,0,,276.7136,-28.9403,-0.8691,0.4675,-0.1615,0.0000,0.0000,0.0000,15193.2332,0.0091,0.0096,0.0107
milky,0,,36.3675,59.2759,0.3029,-0.5250,0.7954,0.0000,0.0000,0.0000,12778.4866,0.0043,0.0046,0.0051
milky,0,,264.8296,-15.6856,-0.9588,0.1871,-0.2136,0.0000,0.0000,0.0000,15170.2956,0.0071,0.0075,0.0084
milky,0,,256.1485,-51.5655,-0.6035,0.5948,-0.5310,0.0000,0.0000,0.0000,10785.1912,0.0083,0.0088,0.0097
milky,0,,292.2813,20.4746,-0.8669,-0.1169,0.4846,0.0000,0.0000,0.0000,10205.6774,0.0017,0.0018,0.0020
milky,0,,165.2082,-56.5805,0.1406,0.4412,-0.8863,0.0000,0.0000,0.0000,15220.8819,0.0058,0.0061,0.0068
milky,0,,141.1646,-60.6375,0.3075,0.5503,-0.7763,0.0000,0.0000,0.0000,12364.4612,0.0029,0.0031,0.0034
milky,0,,68.9485,44.2613,0.6684,-0.4658,0.5800,0.0000,0.0000,0.0000,11922.0877,0.0029,0.0031,0.0034
milky,0,,241.0908,-36.7210,-0.7017,0.3129,-0.6401,0.0000,0.0000,0.0000,9814.4462,0.0062,0.0066,0.0073
milky,0,,278.3269,-9.9674,-0.9745,0.2218,0.0331,0.0000,0.0000,0.0000,14790.4693,0.0016,0.0017,0.0019
milky,0,,287.3888,-11.9285,-0.9337,0.3278,0.1442,0.0000,0.0000,0.0000,12073.8213,0.0061,0.0065,0.0072
milky,0,,12.6967,61.0362,0.1064,-0.5066,0.8556,0.0000,0.0000,0.0000,15895.8344,0.0038,0.0040,0.0045
milky,0,,292.5817,23.2699,-0.8482,-0.1569,0.5058,0.0000,0.0000,0.0000,12312.2071,0.0016,0.0017,0.0019
milky,0,,279.4748,12.6158,-0.9625,-0.1045,0.2502,0.0000,0.0000,0.0000,10040.6713,0.0110,0.0116,0.0129
milky,0,,293.3352,11.2024,-0.9007,0.0336,0.4331,0.0000,0.0000,0.0000,14758.6200,0.0088,0.0093,0.0103
milky,0,,111.4601,-4.6488,0.9276,-0.1183,-0.3543,0.0000,0.0000,0.0000,10272.5011,0.0060,0.0063,0.0070
milky,0,,282.7154,-22.1530,-0.9035,0.4282,-0.0195,0.0000,0.0000,0.0000,15240.7530,0.0061,0.0065,0.0072
milky,0,,89.1924,20.0365,0.9394,-0.2869,0.1878,0.0000,0.0000,0.0000,11682.3684,0.0032,0.0033,0.0037
milky,0,,255.7102,-48.4964,-0.6422,0.5577,-0.5259,0.0000,0.0000,0.0000,15421.1128,0.0069,0.0073,0.0081
milky,0,,251.1339,-52.9782,-0.5698,0.5841,-0.5781,0.0000,0.0000,0.0000,9821.4671,0.0101,0.0107,0.0119
milky,0,,284.8164,13.0017,-0.9420,-0.0645,0.3295,0.0000,0.0000,0.0000,12750.9582,0.0099,0.0105,0.0116
milky,0,,169.9854,-55.6258,0.0982,0.4211,-0.9017,0.0000,0.0000,0.0000,10599.4203,0.0063,0.0067,0.0074
milky,0,,221.9325,-60.9842,-0.3241,0.5637,-0.7597,0.0000,0.0000,0.0000,11763.7564,0.0088,0.0093,0.0104
milky,0,,163.0665,-56.1551,0.1622,0.4375,-0.8845,0.0000,0.0000,0.0000,9717.6548,0.0054,0.0057,0.0064
milky,0,,126.9546,-50.7811,0.5053,0.4683,-0.7248,0.0000,0.0000,0.0000,14358.7628,0.0020,0.0021,0.0024
milky,0,,263.5789,-14.7290,-0.9611,0.1622,-0.2237,0.0000,0.0000,0.0000,13394.3854,0.0070,0.0075,0.0083
milky,0,,310.9996,55.9532,-0.4225,-0.5211,0.7416,0.0000,0.0000,0.0000,12306.5088,0.0014,0.0015,0.0016
milky,0,,359.0577,61.2040,-0.0079,-0.5031,0.8642,0.0000,0.0000,0.0000,14760.0885,0.0047,0.0050,0.0055
milky,0,,278.7663,-17.6061,-0.9420,0.3341,-0.0313,0.0000,0.0000,0.0000,13506.6801,0.0053,0.0056,0.0063
milky,0,,83.3261,35.9613,0.8039,-0.4549,0.3831,0.0000,0.0000,0.0000,11363.5263,0.0025,0.0026,0.0029
milky,0,,291.4396,22.8459,-0.8578,-0.1593,0.4887,0.0000,0.0000,0.0000,14560.7694,0.0054,0.0057,0.0064
milky,0,,270.6844,-9.8462,-0.9852,0.1526,-0.0780,0.0000,0.0000,0.0000,9048.9749,0.0049,0.0051,0.0057
milky,0,,109.6902,-11.4025,0.9229,-0.0006,-0.3849,0.0000,0.0000,0.0000,9343.9285,0.0053,0.0056,0.0062
milky,0,,58.2975,52.0036,0.5238,-0.5089,0.6832,0.0000,0.0000,0.0000,9269.2963,0.0056,0.0059,0.0066
milky,0,,276.8573,-31.1796,-0.8494,0.4964,-0.1791,0.0000,0.0000,0.0000,14632.3495,0.0092,0.0097,0.0108
milky,0,,265.8978,-31.5464,-0.8500,0.4171,-0.3217,0.0000,0.0000,0.0000,9974.4512,0.0082,0.0086,0.0096
milky,0,,281.8805,-32.5369,-0.8250,0.5504,-0.1282,0.0000,0.0000,0.0000,9143.7652,0.0092,0.0097,0.0108
milky,0,,30.8485,64.7161,0.2190,-0.5862,0.7800,0.0000,0.0000,0.0000,10588.2765,0.0037,0.0039,0.0043
milky,0,,297.4249,44.8843,-0.6289,-0.4368,0.6432,0.0000,0.0000,0.0000,14339.4633,0.0048,0.0051,0.0057
milky,0,,257.1356,-29.9413,-0.8448,0.3285,-0.4224,0.0000,0.0000,0.0000,12220.6868,0.0070,0.0074,0.0082
milky,0,,354.5421,58.8879,-0.0491,-0.4689,0.8819,0.0000,0.0000,0.0000,11435.7877,0.0049,0.0052,0.0057
milky,0,,117.7230,-25.9025,0.7963,0.1589,-0.5837,0.0000,0.0000,0.0000,10349.2983,0.0037,0.0039,0.0044
milky,0,,285.5496,3.2749,-0.9618,0.0889,0.2588,0.0000,0.0000,0.0000,14358.0285,0.0035,0.0037,0.0041
milky,0,,357.0077,63.5177,-0.0233,-0.5379,0.8427,0.0000,0.0000,0.0000,10339.5187,0.0047,0.0050,0.0056
milky,0,,311.6791,48.8831,-0.4911,-0.4206,0.7628,0.0000,0.0000,0.0000,11190.2131,0.0020,0.0021,0.0024
milky,0,,54.7039,62.7447,0.3738,-0.6257,0.6847,0.0000,0.0000,0.0000,15510.2430,0.0055,0.0058,0.0065
milky,0,,258.9670,-29.6023,-0.8534,0.3377,-0.3970,0.0000,0.0000,0.0000,14207.1309,0.0075,0.0080,0.0088
milky,0,,209.5261,-58.2704,-0.2592,0.4934,-0.8303,0.0000,0.0000,0.0000,14919.1177,0.0067,0.0071,0.0079
milky,0,,174.3269,-57.5300,0.0531,0.4480,-0.8924,0.0000,0.0000,0.0000,15406.2324,0.0067,0.0071,0.0079
milky,0,,351.1696,64.7246,-0.0655,-0.5578,0.8274,0.0000,0.0000,0.0000,14711.1112,0.0049,0.0052,0.0057
milky,0,,285.9835,-41.2709,-0.7225,0.6720,-0.1623,0.0000,0.0000,0.0000,13191.4920,0.0075,0.0079,0.0088
